file,seed,kind,label,cycle,speed_m_s,distance_to_first_turn_m,K,realization,rng_seed,n_safe,hit,solve_ms,best_feasible_cost,delta_j_safe,delta_j_safe_over_lambda,ess_safe,best_stop_clearance_m,best_collision_clearance_m,best_first_raw_control,best_first_conditioned_control
seed17_failure_first_occurrence_cycle77.npz,17,failure,first_occurrence,77,8.514259600019262,13.804748379625948,80,0,7001600,0,False,53.34658299398143,,,,0.0,,,,
seed17_failure_first_occurrence_cycle77.npz,17,failure,first_occurrence,77,8.514259600019262,13.804748379625948,80,1,7001601,0,False,50.13837499427609,,,,0.0,,,,
seed17_failure_first_occurrence_cycle77.npz,17,failure,first_occurrence,77,8.514259600019262,13.804748379625948,80,2,7001602,0,False,47.76112500985619,,,,0.0,,,,
seed17_failure_first_occurrence_cycle77.npz,17,failure,first_occurrence,77,8.514259600019262,13.804748379625948,80,3,7001603,0,False,47.23583400482312,,,,0.0,,,,
seed17_failure_first_occurrence_cycle77.npz,17,failure,first_occurrence,77,8.514259600019262,13.804748379625948,80,4,7001604,0,False,47.1091250074096,,,,0.0,,,,
seed17_failure_first_occurrence_cycle77.npz,17,failure,first_occurrence,77,8.514259600019262,13.804748379625948,80,5,7001605,0,False,45.396875008009374,,,,0.0,,,,
seed17_failure_first_occurrence_cycle77.npz,17,failure,first_occurrence,77,8.514259600019262,13.804748379625948,80,6,7001606,0,False,45.62833299860358,,,,0.0,,,,
seed17_failure_first_occurrence_cycle77.npz,17,failure,first_occurrence,77,8.514259600019262,13.804748379625948,80,7,7001607,0,False,44.87616600818001,,,,0.0,,,,
seed17_failure_first_occurrence_cycle77.npz,17,failure,first_occurrence,77,8.514259600019262,13.804748379625948,80,8,7001608,0,False,45.4371249943506,,,,0.0,,,,
seed17_failure_first_occurrence_cycle77.npz,17,failure,first_occurrence,77,8.514259600019262,13.804748379625948,80,9,7001609,0,False,45.69616699882317,,,,0.0,,,,
seed17_failure_first_occurrence_cycle77.npz,17,failure,first_occurrence,77,8.514259600019262,13.804748379625948,80,10,7001610,0,False,45.342666999204084,,,,0.0,,,,
seed17_failure_first_occurrence_cycle77.npz,17,failure,first_occurrence,77,8.514259600019262,13.804748379625948,80,11,7001611,0,False,45.995207998203114,,,,0.0,,,,
seed17_failure_first_occurrence_cycle77.npz,17,failure,first_occurrence,77,8.514259600019262,13.804748379625948,80,12,7001612,0,False,48.65583300124854,,,,0.0,,,,
seed17_failure_first_occurrence_cycle77.npz,17,failure,first_occurrence,77,8.514259600019262,13.804748379625948,80,13,7001613,0,False,54.62466699827928,,,,0.0,,,,
seed17_failure_first_occurrence_cycle77.npz,17,failure,first_occurrence,77,8.514259600019262,13.804748379625948,80,14,7001614,0,False,56.383584000286646,,,,0.0,,,,
seed17_failure_first_occurrence_cycle77.npz,17,failure,first_occurrence,77,8.514259600019262,13.804748379625948,80,15,7001615,0,False,49.64524999377318,,,,0.0,,,,
seed17_failure_first_occurrence_cycle77.npz,17,failure,first_occurrence,77,8.514259600019262,13.804748379625948,80,16,7001616,0,False,48.84529199625831,,,,0.0,,,,
seed17_failure_first_occurrence_cycle77.npz,17,failure,first_occurrence,77,8.514259600019262,13.804748379625948,80,17,7001617,0,False,46.848083002259955,,,,0.0,,,,
seed17_failure_first_occurrence_cycle77.npz,17,failure,first_occurrence,77,8.514259600019262,13.804748379625948,80,18,7001618,0,False,47.29458299698308,,,,0.0,,,,
seed17_failure_first_occurrence_cycle77.npz,17,failure,first_occurrence,77,8.514259600019262,13.804748379625948,80,19,7001619,0,False,47.84341700724326,,,,0.0,,,,
seed17_failure_first_occurrence_cycle77.npz,17,failure,first_occurrence,77,8.514259600019262,13.804748379625948,160,0,7003200,0,False,95.35558300558478,,,,0.0,,,,
seed17_failure_first_occurrence_cycle77.npz,17,failure,first_occurrence,77,8.514259600019262,13.804748379625948,160,1,7003201,0,False,90.65995800483506,,,,0.0,,,,
seed17_failure_first_occurrence_cycle77.npz,17,failure,first_occurrence,77,8.514259600019262,13.804748379625948,160,2,7003202,0,False,89.93724999891128,,,,0.0,,,,
seed17_failure_first_occurrence_cycle77.npz,17,failure,first_occurrence,77,8.514259600019262,13.804748379625948,160,3,7003203,0,False,89.5392500096932,,,,0.0,,,,
seed17_failure_first_occurrence_cycle77.npz,17,failure,first_occurrence,77,8.514259600019262,13.804748379625948,160,4,7003204,0,False,89.71866700449027,,,,0.0,,,,
seed17_failure_first_occurrence_cycle77.npz,17,failure,first_occurrence,77,8.514259600019262,13.804748379625948,160,5,7003205,0,False,89.40358299878426,,,,0.0,,,,
seed17_failure_first_occurrence_cycle77.npz,17,failure,first_occurrence,77,8.514259600019262,13.804748379625948,160,6,7003206,0,False,89.86729099706281,,,,0.0,,,,
seed17_failure_first_occurrence_cycle77.npz,17,failure,first_occurrence,77,8.514259600019262,13.804748379625948,160,7,7003207,0,False,90.03183399909176,,,,0.0,,,,
seed17_failure_first_occurrence_cycle77.npz,17,failure,first_occurrence,77,8.514259600019262,13.804748379625948,160,8,7003208,0,False,90.15200000430923,,,,0.0,,,,
seed17_failure_first_occurrence_cycle77.npz,17,failure,first_occurrence,77,8.514259600019262,13.804748379625948,160,9,7003209,0,False,89.27916700486094,,,,0.0,,,,
seed17_failure_first_occurrence_cycle77.npz,17,failure,first_occurrence,77,8.514259600019262,13.804748379625948,160,10,7003210,0,False,90.42487500119023,,,,0.0,,,,
seed17_failure_first_occurrence_cycle77.npz,17,failure,first_occurrence,77,8.514259600019262,13.804748379625948,160,11,7003211,0,False,92.47437499288935,,,,0.0,,,,
seed17_failure_first_occurrence_cycle77.npz,17,failure,first_occurrence,77,8.514259600019262,13.804748379625948,160,12,7003212,0,False,109.95429199829232,,,,0.0,,,,
seed17_failure_first_occurrence_cycle77.npz,17,failure,first_occurrence,77,8.514259600019262,13.804748379625948,160,13,7003213,0,False,100.02129100030288,,,,0.0,,,,
seed17_failure_first_occurrence_cycle77.npz,17,failure,first_occurrence,77,8.514259600019262,13.804748379625948,160,14,7003214,0,False,96.00725000200327,,,,0.0,,,,
seed17_failure_first_occurrence_cycle77.npz,17,failure,first_occurrence,77,8.514259600019262,13.804748379625948,160,15,7003215,0,False,91.42774999781977,,,,0.0,,,,
seed17_failure_first_occurrence_cycle77.npz,17,failure,first_occurrence,77,8.514259600019262,13.804748379625948,160,16,7003216,0,False,122.23329099651892,,,,0.0,,,,
seed17_failure_first_occurrence_cycle77.npz,17,failure,first_occurrence,77,8.514259600019262,13.804748379625948,160,17,7003217,0,False,101.2515420006821,,,,0.0,,,,
seed17_failure_first_occurrence_cycle77.npz,17,failure,first_occurrence,77,8.514259600019262,13.804748379625948,160,18,7003218,0,False,99.44620801252313,,,,0.0,,,,
seed17_failure_first_occurrence_cycle77.npz,17,failure,first_occurrence,77,8.514259600019262,13.804748379625948,160,19,7003219,0,False,100.18424999725539,,,,0.0,,,,
seed17_failure_first_occurrence_cycle77.npz,17,failure,first_occurrence,77,8.514259600019262,13.804748379625948,320,0,7006400,0,False,176.30429098790046,,,,0.0,,,,
seed17_failure_first_occurrence_cycle77.npz,17,failure,first_occurrence,77,8.514259600019262,13.804748379625948,320,1,7006401,0,False,172.97162499744445,,,,0.0,,,,
seed17_failure_first_occurrence_cycle77.npz,17,failure,first_occurrence,77,8.514259600019262,13.804748379625948,320,2,7006402,0,False,175.10479199700058,,,,0.0,,,,
seed17_failure_first_occurrence_cycle77.npz,17,failure,first_occurrence,77,8.514259600019262,13.804748379625948,320,3,7006403,0,False,176.56016600085422,,,,0.0,,,,
seed17_failure_first_occurrence_cycle77.npz,17,failure,first_occurrence,77,8.514259600019262,13.804748379625948,320,4,7006404,0,False,225.31404199253302,,,,0.0,,,,
seed17_failure_first_occurrence_cycle77.npz,17,failure,first_occurrence,77,8.514259600019262,13.804748379625948,320,5,7006405,0,False,174.69454200181644,,,,0.0,,,,
seed17_failure_first_occurrence_cycle77.npz,17,failure,first_occurrence,77,8.514259600019262,13.804748379625948,320,6,7006406,0,False,177.95604199636728,,,,0.0,,,,
seed17_failure_first_occurrence_cycle77.npz,17,failure,first_occurrence,77,8.514259600019262,13.804748379625948,320,7,7006407,0,False,175.30129100487102,,,,0.0,,,,
seed17_failure_first_occurrence_cycle77.npz,17,failure,first_occurrence,77,8.514259600019262,13.804748379625948,320,8,7006408,0,False,174.45595900062472,,,,0.0,,,,
seed17_failure_first_occurrence_cycle77.npz,17,failure,first_occurrence,77,8.514259600019262,13.804748379625948,320,9,7006409,0,False,173.96554100560024,,,,0.0,,,,
seed17_failure_first_occurrence_cycle77.npz,17,failure,first_occurrence,77,8.514259600019262,13.804748379625948,320,10,7006410,0,False,181.89049999637064,,,,0.0,,,,
seed17_failure_first_occurrence_cycle77.npz,17,failure,first_occurrence,77,8.514259600019262,13.804748379625948,320,11,7006411,0,False,179.58683300821576,,,,0.0,,,,
seed17_failure_first_occurrence_cycle77.npz,17,failure,first_occurrence,77,8.514259600019262,13.804748379625948,320,12,7006412,0,False,175.90441700303927,,,,0.0,,,,
seed17_failure_first_occurrence_cycle77.npz,17,failure,first_occurrence,77,8.514259600019262,13.804748379625948,320,13,7006413,0,False,176.03724999935366,,,,0.0,,,,
seed17_failure_first_occurrence_cycle77.npz,17,failure,first_occurrence,77,8.514259600019262,13.804748379625948,320,14,7006414,0,False,175.99050000717398,,,,0.0,,,,
seed17_failure_first_occurrence_cycle77.npz,17,failure,first_occurrence,77,8.514259600019262,13.804748379625948,320,15,7006415,0,False,174.46958301297855,,,,0.0,,,,
seed17_failure_first_occurrence_cycle77.npz,17,failure,first_occurrence,77,8.514259600019262,13.804748379625948,320,16,7006416,0,False,193.3375829976285,,,,0.0,,,,
seed17_failure_first_occurrence_cycle77.npz,17,failure,first_occurrence,77,8.514259600019262,13.804748379625948,320,17,7006417,0,False,173.76395799510647,,,,0.0,,,,
seed17_failure_first_occurrence_cycle77.npz,17,failure,first_occurrence,77,8.514259600019262,13.804748379625948,320,18,7006418,0,False,175.9438750013942,,,,0.0,,,,
seed17_failure_first_occurrence_cycle77.npz,17,failure,first_occurrence,77,8.514259600019262,13.804748379625948,320,19,7006419,0,False,175.11937500967178,,,,0.0,,,,
seed17_failure_first_occurrence_cycle77.npz,17,failure,first_occurrence,77,8.514259600019262,13.804748379625948,640,0,7012800,0,False,432.6803339936305,,,,0.0,,,,
seed17_failure_first_occurrence_cycle77.npz,17,failure,first_occurrence,77,8.514259600019262,13.804748379625948,640,1,7012801,0,False,404.1900000011083,,,,0.0,,,,
seed17_failure_first_occurrence_cycle77.npz,17,failure,first_occurrence,77,8.514259600019262,13.804748379625948,640,2,7012802,0,False,394.03075000154786,,,,0.0,,,,
seed17_failure_first_occurrence_cycle77.npz,17,failure,first_occurrence,77,8.514259600019262,13.804748379625948,640,3,7012803,0,False,378.8491669984069,,,,0.0,,,,
seed17_failure_first_occurrence_cycle77.npz,17,failure,first_occurrence,77,8.514259600019262,13.804748379625948,640,4,7012804,0,False,376.6377919964725,,,,0.0,,,,
seed17_failure_first_occurrence_cycle77.npz,17,failure,first_occurrence,77,8.514259600019262,13.804748379625948,640,5,7012805,0,False,395.90058400062844,,,,0.0,,,,
seed17_failure_first_occurrence_cycle77.npz,17,failure,first_occurrence,77,8.514259600019262,13.804748379625948,640,6,7012806,0,False,466.88466699561104,,,,0.0,,,,
seed17_failure_first_occurrence_cycle77.npz,17,failure,first_occurrence,77,8.514259600019262,13.804748379625948,640,7,7012807,0,False,382.48820800799876,,,,0.0,,,,
seed17_failure_first_occurrence_cycle77.npz,17,failure,first_occurrence,77,8.514259600019262,13.804748379625948,640,8,7012808,0,False,406.9867499929387,,,,0.0,,,,
seed17_failure_first_occurrence_cycle77.npz,17,failure,first_occurrence,77,8.514259600019262,13.804748379625948,640,9,7012809,0,False,419.2649159958819,,,,0.0,,,,
seed17_failure_first_occurrence_cycle77.npz,17,failure,first_occurrence,77,8.514259600019262,13.804748379625948,640,10,7012810,0,False,427.295082990895,,,,0.0,,,,
seed17_failure_first_occurrence_cycle77.npz,17,failure,first_occurrence,77,8.514259600019262,13.804748379625948,640,11,7012811,0,False,387.54191700718366,,,,0.0,,,,
seed17_failure_first_occurrence_cycle77.npz,17,failure,first_occurrence,77,8.514259600019262,13.804748379625948,640,12,7012812,0,False,452.71133400092367,,,,0.0,,,,
seed17_failure_first_occurrence_cycle77.npz,17,failure,first_occurrence,77,8.514259600019262,13.804748379625948,640,13,7012813,0,False,381.61754098837264,,,,0.0,,,,
seed17_failure_first_occurrence_cycle77.npz,17,failure,first_occurrence,77,8.514259600019262,13.804748379625948,640,14,7012814,0,False,359.88320800242946,,,,0.0,,,,
seed17_failure_first_occurrence_cycle77.npz,17,failure,first_occurrence,77,8.514259600019262,13.804748379625948,640,15,7012815,0,False,411.02545900503173,,,,0.0,,,,
seed17_failure_first_occurrence_cycle77.npz,17,failure,first_occurrence,77,8.514259600019262,13.804748379625948,640,16,7012816,0,False,444.3824170011794,,,,0.0,,,,
seed17_failure_first_occurrence_cycle77.npz,17,failure,first_occurrence,77,8.514259600019262,13.804748379625948,640,17,7012817,0,False,438.33570800779853,,,,0.0,,,,
seed17_failure_first_occurrence_cycle77.npz,17,failure,first_occurrence,77,8.514259600019262,13.804748379625948,640,18,7012818,0,False,376.8068750068778,,,,0.0,,,,
seed17_failure_first_occurrence_cycle77.npz,17,failure,first_occurrence,77,8.514259600019262,13.804748379625948,640,19,7012819,0,False,372.08487500902265,,,,0.0,,,,
seed17_failure_after_first_zero_hold_cycle78.npz,17,failure,after_first_zero_hold,78,8.425228632519582,12.954514824209424,80,0,7011600,0,False,49.768917000619695,,,,0.0,,,,
seed17_failure_after_first_zero_hold_cycle78.npz,17,failure,after_first_zero_hold,78,8.425228632519582,12.954514824209424,80,1,7011601,0,False,49.562290994799696,,,,0.0,,,,
seed17_failure_after_first_zero_hold_cycle78.npz,17,failure,after_first_zero_hold,78,8.425228632519582,12.954514824209424,80,2,7011602,0,False,49.301582999760285,,,,0.0,,,,
seed17_failure_after_first_zero_hold_cycle78.npz,17,failure,after_first_zero_hold,78,8.425228632519582,12.954514824209424,80,3,7011603,0,False,56.743624998489395,,,,0.0,,,,
seed17_failure_after_first_zero_hold_cycle78.npz,17,failure,after_first_zero_hold,78,8.425228632519582,12.954514824209424,80,4,7011604,0,False,57.54704200080596,,,,0.0,,,,
seed17_failure_after_first_zero_hold_cycle78.npz,17,failure,after_first_zero_hold,78,8.425228632519582,12.954514824209424,80,5,7011605,0,False,51.186875003622845,,,,0.0,,,,
seed17_failure_after_first_zero_hold_cycle78.npz,17,failure,after_first_zero_hold,78,8.425228632519582,12.954514824209424,80,6,7011606,0,False,49.99820901139174,,,,0.0,,,,
seed17_failure_after_first_zero_hold_cycle78.npz,17,failure,after_first_zero_hold,78,8.425228632519582,12.954514824209424,80,7,7011607,0,False,50.02187500940636,,,,0.0,,,,
seed17_failure_after_first_zero_hold_cycle78.npz,17,failure,after_first_zero_hold,78,8.425228632519582,12.954514824209424,80,8,7011608,0,False,50.94216699944809,,,,0.0,,,,
seed17_failure_after_first_zero_hold_cycle78.npz,17,failure,after_first_zero_hold,78,8.425228632519582,12.954514824209424,80,9,7011609,0,False,50.03299999225419,,,,0.0,,,,
seed17_failure_after_first_zero_hold_cycle78.npz,17,failure,after_first_zero_hold,78,8.425228632519582,12.954514824209424,80,10,7011610,0,False,50.22729199845344,,,,0.0,,,,
seed17_failure_after_first_zero_hold_cycle78.npz,17,failure,after_first_zero_hold,78,8.425228632519582,12.954514824209424,80,11,7011611,0,False,51.54829099774361,,,,0.0,,,,
seed17_failure_after_first_zero_hold_cycle78.npz,17,failure,after_first_zero_hold,78,8.425228632519582,12.954514824209424,80,12,7011612,0,False,58.0798339942703,,,,0.0,,,,
seed17_failure_after_first_zero_hold_cycle78.npz,17,failure,after_first_zero_hold,78,8.425228632519582,12.954514824209424,80,13,7011613,0,False,59.94704199838452,,,,0.0,,,,
seed17_failure_after_first_zero_hold_cycle78.npz,17,failure,after_first_zero_hold,78,8.425228632519582,12.954514824209424,80,14,7011614,0,False,63.344124995637685,,,,0.0,,,,
seed17_failure_after_first_zero_hold_cycle78.npz,17,failure,after_first_zero_hold,78,8.425228632519582,12.954514824209424,80,15,7011615,0,False,60.0708330021007,,,,0.0,,,,
seed17_failure_after_first_zero_hold_cycle78.npz,17,failure,after_first_zero_hold,78,8.425228632519582,12.954514824209424,80,16,7011616,0,False,49.36091700801626,,,,0.0,,,,
seed17_failure_after_first_zero_hold_cycle78.npz,17,failure,after_first_zero_hold,78,8.425228632519582,12.954514824209424,80,17,7011617,0,False,50.35766601213254,,,,0.0,,,,
seed17_failure_after_first_zero_hold_cycle78.npz,17,failure,after_first_zero_hold,78,8.425228632519582,12.954514824209424,80,18,7011618,0,False,48.940957989543676,,,,0.0,,,,
seed17_failure_after_first_zero_hold_cycle78.npz,17,failure,after_first_zero_hold,78,8.425228632519582,12.954514824209424,80,19,7011619,0,False,48.9183339959709,,,,0.0,,,,
seed17_failure_after_first_zero_hold_cycle78.npz,17,failure,after_first_zero_hold,78,8.425228632519582,12.954514824209424,160,0,7013200,0,False,93.56662500067614,,,,0.0,,,,
seed17_failure_after_first_zero_hold_cycle78.npz,17,failure,after_first_zero_hold,78,8.425228632519582,12.954514824209424,160,1,7013201,0,False,93.3576660027029,,,,0.0,,,,
seed17_failure_after_first_zero_hold_cycle78.npz,17,failure,after_first_zero_hold,78,8.425228632519582,12.954514824209424,160,2,7013202,0,False,94.69108299526852,,,,0.0,,,,
seed17_failure_after_first_zero_hold_cycle78.npz,17,failure,after_first_zero_hold,78,8.425228632519582,12.954514824209424,160,3,7013203,0,False,93.28341600485146,,,,0.0,,,,
seed17_failure_after_first_zero_hold_cycle78.npz,17,failure,after_first_zero_hold,78,8.425228632519582,12.954514824209424,160,4,7013204,0,False,93.79283299495,,,,0.0,,,,
seed17_failure_after_first_zero_hold_cycle78.npz,17,failure,after_first_zero_hold,78,8.425228632519582,12.954514824209424,160,5,7013205,0,False,92.91570899949875,,,,0.0,,,,
seed17_failure_after_first_zero_hold_cycle78.npz,17,failure,after_first_zero_hold,78,8.425228632519582,12.954514824209424,160,6,7013206,0,False,92.45075000217184,,,,0.0,,,,
seed17_failure_after_first_zero_hold_cycle78.npz,17,failure,after_first_zero_hold,78,8.425228632519582,12.954514824209424,160,7,7013207,0,False,92.7839999931166,,,,0.0,,,,
seed17_failure_after_first_zero_hold_cycle78.npz,17,failure,after_first_zero_hold,78,8.425228632519582,12.954514824209424,160,8,7013208,0,False,92.74616600305308,,,,0.0,,,,
seed17_failure_after_first_zero_hold_cycle78.npz,17,failure,after_first_zero_hold,78,8.425228632519582,12.954514824209424,160,9,7013209,0,False,92.97791600693017,,,,0.0,,,,
seed17_failure_after_first_zero_hold_cycle78.npz,17,failure,after_first_zero_hold,78,8.425228632519582,12.954514824209424,160,10,7013210,0,False,92.863749989192,,,,0.0,,,,
seed17_failure_after_first_zero_hold_cycle78.npz,17,failure,after_first_zero_hold,78,8.425228632519582,12.954514824209424,160,11,7013211,0,False,93.33725000033155,,,,0.0,,,,
seed17_failure_after_first_zero_hold_cycle78.npz,17,failure,after_first_zero_hold,78,8.425228632519582,12.954514824209424,160,12,7013212,0,False,95.58850000030361,,,,0.0,,,,
seed17_failure_after_first_zero_hold_cycle78.npz,17,failure,after_first_zero_hold,78,8.425228632519582,12.954514824209424,160,13,7013213,0,False,93.58549999888055,,,,0.0,,,,
seed17_failure_after_first_zero_hold_cycle78.npz,17,failure,after_first_zero_hold,78,8.425228632519582,12.954514824209424,160,14,7013214,0,False,98.25966700736899,,,,0.0,,,,
seed17_failure_after_first_zero_hold_cycle78.npz,17,failure,after_first_zero_hold,78,8.425228632519582,12.954514824209424,160,15,7013215,0,False,93.5451249970356,,,,0.0,,,,
seed17_failure_after_first_zero_hold_cycle78.npz,17,failure,after_first_zero_hold,78,8.425228632519582,12.954514824209424,160,16,7013216,0,False,93.0667920038104,,,,0.0,,,,
seed17_failure_after_first_zero_hold_cycle78.npz,17,failure,after_first_zero_hold,78,8.425228632519582,12.954514824209424,160,17,7013217,0,False,92.87908401165623,,,,0.0,,,,
seed17_failure_after_first_zero_hold_cycle78.npz,17,failure,after_first_zero_hold,78,8.425228632519582,12.954514824209424,160,18,7013218,0,False,93.5941250063479,,,,0.0,,,,
seed17_failure_after_first_zero_hold_cycle78.npz,17,failure,after_first_zero_hold,78,8.425228632519582,12.954514824209424,160,19,7013219,0,False,93.19466700253543,,,,0.0,,,,
seed17_failure_after_first_zero_hold_cycle78.npz,17,failure,after_first_zero_hold,78,8.425228632519582,12.954514824209424,320,0,7016400,0,False,195.58841599791776,,,,0.0,,,,
seed17_failure_after_first_zero_hold_cycle78.npz,17,failure,after_first_zero_hold,78,8.425228632519582,12.954514824209424,320,1,7016401,0,False,229.29991599812638,,,,0.0,,,,
seed17_failure_after_first_zero_hold_cycle78.npz,17,failure,after_first_zero_hold,78,8.425228632519582,12.954514824209424,320,2,7016402,0,False,182.28920800902415,,,,0.0,,,,
seed17_failure_after_first_zero_hold_cycle78.npz,17,failure,after_first_zero_hold,78,8.425228632519582,12.954514824209424,320,3,7016403,0,False,176.251915996545,,,,0.0,,,,
seed17_failure_after_first_zero_hold_cycle78.npz,17,failure,after_first_zero_hold,78,8.425228632519582,12.954514824209424,320,4,7016404,0,False,197.14416700298898,,,,0.0,,,,
seed17_failure_after_first_zero_hold_cycle78.npz,17,failure,after_first_zero_hold,78,8.425228632519582,12.954514824209424,320,5,7016405,0,False,179.20075000438374,,,,0.0,,,,
seed17_failure_after_first_zero_hold_cycle78.npz,17,failure,after_first_zero_hold,78,8.425228632519582,12.954514824209424,320,6,7016406,0,False,176.83875000511762,,,,0.0,,,,
seed17_failure_after_first_zero_hold_cycle78.npz,17,failure,after_first_zero_hold,78,8.425228632519582,12.954514824209424,320,7,7016407,0,False,175.11937500967178,,,,0.0,,,,
seed17_failure_after_first_zero_hold_cycle78.npz,17,failure,after_first_zero_hold,78,8.425228632519582,12.954514824209424,320,8,7016408,0,False,173.02887499681674,,,,0.0,,,,
seed17_failure_after_first_zero_hold_cycle78.npz,17,failure,after_first_zero_hold,78,8.425228632519582,12.954514824209424,320,9,7016409,0,False,175.09229200368281,,,,0.0,,,,
seed17_failure_after_first_zero_hold_cycle78.npz,17,failure,after_first_zero_hold,78,8.425228632519582,12.954514824209424,320,10,7016410,0,False,174.78679098712746,,,,0.0,,,,
seed17_failure_after_first_zero_hold_cycle78.npz,17,failure,after_first_zero_hold,78,8.425228632519582,12.954514824209424,320,11,7016411,0,False,182.2629579983186,,,,0.0,,,,
seed17_failure_after_first_zero_hold_cycle78.npz,17,failure,after_first_zero_hold,78,8.425228632519582,12.954514824209424,320,12,7016412,0,False,177.90979199344292,,,,0.0,,,,
seed17_failure_after_first_zero_hold_cycle78.npz,17,failure,after_first_zero_hold,78,8.425228632519582,12.954514824209424,320,13,7016413,0,False,183.19745900225826,,,,0.0,,,,
seed17_failure_after_first_zero_hold_cycle78.npz,17,failure,after_first_zero_hold,78,8.425228632519582,12.954514824209424,320,14,7016414,0,False,180.5873330013128,,,,0.0,,,,
seed17_failure_after_first_zero_hold_cycle78.npz,17,failure,after_first_zero_hold,78,8.425228632519582,12.954514824209424,320,15,7016415,0,False,203.26758400187828,,,,0.0,,,,
seed17_failure_after_first_zero_hold_cycle78.npz,17,failure,after_first_zero_hold,78,8.425228632519582,12.954514824209424,320,16,7016416,0,False,236.57420800009277,,,,0.0,,,,
seed17_failure_after_first_zero_hold_cycle78.npz,17,failure,after_first_zero_hold,78,8.425228632519582,12.954514824209424,320,17,7016417,0,False,262.5038330006646,,,,0.0,,,,
seed17_failure_after_first_zero_hold_cycle78.npz,17,failure,after_first_zero_hold,78,8.425228632519582,12.954514824209424,320,18,7016418,0,False,197.80441699549556,,,,0.0,,,,
seed17_failure_after_first_zero_hold_cycle78.npz,17,failure,after_first_zero_hold,78,8.425228632519582,12.954514824209424,320,19,7016419,0,False,188.2119590009097,,,,0.0,,,,
seed17_failure_after_first_zero_hold_cycle78.npz,17,failure,after_first_zero_hold,78,8.425228632519582,12.954514824209424,640,0,7022800,0,False,402.23120799055323,,,,0.0,,,,
seed17_failure_after_first_zero_hold_cycle78.npz,17,failure,after_first_zero_hold,78,8.425228632519582,12.954514824209424,640,1,7022801,0,False,369.4206660002237,,,,0.0,,,,
seed17_failure_after_first_zero_hold_cycle78.npz,17,failure,after_first_zero_hold,78,8.425228632519582,12.954514824209424,640,2,7022802,0,False,373.19974999991246,,,,0.0,,,,
seed17_failure_after_first_zero_hold_cycle78.npz,17,failure,after_first_zero_hold,78,8.425228632519582,12.954514824209424,640,3,7022803,0,False,423.2606670120731,,,,0.0,,,,
seed17_failure_after_first_zero_hold_cycle78.npz,17,failure,after_first_zero_hold,78,8.425228632519582,12.954514824209424,640,4,7022804,0,False,477.72645800432656,,,,0.0,,,,
seed17_failure_after_first_zero_hold_cycle78.npz,17,failure,after_first_zero_hold,78,8.425228632519582,12.954514824209424,640,5,7022805,0,False,430.18508299428504,,,,0.0,,,,
seed17_failure_after_first_zero_hold_cycle78.npz,17,failure,after_first_zero_hold,78,8.425228632519582,12.954514824209424,640,6,7022806,0,False,373.800208006287,,,,0.0,,,,
seed17_failure_after_first_zero_hold_cycle78.npz,17,failure,after_first_zero_hold,78,8.425228632519582,12.954514824209424,640,7,7022807,0,False,406.6579170030309,,,,0.0,,,,
seed17_failure_after_first_zero_hold_cycle78.npz,17,failure,after_first_zero_hold,78,8.425228632519582,12.954514824209424,640,8,7022808,0,False,368.1862500088755,,,,0.0,,,,
seed17_failure_after_first_zero_hold_cycle78.npz,17,failure,after_first_zero_hold,78,8.425228632519582,12.954514824209424,640,9,7022809,0,False,367.049374995986,,,,0.0,,,,
seed17_failure_after_first_zero_hold_cycle78.npz,17,failure,after_first_zero_hold,78,8.425228632519582,12.954514824209424,640,10,7022810,0,False,384.9761250021402,,,,0.0,,,,
seed17_failure_after_first_zero_hold_cycle78.npz,17,failure,after_first_zero_hold,78,8.425228632519582,12.954514824209424,640,11,7022811,0,False,394.6292079926934,,,,0.0,,,,
seed17_failure_after_first_zero_hold_cycle78.npz,17,failure,after_first_zero_hold,78,8.425228632519582,12.954514824209424,640,12,7022812,0,False,372.4125000007916,,,,0.0,,,,
seed17_failure_after_first_zero_hold_cycle78.npz,17,failure,after_first_zero_hold,78,8.425228632519582,12.954514824209424,640,13,7022813,0,False,400.94262501224875,,,,0.0,,,,
seed17_failure_after_first_zero_hold_cycle78.npz,17,failure,after_first_zero_hold,78,8.425228632519582,12.954514824209424,640,14,7022814,0,False,407.0489580044523,,,,0.0,,,,
seed17_failure_after_first_zero_hold_cycle78.npz,17,failure,after_first_zero_hold,78,8.425228632519582,12.954514824209424,640,15,7022815,0,False,373.81016700237524,,,,0.0,,,,
seed17_failure_after_first_zero_hold_cycle78.npz,17,failure,after_first_zero_hold,78,8.425228632519582,12.954514824209424,640,16,7022816,0,False,378.978749999078,,,,0.0,,,,
seed17_failure_after_first_zero_hold_cycle78.npz,17,failure,after_first_zero_hold,78,8.425228632519582,12.954514824209424,640,17,7022817,0,False,392.16324999870267,,,,0.0,,,,
seed17_failure_after_first_zero_hold_cycle78.npz,17,failure,after_first_zero_hold,78,8.425228632519582,12.954514824209424,640,18,7022818,0,False,385.1002500014147,,,,0.0,,,,
seed17_failure_after_first_zero_hold_cycle78.npz,17,failure,after_first_zero_hold,78,8.425228632519582,12.954514824209424,640,19,7022819,0,False,388.8504579954315,,,,0.0,,,,
seed17_failure_early_cluster_cycle81.npz,17,failure,early_cluster,81,7.988307510286273,10.502622774571492,80,0,7021600,0,False,49.09649999171961,,,,0.0,,,,
seed17_failure_early_cluster_cycle81.npz,17,failure,early_cluster,81,7.988307510286273,10.502622774571492,80,1,7021601,0,False,50.35987500741612,,,,0.0,,,,
seed17_failure_early_cluster_cycle81.npz,17,failure,early_cluster,81,7.988307510286273,10.502622774571492,80,2,7021602,0,False,50.560832998598926,,,,0.0,,,,
seed17_failure_early_cluster_cycle81.npz,17,failure,early_cluster,81,7.988307510286273,10.502622774571492,80,3,7021603,0,False,48.16675001347903,,,,0.0,,,,
seed17_failure_early_cluster_cycle81.npz,17,failure,early_cluster,81,7.988307510286273,10.502622774571492,80,4,7021604,0,False,50.15675000322517,,,,0.0,,,,
seed17_failure_early_cluster_cycle81.npz,17,failure,early_cluster,81,7.988307510286273,10.502622774571492,80,5,7021605,0,False,48.223040997982025,,,,0.0,,,,
seed17_failure_early_cluster_cycle81.npz,17,failure,early_cluster,81,7.988307510286273,10.502622774571492,80,6,7021606,0,False,51.452624989906326,,,,0.0,,,,
seed17_failure_early_cluster_cycle81.npz,17,failure,early_cluster,81,7.988307510286273,10.502622774571492,80,7,7021607,0,False,50.320708003710024,,,,0.0,,,,
seed17_failure_early_cluster_cycle81.npz,17,failure,early_cluster,81,7.988307510286273,10.502622774571492,80,8,7021608,0,False,53.25441699824296,,,,0.0,,,,
seed17_failure_early_cluster_cycle81.npz,17,failure,early_cluster,81,7.988307510286273,10.502622774571492,80,9,7021609,0,False,54.75620800280012,,,,0.0,,,,
seed17_failure_early_cluster_cycle81.npz,17,failure,early_cluster,81,7.988307510286273,10.502622774571492,80,10,7021610,0,False,53.33020800026134,,,,0.0,,,,
seed17_failure_early_cluster_cycle81.npz,17,failure,early_cluster,81,7.988307510286273,10.502622774571492,80,11,7021611,0,False,51.1689159902744,,,,0.0,,,,
seed17_failure_early_cluster_cycle81.npz,17,failure,early_cluster,81,7.988307510286273,10.502622774571492,80,12,7021612,0,False,51.99762500706129,,,,0.0,,,,
seed17_failure_early_cluster_cycle81.npz,17,failure,early_cluster,81,7.988307510286273,10.502622774571492,80,13,7021613,0,False,51.972291999845766,,,,0.0,,,,
seed17_failure_early_cluster_cycle81.npz,17,failure,early_cluster,81,7.988307510286273,10.502622774571492,80,14,7021614,0,False,51.237874999060296,,,,0.0,,,,
seed17_failure_early_cluster_cycle81.npz,17,failure,early_cluster,81,7.988307510286273,10.502622774571492,80,15,7021615,0,False,51.99624999659136,,,,0.0,,,,
seed17_failure_early_cluster_cycle81.npz,17,failure,early_cluster,81,7.988307510286273,10.502622774571492,80,16,7021616,0,False,53.53366700001061,,,,0.0,,,,
seed17_failure_early_cluster_cycle81.npz,17,failure,early_cluster,81,7.988307510286273,10.502622774571492,80,17,7021617,0,False,51.951209010439925,,,,0.0,,,,
seed17_failure_early_cluster_cycle81.npz,17,failure,early_cluster,81,7.988307510286273,10.502622774571492,80,18,7021618,0,False,53.19145800604019,,,,0.0,,,,
seed17_failure_early_cluster_cycle81.npz,17,failure,early_cluster,81,7.988307510286273,10.502622774571492,80,19,7021619,0,False,53.711792003014125,,,,0.0,,,,
seed17_failure_early_cluster_cycle81.npz,17,failure,early_cluster,81,7.988307510286273,10.502622774571492,160,0,7023200,0,False,97.44262500316836,,,,0.0,,,,
seed17_failure_early_cluster_cycle81.npz,17,failure,early_cluster,81,7.988307510286273,10.502622774571492,160,1,7023201,0,False,101.80720798962284,,,,0.0,,,,
seed17_failure_early_cluster_cycle81.npz,17,failure,early_cluster,81,7.988307510286273,10.502622774571492,160,2,7023202,0,False,96.20012498635333,,,,0.0,,,,
seed17_failure_early_cluster_cycle81.npz,17,failure,early_cluster,81,7.988307510286273,10.502622774571492,160,3,7023203,0,False,96.5537919983035,,,,0.0,,,,
seed17_failure_early_cluster_cycle81.npz,17,failure,early_cluster,81,7.988307510286273,10.502622774571492,160,4,7023204,0,False,95.62737500527874,,,,0.0,,,,
seed17_failure_early_cluster_cycle81.npz,17,failure,early_cluster,81,7.988307510286273,10.502622774571492,160,5,7023205,0,False,92.0900830096798,,,,0.0,,,,
seed17_failure_early_cluster_cycle81.npz,17,failure,early_cluster,81,7.988307510286273,10.502622774571492,160,6,7023206,0,False,90.5315830023028,,,,0.0,,,,
seed17_failure_early_cluster_cycle81.npz,17,failure,early_cluster,81,7.988307510286273,10.502622774571492,160,7,7023207,0,False,90.89041699189693,,,,0.0,,,,
seed17_failure_early_cluster_cycle81.npz,17,failure,early_cluster,81,7.988307510286273,10.502622774571492,160,8,7023208,0,False,90.92754099401645,,,,0.0,,,,
seed17_failure_early_cluster_cycle81.npz,17,failure,early_cluster,81,7.988307510286273,10.502622774571492,160,9,7023209,0,False,91.36033400136512,,,,0.0,,,,
seed17_failure_early_cluster_cycle81.npz,17,failure,early_cluster,81,7.988307510286273,10.502622774571492,160,10,7023210,0,False,90.63283300201874,,,,0.0,,,,
seed17_failure_early_cluster_cycle81.npz,17,failure,early_cluster,81,7.988307510286273,10.502622774571492,160,11,7023211,0,False,91.51179200853221,,,,0.0,,,,
seed17_failure_early_cluster_cycle81.npz,17,failure,early_cluster,81,7.988307510286273,10.502622774571492,160,12,7023212,0,False,91.25187499739695,,,,0.0,,,,
seed17_failure_early_cluster_cycle81.npz,17,failure,early_cluster,81,7.988307510286273,10.502622774571492,160,13,7023213,0,False,91.42233400780242,,,,0.0,,,,
seed17_failure_early_cluster_cycle81.npz,17,failure,early_cluster,81,7.988307510286273,10.502622774571492,160,14,7023214,0,False,93.03275001002476,,,,0.0,,,,
seed17_failure_early_cluster_cycle81.npz,17,failure,early_cluster,81,7.988307510286273,10.502622774571492,160,15,7023215,0,False,99.94850000657607,,,,0.0,,,,
seed17_failure_early_cluster_cycle81.npz,17,failure,early_cluster,81,7.988307510286273,10.502622774571492,160,16,7023216,0,False,94.43774999817833,,,,0.0,,,,
seed17_failure_early_cluster_cycle81.npz,17,failure,early_cluster,81,7.988307510286273,10.502622774571492,160,17,7023217,0,False,97.8230420005275,,,,0.0,,,,
seed17_failure_early_cluster_cycle81.npz,17,failure,early_cluster,81,7.988307510286273,10.502622774571492,160,18,7023218,0,False,115.3050830034772,,,,0.0,,,,
seed17_failure_early_cluster_cycle81.npz,17,failure,early_cluster,81,7.988307510286273,10.502622774571492,160,19,7023219,0,False,115.45408399251755,,,,0.0,,,,
seed17_failure_early_cluster_cycle81.npz,17,failure,early_cluster,81,7.988307510286273,10.502622774571492,320,0,7026400,0,False,224.66754200286232,,,,0.0,,,,
seed17_failure_early_cluster_cycle81.npz,17,failure,early_cluster,81,7.988307510286273,10.502622774571492,320,1,7026401,0,False,254.9854169919854,,,,0.0,,,,
seed17_failure_early_cluster_cycle81.npz,17,failure,early_cluster,81,7.988307510286273,10.502622774571492,320,2,7026402,0,False,240.50304199045058,,,,0.0,,,,
seed17_failure_early_cluster_cycle81.npz,17,failure,early_cluster,81,7.988307510286273,10.502622774571492,320,3,7026403,0,False,197.50233400554862,,,,0.0,,,,
seed17_failure_early_cluster_cycle81.npz,17,failure,early_cluster,81,7.988307510286273,10.502622774571492,320,4,7026404,0,False,177.65829100972041,,,,0.0,,,,
seed17_failure_early_cluster_cycle81.npz,17,failure,early_cluster,81,7.988307510286273,10.502622774571492,320,5,7026405,0,False,202.71212499937974,,,,0.0,,,,
seed17_failure_early_cluster_cycle81.npz,17,failure,early_cluster,81,7.988307510286273,10.502622774571492,320,6,7026406,0,False,196.531291003339,,,,0.0,,,,
seed17_failure_early_cluster_cycle81.npz,17,failure,early_cluster,81,7.988307510286273,10.502622774571492,320,7,7026407,0,False,176.6950830060523,,,,0.0,,,,
seed17_failure_early_cluster_cycle81.npz,17,failure,early_cluster,81,7.988307510286273,10.502622774571492,320,8,7026408,0,False,177.97754200000782,,,,0.0,,,,
seed17_failure_early_cluster_cycle81.npz,17,failure,early_cluster,81,7.988307510286273,10.502622774571492,320,9,7026409,0,False,186.7617079988122,,,,0.0,,,,
seed17_failure_early_cluster_cycle81.npz,17,failure,early_cluster,81,7.988307510286273,10.502622774571492,320,10,7026410,0,False,175.1845420076279,,,,0.0,,,,
seed17_failure_early_cluster_cycle81.npz,17,failure,early_cluster,81,7.988307510286273,10.502622774571492,320,11,7026411,0,False,184.49033300566953,,,,0.0,,,,
seed17_failure_early_cluster_cycle81.npz,17,failure,early_cluster,81,7.988307510286273,10.502622774571492,320,12,7026412,0,False,177.2755409911042,,,,0.0,,,,
seed17_failure_early_cluster_cycle81.npz,17,failure,early_cluster,81,7.988307510286273,10.502622774571492,320,13,7026413,0,False,173.90116599563044,,,,0.0,,,,
seed17_failure_early_cluster_cycle81.npz,17,failure,early_cluster,81,7.988307510286273,10.502622774571492,320,14,7026414,0,False,179.65150000236463,,,,0.0,,,,
seed17_failure_early_cluster_cycle81.npz,17,failure,early_cluster,81,7.988307510286273,10.502622774571492,320,15,7026415,0,False,179.0738749987213,,,,0.0,,,,
seed17_failure_early_cluster_cycle81.npz,17,failure,early_cluster,81,7.988307510286273,10.502622774571492,320,16,7026416,0,False,175.5200839979807,,,,0.0,,,,
seed17_failure_early_cluster_cycle81.npz,17,failure,early_cluster,81,7.988307510286273,10.502622774571492,320,17,7026417,0,False,173.85658300190698,,,,0.0,,,,
seed17_failure_early_cluster_cycle81.npz,17,failure,early_cluster,81,7.988307510286273,10.502622774571492,320,18,7026418,0,False,181.93158399662934,,,,0.0,,,,
seed17_failure_early_cluster_cycle81.npz,17,failure,early_cluster,81,7.988307510286273,10.502622774571492,320,19,7026419,0,False,182.6985419902485,,,,0.0,,,,
seed17_failure_early_cluster_cycle81.npz,17,failure,early_cluster,81,7.988307510286273,10.502622774571492,640,0,7032800,0,False,365.9744159958791,,,,0.0,,,,
seed17_failure_early_cluster_cycle81.npz,17,failure,early_cluster,81,7.988307510286273,10.502622774571492,640,1,7032801,0,False,372.0048750110436,,,,0.0,,,,
seed17_failure_early_cluster_cycle81.npz,17,failure,early_cluster,81,7.988307510286273,10.502622774571492,640,2,7032802,0,False,362.9599580017384,,,,0.0,,,,
seed17_failure_early_cluster_cycle81.npz,17,failure,early_cluster,81,7.988307510286273,10.502622774571492,640,3,7032803,0,False,368.3217919897288,,,,0.0,,,,
seed17_failure_early_cluster_cycle81.npz,17,failure,early_cluster,81,7.988307510286273,10.502622774571492,640,4,7032804,0,False,373.87979100458324,,,,0.0,,,,
seed17_failure_early_cluster_cycle81.npz,17,failure,early_cluster,81,7.988307510286273,10.502622774571492,640,5,7032805,0,False,371.3528329972178,,,,0.0,,,,
seed17_failure_early_cluster_cycle81.npz,17,failure,early_cluster,81,7.988307510286273,10.502622774571492,640,6,7032806,0,False,366.4067089994205,,,,0.0,,,,
seed17_failure_early_cluster_cycle81.npz,17,failure,early_cluster,81,7.988307510286273,10.502622774571492,640,7,7032807,0,False,384.2936659930274,,,,0.0,,,,
seed17_failure_early_cluster_cycle81.npz,17,failure,early_cluster,81,7.988307510286273,10.502622774571492,640,8,7032808,0,False,369.23291700077243,,,,0.0,,,,
seed17_failure_early_cluster_cycle81.npz,17,failure,early_cluster,81,7.988307510286273,10.502622774571492,640,9,7032809,0,False,373.3771660045022,,,,0.0,,,,
seed17_failure_early_cluster_cycle81.npz,17,failure,early_cluster,81,7.988307510286273,10.502622774571492,640,10,7032810,0,False,364.2674580041785,,,,0.0,,,,
seed17_failure_early_cluster_cycle81.npz,17,failure,early_cluster,81,7.988307510286273,10.502622774571492,640,11,7032811,0,False,357.2439999989001,,,,0.0,,,,
seed17_failure_early_cluster_cycle81.npz,17,failure,early_cluster,81,7.988307510286273,10.502622774571492,640,12,7032812,0,False,370.4622920049587,,,,0.0,,,,
seed17_failure_early_cluster_cycle81.npz,17,failure,early_cluster,81,7.988307510286273,10.502622774571492,640,13,7032813,0,False,361.3331249944167,,,,0.0,,,,
seed17_failure_early_cluster_cycle81.npz,17,failure,early_cluster,81,7.988307510286273,10.502622774571492,640,14,7032814,0,False,361.2378340039868,,,,0.0,,,,
seed17_failure_early_cluster_cycle81.npz,17,failure,early_cluster,81,7.988307510286273,10.502622774571492,640,15,7032815,0,False,394.8975410021376,,,,0.0,,,,
seed17_failure_early_cluster_cycle81.npz,17,failure,early_cluster,81,7.988307510286273,10.502622774571492,640,16,7032816,0,False,377.2252920025494,,,,0.0,,,,
seed17_failure_early_cluster_cycle81.npz,17,failure,early_cluster,81,7.988307510286273,10.502622774571492,640,17,7032817,0,False,361.30299999786075,,,,0.0,,,,
seed17_failure_early_cluster_cycle81.npz,17,failure,early_cluster,81,7.988307510286273,10.502622774571492,640,18,7032818,0,False,369.6825410006568,,,,0.0,,,,
seed17_failure_early_cluster_cycle81.npz,17,failure,early_cluster,81,7.988307510286273,10.502622774571492,640,19,7032819,0,False,366.0249999957159,,,,0.0,,,,
seed17_failure_middle_cycle85.npz,17,failure,middle,85,6.885823177809747,7.867357102287764,80,0,7031600,0,False,51.04050000954885,,,,0.0,,,,
seed17_failure_middle_cycle85.npz,17,failure,middle,85,6.885823177809747,7.867357102287764,80,1,7031601,0,False,49.92725000192877,,,,0.0,,,,
seed17_failure_middle_cycle85.npz,17,failure,middle,85,6.885823177809747,7.867357102287764,80,2,7031602,0,False,51.520708002499305,,,,0.0,,,,
seed17_failure_middle_cycle85.npz,17,failure,middle,85,6.885823177809747,7.867357102287764,80,3,7031603,0,False,48.95816701173317,,,,0.0,,,,
seed17_failure_middle_cycle85.npz,17,failure,middle,85,6.885823177809747,7.867357102287764,80,4,7031604,0,False,48.580125003354624,,,,0.0,,,,
seed17_failure_middle_cycle85.npz,17,failure,middle,85,6.885823177809747,7.867357102287764,80,5,7031605,0,False,48.54429200349841,,,,0.0,,,,
seed17_failure_middle_cycle85.npz,17,failure,middle,85,6.885823177809747,7.867357102287764,80,6,7031606,0,False,48.55412500910461,,,,0.0,,,,
seed17_failure_middle_cycle85.npz,17,failure,middle,85,6.885823177809747,7.867357102287764,80,7,7031607,0,False,48.73083399434108,,,,0.0,,,,
seed17_failure_middle_cycle85.npz,17,failure,middle,85,6.885823177809747,7.867357102287764,80,8,7031608,0,False,48.45220899733249,,,,0.0,,,,
seed17_failure_middle_cycle85.npz,17,failure,middle,85,6.885823177809747,7.867357102287764,80,9,7031609,0,False,54.67608300386928,,,,0.0,,,,
seed17_failure_middle_cycle85.npz,17,failure,middle,85,6.885823177809747,7.867357102287764,80,10,7031610,0,False,48.75670799810905,,,,0.0,,,,
seed17_failure_middle_cycle85.npz,17,failure,middle,85,6.885823177809747,7.867357102287764,80,11,7031611,0,False,50.06616600439884,,,,0.0,,,,
seed17_failure_middle_cycle85.npz,17,failure,middle,85,6.885823177809747,7.867357102287764,80,12,7031612,0,False,50.060665991622955,,,,0.0,,,,
seed17_failure_middle_cycle85.npz,17,failure,middle,85,6.885823177809747,7.867357102287764,80,13,7031613,0,False,49.965541998972185,,,,0.0,,,,
seed17_failure_middle_cycle85.npz,17,failure,middle,85,6.885823177809747,7.867357102287764,80,14,7031614,0,False,50.146291992859915,,,,0.0,,,,
seed17_failure_middle_cycle85.npz,17,failure,middle,85,6.885823177809747,7.867357102287764,80,15,7031615,0,False,50.159792008344084,,,,0.0,,,,
seed17_failure_middle_cycle85.npz,17,failure,middle,85,6.885823177809747,7.867357102287764,80,16,7031616,0,False,50.1484169944888,,,,0.0,,,,
seed17_failure_middle_cycle85.npz,17,failure,middle,85,6.885823177809747,7.867357102287764,80,17,7031617,0,False,50.171541995950975,,,,0.0,,,,
seed17_failure_middle_cycle85.npz,17,failure,middle,85,6.885823177809747,7.867357102287764,80,18,7031618,0,False,49.940249999053776,,,,0.0,,,,
seed17_failure_middle_cycle85.npz,17,failure,middle,85,6.885823177809747,7.867357102287764,80,19,7031619,0,False,50.00629200367257,,,,0.0,,,,
seed17_failure_middle_cycle85.npz,17,failure,middle,85,6.885823177809747,7.867357102287764,160,0,7033200,0,False,93.09087500150781,,,,0.0,,,,
seed17_failure_middle_cycle85.npz,17,failure,middle,85,6.885823177809747,7.867357102287764,160,1,7033201,0,False,107.42429101082962,,,,0.0,,,,
seed17_failure_middle_cycle85.npz,17,failure,middle,85,6.885823177809747,7.867357102287764,160,2,7033202,0,False,93.53612500126474,,,,0.0,,,,
seed17_failure_middle_cycle85.npz,17,failure,middle,85,6.885823177809747,7.867357102287764,160,3,7033203,0,False,92.21824999258388,,,,0.0,,,,
seed17_failure_middle_cycle85.npz,17,failure,middle,85,6.885823177809747,7.867357102287764,160,4,7033204,0,False,91.7044999951031,,,,0.0,,,,
seed17_failure_middle_cycle85.npz,17,failure,middle,85,6.885823177809747,7.867357102287764,160,5,7033205,0,False,91.83587500592694,,,,0.0,,,,
seed17_failure_middle_cycle85.npz,17,failure,middle,85,6.885823177809747,7.867357102287764,160,6,7033206,0,False,95.13000000151806,,,,0.0,,,,
seed17_failure_middle_cycle85.npz,17,failure,middle,85,6.885823177809747,7.867357102287764,160,7,7033207,0,False,91.535625004326,,,,0.0,,,,
seed17_failure_middle_cycle85.npz,17,failure,middle,85,6.885823177809747,7.867357102287764,160,8,7033208,0,False,91.40891699644271,,,,0.0,,,,
seed17_failure_middle_cycle85.npz,17,failure,middle,85,6.885823177809747,7.867357102287764,160,9,7033209,0,False,91.42770800099242,,,,0.0,,,,
seed17_failure_middle_cycle85.npz,17,failure,middle,85,6.885823177809747,7.867357102287764,160,10,7033210,0,False,91.04170900536701,,,,0.0,,,,
seed17_failure_middle_cycle85.npz,17,failure,middle,85,6.885823177809747,7.867357102287764,160,11,7033211,0,False,90.90420900611207,,,,0.0,,,,
seed17_failure_middle_cycle85.npz,17,failure,middle,85,6.885823177809747,7.867357102287764,160,12,7033212,0,False,91.08441599528305,,,,0.0,,,,
seed17_failure_middle_cycle85.npz,17,failure,middle,85,6.885823177809747,7.867357102287764,160,13,7033213,0,False,91.11612499691546,,,,0.0,,,,
seed17_failure_middle_cycle85.npz,17,failure,middle,85,6.885823177809747,7.867357102287764,160,14,7033214,0,False,90.9490839985665,,,,0.0,,,,
seed17_failure_middle_cycle85.npz,17,failure,middle,85,6.885823177809747,7.867357102287764,160,15,7033215,0,False,91.08170900435653,,,,0.0,,,,
seed17_failure_middle_cycle85.npz,17,failure,middle,85,6.885823177809747,7.867357102287764,160,16,7033216,0,False,91.62970799661707,,,,0.0,,,,
seed17_failure_middle_cycle85.npz,17,failure,middle,85,6.885823177809747,7.867357102287764,160,17,7033217,0,False,92.36666701326612,,,,0.0,,,,
seed17_failure_middle_cycle85.npz,17,failure,middle,85,6.885823177809747,7.867357102287764,160,18,7033218,0,False,92.07037500164006,,,,0.0,,,,
seed17_failure_middle_cycle85.npz,17,failure,middle,85,6.885823177809747,7.867357102287764,160,19,7033219,0,False,91.66379099769983,,,,0.0,,,,
seed17_failure_middle_cycle85.npz,17,failure,middle,85,6.885823177809747,7.867357102287764,320,0,7036400,0,False,175.34591600997373,,,,0.0,,,,
seed17_failure_middle_cycle85.npz,17,failure,middle,85,6.885823177809747,7.867357102287764,320,1,7036401,0,False,242.8312500123866,,,,0.0,,,,
seed17_failure_middle_cycle85.npz,17,failure,middle,85,6.885823177809747,7.867357102287764,320,2,7036402,0,False,215.48741598962806,,,,0.0,,,,
seed17_failure_middle_cycle85.npz,17,failure,middle,85,6.885823177809747,7.867357102287764,320,3,7036403,0,False,186.44062500970904,,,,0.0,,,,
seed17_failure_middle_cycle85.npz,17,failure,middle,85,6.885823177809747,7.867357102287764,320,4,7036404,0,False,191.26875000074506,,,,0.0,,,,
seed17_failure_middle_cycle85.npz,17,failure,middle,85,6.885823177809747,7.867357102287764,320,5,7036405,0,False,248.74454199743923,,,,0.0,,,,
seed17_failure_middle_cycle85.npz,17,failure,middle,85,6.885823177809747,7.867357102287764,320,6,7036406,0,False,201.15462499961723,,,,0.0,,,,
seed17_failure_middle_cycle85.npz,17,failure,middle,85,6.885823177809747,7.867357102287764,320,7,7036407,0,False,176.1407500016503,,,,0.0,,,,
seed17_failure_middle_cycle85.npz,17,failure,middle,85,6.885823177809747,7.867357102287764,320,8,7036408,0,False,173.97916699701454,,,,0.0,,,,
seed17_failure_middle_cycle85.npz,17,failure,middle,85,6.885823177809747,7.867357102287764,320,9,7036409,0,False,174.25070799072273,,,,0.0,,,,
seed17_failure_middle_cycle85.npz,17,failure,middle,85,6.885823177809747,7.867357102287764,320,10,7036410,0,False,173.5331249947194,,,,0.0,,,,
seed17_failure_middle_cycle85.npz,17,failure,middle,85,6.885823177809747,7.867357102287764,320,11,7036411,0,False,179.725124995457,,,,0.0,,,,
seed17_failure_middle_cycle85.npz,17,failure,middle,85,6.885823177809747,7.867357102287764,320,12,7036412,0,False,188.10191701049916,,,,0.0,,,,
seed17_failure_middle_cycle85.npz,17,failure,middle,85,6.885823177809747,7.867357102287764,320,13,7036413,0,False,176.81195899785962,,,,0.0,,,,
seed17_failure_middle_cycle85.npz,17,failure,middle,85,6.885823177809747,7.867357102287764,320,14,7036414,0,False,176.99362500570714,,,,0.0,,,,
seed17_failure_middle_cycle85.npz,17,failure,middle,85,6.885823177809747,7.867357102287764,320,15,7036415,0,False,179.26370800705627,,,,0.0,,,,
seed17_failure_middle_cycle85.npz,17,failure,middle,85,6.885823177809747,7.867357102287764,320,16,7036416,0,False,182.52087499422487,,,,0.0,,,,
seed17_failure_middle_cycle85.npz,17,failure,middle,85,6.885823177809747,7.867357102287764,320,17,7036417,0,False,175.130249990616,,,,0.0,,,,
seed17_failure_middle_cycle85.npz,17,failure,middle,85,6.885823177809747,7.867357102287764,320,18,7036418,0,False,175.49279100785498,,,,0.0,,,,
seed17_failure_middle_cycle85.npz,17,failure,middle,85,6.885823177809747,7.867357102287764,320,19,7036419,0,False,171.43037500500213,,,,0.0,,,,
seed17_failure_middle_cycle85.npz,17,failure,middle,85,6.885823177809747,7.867357102287764,640,0,7042800,0,False,366.5188750019297,,,,0.0,,,,
seed17_failure_middle_cycle85.npz,17,failure,middle,85,6.885823177809747,7.867357102287764,640,1,7042801,0,False,375.81608298933133,,,,0.0,,,,
seed17_failure_middle_cycle85.npz,17,failure,middle,85,6.885823177809747,7.867357102287764,640,2,7042802,0,False,354.0457079943735,,,,0.0,,,,
seed17_failure_middle_cycle85.npz,17,failure,middle,85,6.885823177809747,7.867357102287764,640,3,7042803,0,False,381.8944999948144,,,,0.0,,,,
seed17_failure_middle_cycle85.npz,17,failure,middle,85,6.885823177809747,7.867357102287764,640,4,7042804,0,False,438.45266599964816,,,,0.0,,,,
seed17_failure_middle_cycle85.npz,17,failure,middle,85,6.885823177809747,7.867357102287764,640,5,7042805,0,False,398.7243339943234,,,,0.0,,,,
seed17_failure_middle_cycle85.npz,17,failure,middle,85,6.885823177809747,7.867357102287764,640,6,7042806,0,False,380.69149998773355,,,,0.0,,,,
seed17_failure_middle_cycle85.npz,17,failure,middle,85,6.885823177809747,7.867357102287764,640,7,7042807,0,False,375.0551249977434,,,,0.0,,,,
seed17_failure_middle_cycle85.npz,17,failure,middle,85,6.885823177809747,7.867357102287764,640,8,7042808,0,False,380.95487499958836,,,,0.0,,,,
seed17_failure_middle_cycle85.npz,17,failure,middle,85,6.885823177809747,7.867357102287764,640,9,7042809,0,False,392.4280000064755,,,,0.0,,,,
seed17_failure_middle_cycle85.npz,17,failure,middle,85,6.885823177809747,7.867357102287764,640,10,7042810,0,False,387.31808299780823,,,,0.0,,,,
seed17_failure_middle_cycle85.npz,17,failure,middle,85,6.885823177809747,7.867357102287764,640,11,7042811,0,False,364.44437500904314,,,,0.0,,,,
seed17_failure_middle_cycle85.npz,17,failure,middle,85,6.885823177809747,7.867357102287764,640,12,7042812,0,False,361.7180409928551,,,,0.0,,,,
seed17_failure_middle_cycle85.npz,17,failure,middle,85,6.885823177809747,7.867357102287764,640,13,7042813,0,False,359.73887499130797,,,,0.0,,,,
seed17_failure_middle_cycle85.npz,17,failure,middle,85,6.885823177809747,7.867357102287764,640,14,7042814,0,False,375.0048749934649,,,,0.0,,,,
seed17_failure_middle_cycle85.npz,17,failure,middle,85,6.885823177809747,7.867357102287764,640,15,7042815,0,False,384.76608401106205,,,,0.0,,,,
seed17_failure_middle_cycle85.npz,17,failure,middle,85,6.885823177809747,7.867357102287764,640,16,7042816,0,False,411.96433300501667,,,,0.0,,,,
seed17_failure_middle_cycle85.npz,17,failure,middle,85,6.885823177809747,7.867357102287764,640,17,7042817,0,False,362.9862500092713,,,,0.0,,,,
seed17_failure_middle_cycle85.npz,17,failure,middle,85,6.885823177809747,7.867357102287764,640,18,7042818,0,False,396.70020900666714,,,,0.0,,,,
seed17_failure_middle_cycle85.npz,17,failure,middle,85,6.885823177809747,7.867357102287764,640,19,7042819,0,False,359.91754100541584,,,,0.0,,,,
seed17_failure_nearest_first_turn_cycle112.npz,17,failure,nearest_first_turn,112,2.8046831066376945,1.1973928777544545,80,0,7041600,0,False,54.287334001855925,,,,0.0,,,,
seed17_failure_nearest_first_turn_cycle112.npz,17,failure,nearest_first_turn,112,2.8046831066376945,1.1973928777544545,80,1,7041601,0,False,51.50341699481942,,,,0.0,,,,
seed17_failure_nearest_first_turn_cycle112.npz,17,failure,nearest_first_turn,112,2.8046831066376945,1.1973928777544545,80,2,7041602,0,False,50.107624992961064,,,,0.0,,,,
seed17_failure_nearest_first_turn_cycle112.npz,17,failure,nearest_first_turn,112,2.8046831066376945,1.1973928777544545,80,3,7041603,0,False,49.7683749999851,,,,0.0,,,,
seed17_failure_nearest_first_turn_cycle112.npz,17,failure,nearest_first_turn,112,2.8046831066376945,1.1973928777544545,80,4,7041604,0,False,49.50799999642186,,,,0.0,,,,
seed17_failure_nearest_first_turn_cycle112.npz,17,failure,nearest_first_turn,112,2.8046831066376945,1.1973928777544545,80,5,7041605,0,False,49.79825000918936,,,,0.0,,,,
seed17_failure_nearest_first_turn_cycle112.npz,17,failure,nearest_first_turn,112,2.8046831066376945,1.1973928777544545,80,6,7041606,0,False,52.31162501149811,,,,0.0,,,,
seed17_failure_nearest_first_turn_cycle112.npz,17,failure,nearest_first_turn,112,2.8046831066376945,1.1973928777544545,80,7,7041607,0,False,50.42850000609178,,,,0.0,,,,
seed17_failure_nearest_first_turn_cycle112.npz,17,failure,nearest_first_turn,112,2.8046831066376945,1.1973928777544545,80,8,7041608,0,False,49.9702920060372,,,,0.0,,,,
seed17_failure_nearest_first_turn_cycle112.npz,17,failure,nearest_first_turn,112,2.8046831066376945,1.1973928777544545,80,9,7041609,0,False,49.79845799971372,,,,0.0,,,,
seed17_failure_nearest_first_turn_cycle112.npz,17,failure,nearest_first_turn,112,2.8046831066376945,1.1973928777544545,80,10,7041610,0,False,49.813791003543884,,,,0.0,,,,
seed17_failure_nearest_first_turn_cycle112.npz,17,failure,nearest_first_turn,112,2.8046831066376945,1.1973928777544545,80,11,7041611,0,False,49.833791999844834,,,,0.0,,,,
seed17_failure_nearest_first_turn_cycle112.npz,17,failure,nearest_first_turn,112,2.8046831066376945,1.1973928777544545,80,12,7041612,0,False,49.878833000548184,,,,0.0,,,,
seed17_failure_nearest_first_turn_cycle112.npz,17,failure,nearest_first_turn,112,2.8046831066376945,1.1973928777544545,80,13,7041613,0,False,50.91874999925494,,,,0.0,,,,
seed17_failure_nearest_first_turn_cycle112.npz,17,failure,nearest_first_turn,112,2.8046831066376945,1.1973928777544545,80,14,7041614,0,False,49.716374996933155,,,,0.0,,,,
seed17_failure_nearest_first_turn_cycle112.npz,17,failure,nearest_first_turn,112,2.8046831066376945,1.1973928777544545,80,15,7041615,0,False,49.889457994140685,,,,0.0,,,,
seed17_failure_nearest_first_turn_cycle112.npz,17,failure,nearest_first_turn,112,2.8046831066376945,1.1973928777544545,80,16,7041616,0,False,50.03766699519474,,,,0.0,,,,
seed17_failure_nearest_first_turn_cycle112.npz,17,failure,nearest_first_turn,112,2.8046831066376945,1.1973928777544545,80,17,7041617,0,False,53.80066701036412,,,,0.0,,,,
seed17_failure_nearest_first_turn_cycle112.npz,17,failure,nearest_first_turn,112,2.8046831066376945,1.1973928777544545,80,18,7041618,0,False,51.81237499346025,,,,0.0,,,,
seed17_failure_nearest_first_turn_cycle112.npz,17,failure,nearest_first_turn,112,2.8046831066376945,1.1973928777544545,80,19,7041619,0,False,49.75137500150595,,,,0.0,,,,
seed17_failure_nearest_first_turn_cycle112.npz,17,failure,nearest_first_turn,112,2.8046831066376945,1.1973928777544545,160,0,7043200,0,False,93.35474998806603,,,,0.0,,,,
seed17_failure_nearest_first_turn_cycle112.npz,17,failure,nearest_first_turn,112,2.8046831066376945,1.1973928777544545,160,1,7043201,0,False,92.41324999311473,,,,0.0,,,,
seed17_failure_nearest_first_turn_cycle112.npz,17,failure,nearest_first_turn,112,2.8046831066376945,1.1973928777544545,160,2,7043202,0,False,92.52358399680816,,,,0.0,,,,
seed17_failure_nearest_first_turn_cycle112.npz,17,failure,nearest_first_turn,112,2.8046831066376945,1.1973928777544545,160,3,7043203,0,False,92.3677079990739,,,,0.0,,,,
seed17_failure_nearest_first_turn_cycle112.npz,17,failure,nearest_first_turn,112,2.8046831066376945,1.1973928777544545,160,4,7043204,0,False,93.07970800728071,,,,0.0,,,,
seed17_failure_nearest_first_turn_cycle112.npz,17,failure,nearest_first_turn,112,2.8046831066376945,1.1973928777544545,160,5,7043205,0,False,106.16083300556056,,,,0.0,,,,
seed17_failure_nearest_first_turn_cycle112.npz,17,failure,nearest_first_turn,112,2.8046831066376945,1.1973928777544545,160,6,7043206,0,False,91.57108300132677,,,,0.0,,,,
seed17_failure_nearest_first_turn_cycle112.npz,17,failure,nearest_first_turn,112,2.8046831066376945,1.1973928777544545,160,7,7043207,0,False,91.42637500190176,,,,0.0,,,,
seed17_failure_nearest_first_turn_cycle112.npz,17,failure,nearest_first_turn,112,2.8046831066376945,1.1973928777544545,160,8,7043208,0,False,91.81304198864382,,,,0.0,,,,
seed17_failure_nearest_first_turn_cycle112.npz,17,failure,nearest_first_turn,112,2.8046831066376945,1.1973928777544545,160,9,7043209,0,False,91.86391699768137,,,,0.0,,,,
seed17_failure_nearest_first_turn_cycle112.npz,17,failure,nearest_first_turn,112,2.8046831066376945,1.1973928777544545,160,10,7043210,0,False,91.56145800079685,,,,0.0,,,,
seed17_failure_nearest_first_turn_cycle112.npz,17,failure,nearest_first_turn,112,2.8046831066376945,1.1973928777544545,160,11,7043211,0,False,91.71595900261309,,,,0.0,,,,
seed17_failure_nearest_first_turn_cycle112.npz,17,failure,nearest_first_turn,112,2.8046831066376945,1.1973928777544545,160,12,7043212,0,False,96.91404200566467,,,,0.0,,,,
seed17_failure_nearest_first_turn_cycle112.npz,17,failure,nearest_first_turn,112,2.8046831066376945,1.1973928777544545,160,13,7043213,0,False,94.53420799400192,,,,0.0,,,,
seed17_failure_nearest_first_turn_cycle112.npz,17,failure,nearest_first_turn,112,2.8046831066376945,1.1973928777544545,160,14,7043214,0,False,91.16366700618528,,,,0.0,,,,
seed17_failure_nearest_first_turn_cycle112.npz,17,failure,nearest_first_turn,112,2.8046831066376945,1.1973928777544545,160,15,7043215,0,False,91.13145800074562,,,,0.0,,,,
seed17_failure_nearest_first_turn_cycle112.npz,17,failure,nearest_first_turn,112,2.8046831066376945,1.1973928777544545,160,16,7043216,0,False,91.38837500358932,,,,0.0,,,,
seed17_failure_nearest_first_turn_cycle112.npz,17,failure,nearest_first_turn,112,2.8046831066376945,1.1973928777544545,160,17,7043217,0,False,90.82445800595451,,,,0.0,,,,
seed17_failure_nearest_first_turn_cycle112.npz,17,failure,nearest_first_turn,112,2.8046831066376945,1.1973928777544545,160,18,7043218,0,False,91.13191699725576,,,,0.0,,,,
seed17_failure_nearest_first_turn_cycle112.npz,17,failure,nearest_first_turn,112,2.8046831066376945,1.1973928777544545,160,19,7043219,0,False,91.09658400120679,,,,0.0,,,,
seed17_failure_nearest_first_turn_cycle112.npz,17,failure,nearest_first_turn,112,2.8046831066376945,1.1973928777544545,320,0,7046400,0,False,178.00083399924915,,,,0.0,,,,
seed17_failure_nearest_first_turn_cycle112.npz,17,failure,nearest_first_turn,112,2.8046831066376945,1.1973928777544545,320,1,7046401,0,False,175.48212499241345,,,,0.0,,,,
seed17_failure_nearest_first_turn_cycle112.npz,17,failure,nearest_first_turn,112,2.8046831066376945,1.1973928777544545,320,2,7046402,0,False,175.95183399680536,,,,0.0,,,,
seed17_failure_nearest_first_turn_cycle112.npz,17,failure,nearest_first_turn,112,2.8046831066376945,1.1973928777544545,320,3,7046403,0,False,175.4570409975713,,,,0.0,,,,
seed17_failure_nearest_first_turn_cycle112.npz,17,failure,nearest_first_turn,112,2.8046831066376945,1.1973928777544545,320,4,7046404,0,False,177.1089160029078,,,,0.0,,,,
seed17_failure_nearest_first_turn_cycle112.npz,17,failure,nearest_first_turn,112,2.8046831066376945,1.1973928777544545,320,5,7046405,0,False,178.88795799808577,,,,0.0,,,,
seed17_failure_nearest_first_turn_cycle112.npz,17,failure,nearest_first_turn,112,2.8046831066376945,1.1973928777544545,320,6,7046406,0,False,182.9911670065485,,,,0.0,,,,
seed17_failure_nearest_first_turn_cycle112.npz,17,failure,nearest_first_turn,112,2.8046831066376945,1.1973928777544545,320,7,7046407,0,False,181.39212499954738,,,,0.0,,,,
seed17_failure_nearest_first_turn_cycle112.npz,17,failure,nearest_first_turn,112,2.8046831066376945,1.1973928777544545,320,8,7046408,0,False,200.1889579987619,,,,0.0,,,,
seed17_failure_nearest_first_turn_cycle112.npz,17,failure,nearest_first_turn,112,2.8046831066376945,1.1973928777544545,320,9,7046409,0,False,175.10525000398047,,,,0.0,,,,
seed17_failure_nearest_first_turn_cycle112.npz,17,failure,nearest_first_turn,112,2.8046831066376945,1.1973928777544545,320,10,7046410,0,False,179.71366600249894,,,,0.0,,,,
seed17_failure_nearest_first_turn_cycle112.npz,17,failure,nearest_first_turn,112,2.8046831066376945,1.1973928777544545,320,11,7046411,0,False,175.22266699234024,,,,0.0,,,,
seed17_failure_nearest_first_turn_cycle112.npz,17,failure,nearest_first_turn,112,2.8046831066376945,1.1973928777544545,320,12,7046412,0,False,174.82649999146815,,,,0.0,,,,
seed17_failure_nearest_first_turn_cycle112.npz,17,failure,nearest_first_turn,112,2.8046831066376945,1.1973928777544545,320,13,7046413,0,False,179.0883330104407,,,,0.0,,,,
seed17_failure_nearest_first_turn_cycle112.npz,17,failure,nearest_first_turn,112,2.8046831066376945,1.1973928777544545,320,14,7046414,0,False,176.06329199043103,,,,0.0,,,,
seed17_failure_nearest_first_turn_cycle112.npz,17,failure,nearest_first_turn,112,2.8046831066376945,1.1973928777544545,320,15,7046415,0,False,175.11470899626147,,,,0.0,,,,
seed17_failure_nearest_first_turn_cycle112.npz,17,failure,nearest_first_turn,112,2.8046831066376945,1.1973928777544545,320,16,7046416,0,False,178.29587499727495,,,,0.0,,,,
seed17_failure_nearest_first_turn_cycle112.npz,17,failure,nearest_first_turn,112,2.8046831066376945,1.1973928777544545,320,17,7046417,0,False,173.7321249966044,,,,0.0,,,,
seed17_failure_nearest_first_turn_cycle112.npz,17,failure,nearest_first_turn,112,2.8046831066376945,1.1973928777544545,320,18,7046418,0,False,177.7121659979457,,,,0.0,,,,
seed17_failure_nearest_first_turn_cycle112.npz,17,failure,nearest_first_turn,112,2.8046831066376945,1.1973928777544545,320,19,7046419,0,False,188.69516700215172,,,,0.0,,,,
seed17_failure_nearest_first_turn_cycle112.npz,17,failure,nearest_first_turn,112,2.8046831066376945,1.1973928777544545,640,0,7052800,0,False,370.76049999450333,,,,0.0,,,,
seed17_failure_nearest_first_turn_cycle112.npz,17,failure,nearest_first_turn,112,2.8046831066376945,1.1973928777544545,640,1,7052801,0,False,368.7333749985555,,,,0.0,,,,
seed17_failure_nearest_first_turn_cycle112.npz,17,failure,nearest_first_turn,112,2.8046831066376945,1.1973928777544545,640,2,7052802,0,False,381.0569170018425,,,,0.0,,,,
seed17_failure_nearest_first_turn_cycle112.npz,17,failure,nearest_first_turn,112,2.8046831066376945,1.1973928777544545,640,3,7052803,0,False,360.1557910005795,,,,0.0,,,,
seed17_failure_nearest_first_turn_cycle112.npz,17,failure,nearest_first_turn,112,2.8046831066376945,1.1973928777544545,640,4,7052804,0,False,358.3887080021668,,,,0.0,,,,
seed17_failure_nearest_first_turn_cycle112.npz,17,failure,nearest_first_turn,112,2.8046831066376945,1.1973928777544545,640,5,7052805,0,False,364.75104199780617,,,,0.0,,,,
seed17_failure_nearest_first_turn_cycle112.npz,17,failure,nearest_first_turn,112,2.8046831066376945,1.1973928777544545,640,6,7052806,0,False,369.4043750001583,,,,0.0,,,,
seed17_failure_nearest_first_turn_cycle112.npz,17,failure,nearest_first_turn,112,2.8046831066376945,1.1973928777544545,640,7,7052807,0,False,379.65520900615957,,,,0.0,,,,
seed17_failure_nearest_first_turn_cycle112.npz,17,failure,nearest_first_turn,112,2.8046831066376945,1.1973928777544545,640,8,7052808,0,False,394.20725000672974,,,,0.0,,,,
seed17_failure_nearest_first_turn_cycle112.npz,17,failure,nearest_first_turn,112,2.8046831066376945,1.1973928777544545,640,9,7052809,0,False,394.9160830088658,,,,0.0,,,,
seed17_failure_nearest_first_turn_cycle112.npz,17,failure,nearest_first_turn,112,2.8046831066376945,1.1973928777544545,640,10,7052810,0,False,384.5321670087287,,,,0.0,,,,
seed17_failure_nearest_first_turn_cycle112.npz,17,failure,nearest_first_turn,112,2.8046831066376945,1.1973928777544545,640,11,7052811,0,False,376.2903750030091,,,,0.0,,,,
seed17_failure_nearest_first_turn_cycle112.npz,17,failure,nearest_first_turn,112,2.8046831066376945,1.1973928777544545,640,12,7052812,0,False,364.22412500542123,,,,0.0,,,,
seed17_failure_nearest_first_turn_cycle112.npz,17,failure,nearest_first_turn,112,2.8046831066376945,1.1973928777544545,640,13,7052813,0,False,366.0284590005176,,,,0.0,,,,
seed17_failure_nearest_first_turn_cycle112.npz,17,failure,nearest_first_turn,112,2.8046831066376945,1.1973928777544545,640,14,7052814,0,False,364.5284999947762,,,,0.0,,,,
seed17_failure_nearest_first_turn_cycle112.npz,17,failure,nearest_first_turn,112,2.8046831066376945,1.1973928777544545,640,15,7052815,0,False,370.7737910008291,,,,0.0,,,,
seed17_failure_nearest_first_turn_cycle112.npz,17,failure,nearest_first_turn,112,2.8046831066376945,1.1973928777544545,640,16,7052816,0,False,362.0851669984404,,,,0.0,,,,
seed17_failure_nearest_first_turn_cycle112.npz,17,failure,nearest_first_turn,112,2.8046831066376945,1.1973928777544545,640,17,7052817,0,False,382.927667000331,,,,0.0,,,,
seed17_failure_nearest_first_turn_cycle112.npz,17,failure,nearest_first_turn,112,2.8046831066376945,1.1973928777544545,640,18,7052818,0,False,362.1499589935411,,,,0.0,,,,
seed17_failure_nearest_first_turn_cycle112.npz,17,failure,nearest_first_turn,112,2.8046831066376945,1.1973928777544545,640,19,7052819,0,False,363.1147909909487,,,,0.0,,,,
seed17_failure_before_recovery_cycle117.npz,17,failure,before_recovery,117,2.808447343441383,2.385686262666048,80,0,7051600,0,False,51.09216699202079,,,,0.0,,,,
seed17_failure_before_recovery_cycle117.npz,17,failure,before_recovery,117,2.808447343441383,2.385686262666048,80,1,7051601,0,False,49.211457997444086,,,,0.0,,,,
seed17_failure_before_recovery_cycle117.npz,17,failure,before_recovery,117,2.808447343441383,2.385686262666048,80,2,7051602,0,False,49.53104199375957,,,,0.0,,,,
seed17_failure_before_recovery_cycle117.npz,17,failure,before_recovery,117,2.808447343441383,2.385686262666048,80,3,7051603,0,False,52.430083000217564,,,,0.0,,,,
seed17_failure_before_recovery_cycle117.npz,17,failure,before_recovery,117,2.808447343441383,2.385686262666048,80,4,7051604,0,False,56.93220799730625,,,,0.0,,,,
seed17_failure_before_recovery_cycle117.npz,17,failure,before_recovery,117,2.808447343441383,2.385686262666048,80,5,7051605,0,False,53.38237500109244,,,,0.0,,,,
seed17_failure_before_recovery_cycle117.npz,17,failure,before_recovery,117,2.808447343441383,2.385686262666048,80,6,7051606,0,False,51.043332990957424,,,,0.0,,,,
seed17_failure_before_recovery_cycle117.npz,17,failure,before_recovery,117,2.808447343441383,2.385686262666048,80,7,7051607,0,False,51.20587500277907,,,,0.0,,,,
seed17_failure_before_recovery_cycle117.npz,17,failure,before_recovery,117,2.808447343441383,2.385686262666048,80,8,7051608,0,False,52.844082994852215,,,,0.0,,,,
seed17_failure_before_recovery_cycle117.npz,17,failure,before_recovery,117,2.808447343441383,2.385686262666048,80,9,7051609,0,False,49.638208001852036,,,,0.0,,,,
seed17_failure_before_recovery_cycle117.npz,17,failure,before_recovery,117,2.808447343441383,2.385686262666048,80,10,7051610,0,False,49.02941700129304,,,,0.0,,,,
seed17_failure_before_recovery_cycle117.npz,17,failure,before_recovery,117,2.808447343441383,2.385686262666048,80,11,7051611,0,False,49.32091600494459,,,,0.0,,,,
seed17_failure_before_recovery_cycle117.npz,17,failure,before_recovery,117,2.808447343441383,2.385686262666048,80,12,7051612,0,False,49.042457991163246,,,,0.0,,,,
seed17_failure_before_recovery_cycle117.npz,17,failure,before_recovery,117,2.808447343441383,2.385686262666048,80,13,7051613,0,False,49.37495899503119,,,,0.0,,,,
seed17_failure_before_recovery_cycle117.npz,17,failure,before_recovery,117,2.808447343441383,2.385686262666048,80,14,7051614,0,False,48.996083001839,,,,0.0,,,,
seed17_failure_before_recovery_cycle117.npz,17,failure,before_recovery,117,2.808447343441383,2.385686262666048,80,15,7051615,0,False,51.26591699081473,,,,0.0,,,,
seed17_failure_before_recovery_cycle117.npz,17,failure,before_recovery,117,2.808447343441383,2.385686262666048,80,16,7051616,0,False,50.81783300556708,,,,0.0,,,,
seed17_failure_before_recovery_cycle117.npz,17,failure,before_recovery,117,2.808447343441383,2.385686262666048,80,17,7051617,0,False,50.603875002707355,,,,0.0,,,,
seed17_failure_before_recovery_cycle117.npz,17,failure,before_recovery,117,2.808447343441383,2.385686262666048,80,18,7051618,0,False,51.40904198924545,,,,0.0,,,,
seed17_failure_before_recovery_cycle117.npz,17,failure,before_recovery,117,2.808447343441383,2.385686262666048,80,19,7051619,0,False,48.429000002215616,,,,0.0,,,,
seed17_failure_before_recovery_cycle117.npz,17,failure,before_recovery,117,2.808447343441383,2.385686262666048,160,0,7053200,0,False,104.54095898603555,,,,0.0,,,,
seed17_failure_before_recovery_cycle117.npz,17,failure,before_recovery,117,2.808447343441383,2.385686262666048,160,1,7053201,0,False,100.27037499821745,,,,0.0,,,,
seed17_failure_before_recovery_cycle117.npz,17,failure,before_recovery,117,2.808447343441383,2.385686262666048,160,2,7053202,0,False,106.03933299717028,,,,0.0,,,,
seed17_failure_before_recovery_cycle117.npz,17,failure,before_recovery,117,2.808447343441383,2.385686262666048,160,3,7053203,0,False,115.00287499802653,,,,0.0,,,,
seed17_failure_before_recovery_cycle117.npz,17,failure,before_recovery,117,2.808447343441383,2.385686262666048,160,4,7053204,0,False,94.16945900011342,,,,0.0,,,,
seed17_failure_before_recovery_cycle117.npz,17,failure,before_recovery,117,2.808447343441383,2.385686262666048,160,5,7053205,0,False,93.30820900504477,,,,0.0,,,,
seed17_failure_before_recovery_cycle117.npz,17,failure,before_recovery,117,2.808447343441383,2.385686262666048,160,6,7053206,0,False,93.0715419963235,,,,0.0,,,,
seed17_failure_before_recovery_cycle117.npz,17,failure,before_recovery,117,2.808447343441383,2.385686262666048,160,7,7053207,0,False,90.9859579987824,,,,0.0,,,,
seed17_failure_before_recovery_cycle117.npz,17,failure,before_recovery,117,2.808447343441383,2.385686262666048,160,8,7053208,0,False,93.78412499791011,,,,0.0,,,,
seed17_failure_before_recovery_cycle117.npz,17,failure,before_recovery,117,2.808447343441383,2.385686262666048,160,9,7053209,0,False,108.9933749899501,,,,0.0,,,,
seed17_failure_before_recovery_cycle117.npz,17,failure,before_recovery,117,2.808447343441383,2.385686262666048,160,10,7053210,0,False,92.40675000182819,,,,0.0,,,,
seed17_failure_before_recovery_cycle117.npz,17,failure,before_recovery,117,2.808447343441383,2.385686262666048,160,11,7053211,0,False,92.43754101044033,,,,0.0,,,,
seed17_failure_before_recovery_cycle117.npz,17,failure,before_recovery,117,2.808447343441383,2.385686262666048,160,12,7053212,0,False,92.59183300309815,,,,0.0,,,,
seed17_failure_before_recovery_cycle117.npz,17,failure,before_recovery,117,2.808447343441383,2.385686262666048,160,13,7053213,0,False,92.46995800640434,,,,0.0,,,,
seed17_failure_before_recovery_cycle117.npz,17,failure,before_recovery,117,2.808447343441383,2.385686262666048,160,14,7053214,0,False,92.78150000318419,,,,0.0,,,,
seed17_failure_before_recovery_cycle117.npz,17,failure,before_recovery,117,2.808447343441383,2.385686262666048,160,15,7053215,0,False,116.49879200558644,,,,0.0,,,,
seed17_failure_before_recovery_cycle117.npz,17,failure,before_recovery,117,2.808447343441383,2.385686262666048,160,16,7053216,0,False,91.95620799437165,,,,0.0,,,,
seed17_failure_before_recovery_cycle117.npz,17,failure,before_recovery,117,2.808447343441383,2.385686262666048,160,17,7053217,0,False,91.62154200021178,,,,0.0,,,,
seed17_failure_before_recovery_cycle117.npz,17,failure,before_recovery,117,2.808447343441383,2.385686262666048,160,18,7053218,0,False,91.34174999780953,,,,0.0,,,,
seed17_failure_before_recovery_cycle117.npz,17,failure,before_recovery,117,2.808447343441383,2.385686262666048,160,19,7053219,0,False,91.35887499724049,,,,0.0,,,,
seed17_failure_before_recovery_cycle117.npz,17,failure,before_recovery,117,2.808447343441383,2.385686262666048,320,0,7056400,0,False,177.228082990041,,,,0.0,,,,
seed17_failure_before_recovery_cycle117.npz,17,failure,before_recovery,117,2.808447343441383,2.385686262666048,320,1,7056401,0,False,206.2879159930162,,,,0.0,,,,
seed17_failure_before_recovery_cycle117.npz,17,failure,before_recovery,117,2.808447343441383,2.385686262666048,320,2,7056402,0,False,228.27208299713675,,,,0.0,,,,
seed17_failure_before_recovery_cycle117.npz,17,failure,before_recovery,117,2.808447343441383,2.385686262666048,320,3,7056403,0,False,190.34066700260155,,,,0.0,,,,
seed17_failure_before_recovery_cycle117.npz,17,failure,before_recovery,117,2.808447343441383,2.385686262666048,320,4,7056404,0,False,195.20595799258444,,,,0.0,,,,
seed17_failure_before_recovery_cycle117.npz,17,failure,before_recovery,117,2.808447343441383,2.385686262666048,320,5,7056405,0,False,208.8466670102207,,,,0.0,,,,
seed17_failure_before_recovery_cycle117.npz,17,failure,before_recovery,117,2.808447343441383,2.385686262666048,320,6,7056406,0,False,194.24604199593887,,,,0.0,,,,
seed17_failure_before_recovery_cycle117.npz,17,failure,before_recovery,117,2.808447343441383,2.385686262666048,320,7,7056407,0,False,175.5547919892706,,,,0.0,,,,
seed17_failure_before_recovery_cycle117.npz,17,failure,before_recovery,117,2.808447343441383,2.385686262666048,320,8,7056408,0,False,172.43775000679307,,,,0.0,,,,
seed17_failure_before_recovery_cycle117.npz,17,failure,before_recovery,117,2.808447343441383,2.385686262666048,320,9,7056409,0,False,171.39062500791624,,,,0.0,,,,
seed17_failure_before_recovery_cycle117.npz,17,failure,before_recovery,117,2.808447343441383,2.385686262666048,320,10,7056410,0,False,192.90325000474695,,,,0.0,,,,
seed17_failure_before_recovery_cycle117.npz,17,failure,before_recovery,117,2.808447343441383,2.385686262666048,320,11,7056411,0,False,180.08433299837634,,,,0.0,,,,
seed17_failure_before_recovery_cycle117.npz,17,failure,before_recovery,117,2.808447343441383,2.385686262666048,320,12,7056412,0,False,196.0957910050638,,,,0.0,,,,
seed17_failure_before_recovery_cycle117.npz,17,failure,before_recovery,117,2.808447343441383,2.385686262666048,320,13,7056413,0,False,173.0840420059394,,,,0.0,,,,
seed17_failure_before_recovery_cycle117.npz,17,failure,before_recovery,117,2.808447343441383,2.385686262666048,320,14,7056414,0,False,171.7090830061352,,,,0.0,,,,
seed17_failure_before_recovery_cycle117.npz,17,failure,before_recovery,117,2.808447343441383,2.385686262666048,320,15,7056415,0,False,226.67699999874458,,,,0.0,,,,
seed17_failure_before_recovery_cycle117.npz,17,failure,before_recovery,117,2.808447343441383,2.385686262666048,320,16,7056416,0,False,202.22683300380595,,,,0.0,,,,
seed17_failure_before_recovery_cycle117.npz,17,failure,before_recovery,117,2.808447343441383,2.385686262666048,320,17,7056417,0,False,179.99712500022724,,,,0.0,,,,
seed17_failure_before_recovery_cycle117.npz,17,failure,before_recovery,117,2.808447343441383,2.385686262666048,320,18,7056418,0,False,175.18304100667592,,,,0.0,,,,
seed17_failure_before_recovery_cycle117.npz,17,failure,before_recovery,117,2.808447343441383,2.385686262666048,320,19,7056419,0,False,174.08549999527168,,,,0.0,,,,
seed17_failure_before_recovery_cycle117.npz,17,failure,before_recovery,117,2.808447343441383,2.385686262666048,640,0,7062800,0,False,361.5586250089109,,,,0.0,,,,
seed17_failure_before_recovery_cycle117.npz,17,failure,before_recovery,117,2.808447343441383,2.385686262666048,640,1,7062801,0,False,371.8491249892395,,,,0.0,,,,
seed17_failure_before_recovery_cycle117.npz,17,failure,before_recovery,117,2.808447343441383,2.385686262666048,640,2,7062802,0,False,368.36641700938344,,,,0.0,,,,
seed17_failure_before_recovery_cycle117.npz,17,failure,before_recovery,117,2.808447343441383,2.385686262666048,640,3,7062803,0,False,428.1622920098016,,,,0.0,,,,
seed17_failure_before_recovery_cycle117.npz,17,failure,before_recovery,117,2.808447343441383,2.385686262666048,640,4,7062804,0,False,368.47362499975134,,,,0.0,,,,
seed17_failure_before_recovery_cycle117.npz,17,failure,before_recovery,117,2.808447343441383,2.385686262666048,640,5,7062805,0,False,361.4327919931384,,,,0.0,,,,
seed17_failure_before_recovery_cycle117.npz,17,failure,before_recovery,117,2.808447343441383,2.385686262666048,640,6,7062806,0,False,359.5564999995986,,,,0.0,,,,
seed17_failure_before_recovery_cycle117.npz,17,failure,before_recovery,117,2.808447343441383,2.385686262666048,640,7,7062807,0,False,370.94583400175907,,,,0.0,,,,
seed17_failure_before_recovery_cycle117.npz,17,failure,before_recovery,117,2.808447343441383,2.385686262666048,640,8,7062808,0,False,393.31995899556205,,,,0.0,,,,
seed17_failure_before_recovery_cycle117.npz,17,failure,before_recovery,117,2.808447343441383,2.385686262666048,640,9,7062809,0,False,364.28570799762383,,,,0.0,,,,
seed17_failure_before_recovery_cycle117.npz,17,failure,before_recovery,117,2.808447343441383,2.385686262666048,640,10,7062810,0,False,391.4942920091562,,,,0.0,,,,
seed17_failure_before_recovery_cycle117.npz,17,failure,before_recovery,117,2.808447343441383,2.385686262666048,640,11,7062811,0,False,396.19483400019817,,,,0.0,,,,
seed17_failure_before_recovery_cycle117.npz,17,failure,before_recovery,117,2.808447343441383,2.385686262666048,640,12,7062812,0,False,360.8211660030065,,,,0.0,,,,
seed17_failure_before_recovery_cycle117.npz,17,failure,before_recovery,117,2.808447343441383,2.385686262666048,640,13,7062813,0,False,372.0659999962663,,,,0.0,,,,
seed17_failure_before_recovery_cycle117.npz,17,failure,before_recovery,117,2.808447343441383,2.385686262666048,640,14,7062814,0,False,394.89262500137556,,,,0.0,,,,
seed17_failure_before_recovery_cycle117.npz,17,failure,before_recovery,117,2.808447343441383,2.385686262666048,640,15,7062815,0,False,363.13562499708496,,,,0.0,,,,
seed17_failure_before_recovery_cycle117.npz,17,failure,before_recovery,117,2.808447343441383,2.385686262666048,640,16,7062816,0,False,371.7308750055963,,,,0.0,,,,
seed17_failure_before_recovery_cycle117.npz,17,failure,before_recovery,117,2.808447343441383,2.385686262666048,640,17,7062817,0,False,355.82354200596455,,,,0.0,,,,
seed17_failure_before_recovery_cycle117.npz,17,failure,before_recovery,117,2.808447343441383,2.385686262666048,640,18,7062818,0,False,380.2407079929253,,,,0.0,,,,
seed17_failure_before_recovery_cycle117.npz,17,failure,before_recovery,117,2.808447343441383,2.385686262666048,640,19,7062819,0,False,388.303250001627,,,,0.0,,,,
seed17_control_control_1_cycle40.npz,17,control,control_1,40,7.698498073086465,46.3641810412303,80,0,7061600,70,True,52.55687500175554,-139259.08038737485,224.5743797965406,224.5743797965406,1.0,2.328539518370013,5.026971124343287,"[7.998498073086466, 0.0, 0.0, 0.0]","[8.15034718087822, -0.00852907045718112, 0.024946333772859125, 0.032825428733804916]"
seed17_control_control_1_cycle40.npz,17,control,control_1,40,7.698498073086465,46.3641810412303,80,1,7061601,70,True,49.31341699557379,-139259.08038737485,1149.7568769011123,1149.7568769011123,1.0,2.328539518370013,5.026971124343287,"[7.998498073086466, 0.0, 0.0, 0.0]","[8.15034718087822, -0.00852907045718112, 0.024946333772859125, 0.032825428733804916]"
seed17_control_control_1_cycle40.npz,17,control,control_1,40,7.698498073086465,46.3641810412303,80,2,7061602,66,True,48.04587499529589,-139259.08038737485,1359.6130419727415,1359.6130419727415,1.0,2.328539518370013,5.026971124343287,"[7.998498073086466, 0.0, 0.0, 0.0]","[8.15034718087822, -0.00852907045718112, 0.024946333772859125, 0.032825428733804916]"
seed17_control_control_1_cycle40.npz,17,control,control_1,40,7.698498073086465,46.3641810412303,80,3,7061603,67,True,44.89379200094845,-139259.08038737485,1177.3723590804439,1177.3723590804439,1.0,2.328539518370013,5.026971124343287,"[7.998498073086466, 0.0, 0.0, 0.0]","[8.15034718087822, -0.00852907045718112, 0.024946333772859125, 0.032825428733804916]"
seed17_control_control_1_cycle40.npz,17,control,control_1,40,7.698498073086465,46.3641810412303,80,4,7061604,71,True,44.893875005072914,-139259.08038737485,638.738717307453,638.738717307453,1.0,2.328539518370013,5.026971124343287,"[7.998498073086466, 0.0, 0.0, 0.0]","[8.15034718087822, -0.00852907045718112, 0.024946333772859125, 0.032825428733804916]"
seed17_control_control_1_cycle40.npz,17,control,control_1,40,7.698498073086465,46.3641810412303,80,5,7061605,70,True,44.799582989071496,-139259.08038737485,446.4753851207497,446.4753851207497,1.0,2.328539518370013,5.026971124343287,"[7.998498073086466, 0.0, 0.0, 0.0]","[8.15034718087822, -0.00852907045718112, 0.024946333772859125, 0.032825428733804916]"
seed17_control_control_1_cycle40.npz,17,control,control_1,40,7.698498073086465,46.3641810412303,80,6,7061606,78,True,44.43991600419395,-139259.08038737485,1434.547259189916,1434.547259189916,1.0,2.328539518370013,5.026971124343287,"[7.998498073086466, 0.0, 0.0, 0.0]","[8.15034718087822, -0.00852907045718112, 0.024946333772859125, 0.032825428733804916]"
seed17_control_control_1_cycle40.npz,17,control,control_1,40,7.698498073086465,46.3641810412303,80,7,7061607,73,True,44.722667007590644,-139259.08038737485,1219.9027712008392,1219.9027712008392,1.0,2.328539518370013,5.026971124343287,"[7.998498073086466, 0.0, 0.0, 0.0]","[8.15034718087822, -0.00852907045718112, 0.024946333772859125, 0.032825428733804916]"
seed17_control_control_1_cycle40.npz,17,control,control_1,40,7.698498073086465,46.3641810412303,80,8,7061608,70,True,44.49866600043606,-139259.08038737485,774.2749495421594,774.2749495421594,1.0,2.328539518370013,5.026971124343287,"[7.998498073086466, 0.0, 0.0, 0.0]","[8.15034718087822, -0.00852907045718112, 0.024946333772859125, 0.032825428733804916]"
seed17_control_control_1_cycle40.npz,17,control,control_1,40,7.698498073086465,46.3641810412303,80,9,7061609,74,True,44.54287500993814,-139259.08038737485,2211.0806014874543,2211.0806014874543,1.0,2.328539518370013,5.026971124343287,"[7.998498073086466, 0.0, 0.0, 0.0]","[8.15034718087822, -0.00852907045718112, 0.024946333772859125, 0.032825428733804916]"
seed17_control_control_1_cycle40.npz,17,control,control_1,40,7.698498073086465,46.3641810412303,80,10,7061610,76,True,44.441707999794744,-139259.08038737485,1027.1409049678477,1027.1409049678477,1.0,2.328539518370013,5.026971124343287,"[7.998498073086466, 0.0, 0.0, 0.0]","[8.15034718087822, -0.00852907045718112, 0.024946333772859125, 0.032825428733804916]"
seed17_control_control_1_cycle40.npz,17,control,control_1,40,7.698498073086465,46.3641810412303,80,11,7061611,71,True,45.93958301120438,-139259.08038737485,111.6727227040974,111.6727227040974,1.0,2.328539518370013,5.026971124343287,"[7.998498073086466, 0.0, 0.0, 0.0]","[8.15034718087822, -0.00852907045718112, 0.024946333772859125, 0.032825428733804916]"
seed17_control_control_1_cycle40.npz,17,control,control_1,40,7.698498073086465,46.3641810412303,80,12,7061612,70,True,47.081541997613385,-139259.08038737485,81.64739521750016,81.64739521750016,1.0,2.328539518370013,5.026971124343287,"[7.998498073086466, 0.0, 0.0, 0.0]","[8.15034718087822, -0.00852907045718112, 0.024946333772859125, 0.032825428733804916]"
seed17_control_control_1_cycle40.npz,17,control,control_1,40,7.698498073086465,46.3641810412303,80,13,7061613,73,True,46.21787498763297,-139259.08038737485,968.7527712004667,968.7527712004667,1.0,2.328539518370013,5.026971124343287,"[7.998498073086466, 0.0, 0.0, 0.0]","[8.15034718087822, -0.00852907045718112, 0.024946333772859125, 0.032825428733804916]"
seed17_control_control_1_cycle40.npz,17,control,control_1,40,7.698498073086465,46.3641810412303,80,14,7061614,75,True,47.052416994119994,-139259.08038737485,1276.2714177762682,1276.2714177762682,1.0,2.328539518370013,5.026971124343287,"[7.998498073086466, 0.0, 0.0, 0.0]","[8.15034718087822, -0.00852907045718112, 0.024946333772859125, 0.032825428733804916]"
seed17_control_control_1_cycle40.npz,17,control,control_1,40,7.698498073086465,46.3641810412303,80,15,7061615,71,True,46.22791599831544,-139259.08038737485,832.7334933532693,832.7334933532693,1.0,2.328539518370013,5.026971124343287,"[7.998498073086466, 0.0, 0.0, 0.0]","[8.15034718087822, -0.00852907045718112, 0.024946333772859125, 0.032825428733804916]"
seed17_control_control_1_cycle40.npz,17,control,control_1,40,7.698498073086465,46.3641810412303,80,16,7061616,68,True,48.16820799896959,-139259.08038737485,284.6563654108322,284.6563654108322,1.0,2.328539518370013,5.026971124343287,"[7.998498073086466, 0.0, 0.0, 0.0]","[8.15034718087822, -0.00852907045718112, 0.024946333772859125, 0.032825428733804916]"
seed17_control_control_1_cycle40.npz,17,control,control_1,40,7.698498073086465,46.3641810412303,80,17,7061617,73,True,46.33425000065472,-139259.08038737485,674.1069945050986,674.1069945050986,1.0,2.328539518370013,5.026971124343287,"[7.998498073086466, 0.0, 0.0, 0.0]","[8.15034718087822, -0.00852907045718112, 0.024946333772859125, 0.032825428733804916]"
seed17_control_control_1_cycle40.npz,17,control,control_1,40,7.698498073086465,46.3641810412303,80,18,7061618,72,True,47.21362500276882,-139259.08038737485,725.4981156052963,725.4981156052963,1.0,2.328539518370013,5.026971124343287,"[7.998498073086466, 0.0, 0.0, 0.0]","[8.15034718087822, -0.00852907045718112, 0.024946333772859125, 0.032825428733804916]"
seed17_control_control_1_cycle40.npz,17,control,control_1,40,7.698498073086465,46.3641810412303,80,19,7061619,73,True,46.624499998870306,-139259.08038737485,1215.7353918446752,1215.7353918446752,1.0,2.328539518370013,5.026971124343287,"[7.998498073086466, 0.0, 0.0, 0.0]","[8.15034718087822, -0.00852907045718112, 0.024946333772859125, 0.032825428733804916]"
seed17_control_control_1_cycle40.npz,17,control,control_1,40,7.698498073086465,46.3641810412303,160,0,7063200,140,True,84.05050000874326,-139259.08038737485,704.349234063644,704.349234063644,1.0,2.328539518370013,5.026971124343287,"[7.998498073086466, 0.0, 0.0, 0.0]","[8.15034718087822, -0.00852907045718112, 0.024946333772859125, 0.032825428733804916]"
seed17_control_control_1_cycle40.npz,17,control,control_1,40,7.698498073086465,46.3641810412303,160,1,7063201,140,True,85.9473330056062,-139259.08038737485,912.8911489955499,912.8911489955499,1.0,2.328539518370013,5.026971124343287,"[7.998498073086466, 0.0, 0.0, 0.0]","[8.15034718087822, -0.00852907045718112, 0.024946333772859125, 0.032825428733804916]"
seed17_control_control_1_cycle40.npz,17,control,control_1,40,7.698498073086465,46.3641810412303,160,2,7063202,136,True,88.49574999476317,-139259.08038737485,899.0888166185468,899.0888166185468,1.0,2.328539518370013,5.026971124343287,"[7.998498073086466, 0.0, 0.0, 0.0]","[8.15034718087822, -0.00852907045718112, 0.024946333772859125, 0.032825428733804916]"
seed17_control_control_1_cycle40.npz,17,control,control_1,40,7.698498073086465,46.3641810412303,160,3,7063203,147,True,89.86462499888148,-139259.08038737485,849.0518558702315,849.0518558702315,1.0,2.328539518370013,5.026971124343287,"[7.998498073086466, 0.0, 0.0, 0.0]","[8.15034718087822, -0.00852907045718112, 0.024946333772859125, 0.032825428733804916]"
seed17_control_control_1_cycle40.npz,17,control,control_1,40,7.698498073086465,46.3641810412303,160,4,7063204,142,True,94.50200000719633,-139259.08038737485,367.0032654713723,367.0032654713723,1.0,2.328539518370013,5.026971124343287,"[7.998498073086466, 0.0, 0.0, 0.0]","[8.15034718087822, -0.00852907045718112, 0.024946333772859125, 0.032825428733804916]"
seed17_control_control_1_cycle40.npz,17,control,control_1,40,7.698498073086465,46.3641810412303,160,5,7063205,136,True,90.79649999330286,-139259.08038737485,521.3432727677864,521.3432727677864,1.0,2.328539518370013,5.026971124343287,"[7.998498073086466, 0.0, 0.0, 0.0]","[8.15034718087822, -0.00852907045718112, 0.024946333772859125, 0.032825428733804916]"
seed17_control_control_1_cycle40.npz,17,control,control_1,40,7.698498073086465,46.3641810412303,160,6,7063206,142,True,88.50266700028442,-139259.08038737485,336.0633867921133,336.0633867921133,1.0,2.328539518370013,5.026971124343287,"[7.998498073086466, 0.0, 0.0, 0.0]","[8.15034718087822, -0.00852907045718112, 0.024946333772859125, 0.032825428733804916]"
seed17_control_control_1_cycle40.npz,17,control,control_1,40,7.698498073086465,46.3641810412303,160,7,7063207,143,True,84.05479199427646,-139259.08038737485,263.4519353787182,263.4519353787182,1.0,2.328539518370013,5.026971124343287,"[7.998498073086466, 0.0, 0.0, 0.0]","[8.15034718087822, -0.00852907045718112, 0.024946333772859125, 0.032825428733804916]"
seed17_control_control_1_cycle40.npz,17,control,control_1,40,7.698498073086465,46.3641810412303,160,8,7063208,132,True,83.47741700708866,-139259.08038737485,640.5565882001247,640.5565882001247,1.0,2.328539518370013,5.026971124343287,"[7.998498073086466, 0.0, 0.0, 0.0]","[8.15034718087822, -0.00852907045718112, 0.024946333772859125, 0.032825428733804916]"
seed17_control_control_1_cycle40.npz,17,control,control_1,40,7.698498073086465,46.3641810412303,160,9,7063209,137,True,84.77899999707006,-139259.08038737485,1758.3661660366051,1758.3661660366051,1.0,2.328539518370013,5.026971124343287,"[7.998498073086466, 0.0, 0.0, 0.0]","[8.15034718087822, -0.00852907045718112, 0.024946333772859125, 0.032825428733804916]"
seed17_control_control_1_cycle40.npz,17,control,control_1,40,7.698498073086465,46.3641810412303,160,10,7063210,138,True,84.67779199418146,-139259.08038737485,981.6728390351054,981.6728390351054,1.0,2.328539518370013,5.026971124343287,"[7.998498073086466, 0.0, 0.0, 0.0]","[8.15034718087822, -0.00852907045718112, 0.024946333772859125, 0.032825428733804916]"
seed17_control_control_1_cycle40.npz,17,control,control_1,40,7.698498073086465,46.3641810412303,160,11,7063211,136,True,84.56870800000615,-139259.08038737485,477.01983898479375,477.01983898479375,1.0,2.328539518370013,5.026971124343287,"[7.998498073086466, 0.0, 0.0, 0.0]","[8.15034718087822, -0.00852907045718112, 0.024946333772859125, 0.032825428733804916]"
seed17_control_control_1_cycle40.npz,17,control,control_1,40,7.698498073086465,46.3641810412303,160,12,7063212,138,True,84.66287500050385,-139259.08038737485,444.69114249866107,444.69114249866107,1.0,2.328539518370013,5.026971124343287,"[7.998498073086466, 0.0, 0.0, 0.0]","[8.15034718087822, -0.00852907045718112, 0.024946333772859125, 0.032825428733804916]"
seed17_control_control_1_cycle40.npz,17,control,control_1,40,7.698498073086465,46.3641810412303,160,13,7063213,141,True,89.54695898864884,-139834.9055884388,575.8252010639408,575.8252010639408,1.0,2.809001996213549,4.959439484669184,"[9.194165049516526, -0.03972342532011214, 0.05854829509096368, 0.24492823990609378]","[8.509047273807237, -0.020446098053214762, 0.04251082230014823, 0.10630390070563304]"
seed17_control_control_1_cycle40.npz,17,control,control_1,40,7.698498073086465,46.3641810412303,160,14,7063214,141,True,91.72825000132434,-139259.08038737485,779.9779849043407,779.9779849043407,1.0,2.328539518370013,5.026971124343287,"[7.998498073086466, 0.0, 0.0, 0.0]","[8.15034718087822, -0.00852907045718112, 0.024946333772859125, 0.032825428733804916]"
seed17_control_control_1_cycle40.npz,17,control,control_1,40,7.698498073086465,46.3641810412303,160,15,7063215,135,True,90.32695899077225,-139259.08038737485,973.2619394393114,973.2619394393114,1.0,2.328539518370013,5.026971124343287,"[7.998498073086466, 0.0, 0.0, 0.0]","[8.15034718087822, -0.00852907045718112, 0.024946333772859125, 0.032825428733804916]"
seed17_control_control_1_cycle40.npz,17,control,control_1,40,7.698498073086465,46.3641810412303,160,16,7063216,144,True,96.61825001239777,-139259.08038737485,959.2798928687989,959.2798928687989,1.0,2.328539518370013,5.026971124343287,"[7.998498073086466, 0.0, 0.0, 0.0]","[8.15034718087822, -0.00852907045718112, 0.024946333772859125, 0.032825428733804916]"
seed17_control_control_1_cycle40.npz,17,control,control_1,40,7.698498073086465,46.3641810412303,160,17,7063217,146,True,133.90087499283254,-139259.08038737485,575.9167221233365,575.9167221233365,1.0,2.328539518370013,5.026971124343287,"[7.998498073086466, 0.0, 0.0, 0.0]","[8.15034718087822, -0.00852907045718112, 0.024946333772859125, 0.032825428733804916]"
seed17_control_control_1_cycle40.npz,17,control,control_1,40,7.698498073086465,46.3641810412303,160,18,7063218,127,True,94.50687498610932,-139259.08038737485,778.2228231820918,778.2228231820918,1.0,2.328539518370013,5.026971124343287,"[7.998498073086466, 0.0, 0.0, 0.0]","[8.15034718087822, -0.00852907045718112, 0.024946333772859125, 0.032825428733804916]"
seed17_control_control_1_cycle40.npz,17,control,control_1,40,7.698498073086465,46.3641810412303,160,19,7063219,133,True,93.46170800563414,-139259.08038737485,403.31079800234875,403.31079800234875,1.0,2.328539518370013,5.026971124343287,"[7.998498073086466, 0.0, 0.0, 0.0]","[8.15034718087822, -0.00852907045718112, 0.024946333772859125, 0.032825428733804916]"
seed17_control_control_1_cycle40.npz,17,control,control_1,40,7.698498073086465,46.3641810412303,320,0,7066400,278,True,176.59191599523183,-139259.08038737485,811.0682461354882,811.0682461354882,1.0,2.328539518370013,5.026971124343287,"[7.998498073086466, 0.0, 0.0, 0.0]","[8.15034718087822, -0.00852907045718112, 0.024946333772859125, 0.032825428733804916]"
seed17_control_control_1_cycle40.npz,17,control,control_1,40,7.698498073086465,46.3641810412303,320,1,7066401,286,True,172.12433299573604,-139259.08038737485,667.2156328645942,667.2156328645942,1.0,2.328539518370013,5.026971124343287,"[7.998498073086466, 0.0, 0.0, 0.0]","[8.15034718087822, -0.00852907045718112, 0.024946333772859125, 0.032825428733804916]"
seed17_control_control_1_cycle40.npz,17,control,control_1,40,7.698498073086465,46.3641810412303,320,2,7066402,278,True,173.02358300366905,-139259.08038737485,977.0323235509568,977.0323235509568,1.0,2.328539518370013,5.026971124343287,"[7.998498073086466, 0.0, 0.0, 0.0]","[8.15034718087822, -0.00852907045718112, 0.024946333772859125, 0.032825428733804916]"
seed17_control_control_1_cycle40.npz,17,control,control_1,40,7.698498073086465,46.3641810412303,320,3,7066403,284,True,193.3673750027083,-139259.08038737485,156.99599450535607,156.99599450535607,1.0,2.328539518370013,5.026971124343287,"[7.998498073086466, 0.0, 0.0, 0.0]","[8.15034718087822, -0.00852907045718112, 0.024946333772859125, 0.032825428733804916]"
seed17_control_control_1_cycle40.npz,17,control,control_1,40,7.698498073086465,46.3641810412303,320,4,7066404,278,True,163.0588749976596,-139390.30231819872,131.22193082387093,131.22193082387093,1.0,2.739165080366107,4.977304429248666,"[8.975493095885794, -1.0424757177519761, -0.3191339351356943, 0.37187583959608356]","[8.393522595188127, -0.25359975115599065, -0.004362380324486971, 0.1068934696197213]"
seed17_control_control_1_cycle40.npz,17,control,control_1,40,7.698498073086465,46.3641810412303,320,5,7066405,269,True,160.33625000272878,-139259.08038737485,819.9367188391043,819.9367188391043,1.0,2.328539518370013,5.026971124343287,"[7.998498073086466, 0.0, 0.0, 0.0]","[8.15034718087822, -0.00852907045718112, 0.024946333772859125, 0.032825428733804916]"
seed17_control_control_1_cycle40.npz,17,control,control_1,40,7.698498073086465,46.3641810412303,320,6,7066406,277,True,160.44866599258967,-139259.08038737485,232.6394993623544,232.6394993623544,1.0,2.328539518370013,5.026971124343287,"[7.998498073086466, 0.0, 0.0, 0.0]","[8.15034718087822, -0.00852907045718112, 0.024946333772859125, 0.032825428733804916]"
seed17_control_control_1_cycle40.npz,17,control,control_1,40,7.698498073086465,46.3641810412303,320,7,7066407,276,True,162.08033300063107,-139259.08038737485,359.8261178942339,359.8261178942339,1.0,2.328539518370013,5.026971124343287,"[7.998498073086466, 0.0, 0.0, 0.0]","[8.15034718087822, -0.00852907045718112, 0.024946333772859125, 0.032825428733804916]"
seed17_control_control_1_cycle40.npz,17,control,control_1,40,7.698498073086465,46.3641810412303,320,8,7066408,278,True,172.8771250054706,-139259.08038737485,443.7218537358858,443.7218537358858,1.0,2.328539518370013,5.026971124343287,"[7.998498073086466, 0.0, 0.0, 0.0]","[8.15034718087822, -0.00852907045718112, 0.024946333772859125, 0.032825428733804916]"
seed17_control_control_1_cycle40.npz,17,control,control_1,40,7.698498073086465,46.3641810412303,320,9,7066409,278,True,181.86195800080895,-139259.08038737485,368.8379486090562,368.8379486090562,1.0,2.328539518370013,5.026971124343287,"[7.998498073086466, 0.0, 0.0, 0.0]","[8.15034718087822, -0.00852907045718112, 0.024946333772859125, 0.032825428733804916]"
seed17_control_control_1_cycle40.npz,17,control,control_1,40,7.698498073086465,46.3641810412303,320,10,7066410,285,True,221.39783299644478,-139259.08038737485,406.08112541679293,406.08112541679293,1.0,2.328539518370013,5.026971124343287,"[7.998498073086466, 0.0, 0.0, 0.0]","[8.15034718087822, -0.00852907045718112, 0.024946333772859125, 0.032825428733804916]"
seed17_control_control_1_cycle40.npz,17,control,control_1,40,7.698498073086465,46.3641810412303,320,11,7066411,292,True,258.9903339976445,-139652.9239606116,393.8435732367507,393.8435732367507,1.0,2.2697639697277845,5.026973719483682,"[8.730707256045903, -0.24954258935400883, -0.341776695429552, 0.24120963641114435]","[8.370009935766051, -0.08339184726338376, -0.004362380324486971, 0.10518831965714823]"
seed17_control_control_1_cycle40.npz,17,control,control_1,40,7.698498073086465,46.3641810412303,320,12,7066412,277,True,220.0578750052955,-139259.08038737485,691.5278116624977,691.5278116624977,1.0,2.328539518370013,5.026971124343287,"[7.998498073086466, 0.0, 0.0, 0.0]","[8.15034718087822, -0.00852907045718112, 0.024946333772859125, 0.032825428733804916]"
seed17_control_control_1_cycle40.npz,17,control,control_1,40,7.698498073086465,46.3641810412303,320,13,7066413,277,True,207.01591699616984,-139269.16909712285,10.088709748000838,10.088709748000838,1.0000830919635328,2.4970290194467624,4.865827211229838,"[8.844877787965139, 0.7990012568781961, -0.21511529397601412, 0.012375412326231162]","[8.399339866130761, 0.2248292378989951, -0.004362380324486971, 0.03653805243167427]"
seed17_control_control_1_cycle40.npz,17,control,control_1,40,7.698498073086465,46.3641810412303,320,14,7066414,277,True,195.05308399675414,-139259.08038737485,26.805807309312513,26.805807309312513,1.0000000000045648,2.328539518370013,5.026971124343287,"[7.998498073086466, 0.0, 0.0, 0.0]","[8.15034718087822, -0.00852907045718112, 0.024946333772859125, 0.032825428733804916]"
seed17_control_control_1_cycle40.npz,17,control,control_1,40,7.698498073086465,46.3641810412303,320,15,7066415,272,True,160.98670799692627,-139259.08038737485,765.5438099144085,765.5438099144085,1.0,2.328539518370013,5.026971124343287,"[7.998498073086466, 0.0, 0.0, 0.0]","[8.15034718087822, -0.00852907045718112, 0.024946333772859125, 0.032825428733804916]"
seed17_control_control_1_cycle40.npz,17,control,control_1,40,7.698498073086465,46.3641810412303,320,16,7066416,283,True,163.0585419916315,-139259.08038737485,716.5141221176309,716.5141221176309,1.0,2.328539518370013,5.026971124343287,"[7.998498073086466, 0.0, 0.0, 0.0]","[8.15034718087822, -0.00852907045718112, 0.024946333772859125, 0.032825428733804916]"
seed17_control_control_1_cycle40.npz,17,control,control_1,40,7.698498073086465,46.3641810412303,320,17,7066417,278,True,161.17870800371747,-139259.08038737485,508.13062356750015,508.13062356750015,1.0,2.328539518370013,5.026971124343287,"[7.998498073086466, 0.0, 0.0, 0.0]","[8.15034718087822, -0.00852907045718112, 0.024946333772859125, 0.032825428733804916]"
seed17_control_control_1_cycle40.npz,17,control,control_1,40,7.698498073086465,46.3641810412303,320,18,7066418,287,True,161.26137500395998,-139368.9612035617,109.88081618683646,109.88081618683646,1.0,2.307889101254599,5.026923348063843,"[9.878431322524861, 0.4212751554928111, 0.10599870631354878, -0.06386138311129025]","[8.505726239955598, 0.06348201875034234, 0.05674594566692376, 0.013667013800417842]"
seed17_control_control_1_cycle40.npz,17,control,control_1,40,7.698498073086465,46.3641810412303,320,19,7066419,267,True,178.80262499966193,-139259.08038737485,433.4905744054122,433.4905744054122,1.0,2.328539518370013,5.026971124343287,"[7.998498073086466, 0.0, 0.0, 0.0]","[8.15034718087822, -0.00852907045718112, 0.024946333772859125, 0.032825428733804916]"
seed17_control_control_1_cycle40.npz,17,control,control_1,40,7.698498073086465,46.3641810412303,640,0,7072800,566,True,363.4239160019206,-139259.08038737485,36.09940788484528,36.09940788484528,1.0000000000000004,2.328539518370013,5.026971124343287,"[7.998498073086466, 0.0, 0.0, 0.0]","[8.15034718087822, -0.00852907045718112, 0.024946333772859125, 0.032825428733804916]"
seed17_control_control_1_cycle40.npz,17,control,control_1,40,7.698498073086465,46.3641810412303,640,1,7072801,556,True,327.2023749887012,-139259.08038737485,627.299113060435,627.299113060435,1.0,2.328539518370013,5.026971124343287,"[7.998498073086466, 0.0, 0.0, 0.0]","[8.15034718087822, -0.00852907045718112, 0.024946333772859125, 0.032825428733804916]"
seed17_control_control_1_cycle40.npz,17,control,control_1,40,7.698498073086465,46.3641810412303,640,2,7072802,555,True,344.5088750013383,-139560.59168793866,301.51130056381226,301.51130056381226,1.0,2.6011755425784537,5.026972643204846,"[9.297711142158573, -0.2607458933703893, 0.24451785808884077, 0.06616735070650723]","[8.507813405259007, -0.07933523742316162, 0.07563761967551305, 0.05267563394575708]"
seed17_control_control_1_cycle40.npz,17,control,control_1,40,7.698498073086465,46.3641810412303,640,3,7072803,542,True,356.27204200136475,-139259.08038737485,16.03084152773954,16.03084152773954,1.0000002182347876,2.328539518370013,5.026971124343287,"[7.998498073086466, 0.0, 0.0, 0.0]","[8.15034718087822, -0.00852907045718112, 0.024946333772859125, 0.032825428733804916]"
seed17_control_control_1_cycle40.npz,17,control,control_1,40,7.698498073086465,46.3641810412303,640,4,7072804,549,True,368.7217080005212,-139259.08038737485,471.76725621087826,471.76725621087826,1.0,2.328539518370013,5.026971124343287,"[7.998498073086466, 0.0, 0.0, 0.0]","[8.15034718087822, -0.00852907045718112, 0.024946333772859125, 0.032825428733804916]"
seed17_control_control_1_cycle40.npz,17,control,control_1,40,7.698498073086465,46.3641810412303,640,5,7072805,548,True,346.99737500341143,-139259.08038737485,424.0151366062637,424.0151366062637,1.0,2.328539518370013,5.026971124343287,"[7.998498073086466, 0.0, 0.0, 0.0]","[8.15034718087822, -0.00852907045718112, 0.024946333772859125, 0.032825428733804916]"
seed17_control_control_1_cycle40.npz,17,control,control_1,40,7.698498073086465,46.3641810412303,640,6,7072806,557,True,327.8960829920834,-139259.08038737485,89.2117876271077,89.2117876271077,1.0,2.328539518370013,5.026971124343287,"[7.998498073086466, 0.0, 0.0, 0.0]","[8.15034718087822, -0.00852907045718112, 0.024946333772859125, 0.032825428733804916]"
seed17_control_control_1_cycle40.npz,17,control,control_1,40,7.698498073086465,46.3641810412303,640,7,7072807,548,True,330.8505829918431,-139259.08038737485,228.10432285274146,228.10432285274146,1.0,2.328539518370013,5.026971124343287,"[7.998498073086466, 0.0, 0.0, 0.0]","[8.15034718087822, -0.00852907045718112, 0.024946333772859125, 0.032825428733804916]"
seed17_control_control_1_cycle40.npz,17,control,control_1,40,7.698498073086465,46.3641810412303,640,8,7072808,547,True,340.6757920020027,-139259.08038737485,174.5699607016868,174.5699607016868,1.0,2.328539518370013,5.026971124343287,"[7.998498073086466, 0.0, 0.0, 0.0]","[8.15034718087822, -0.00852907045718112, 0.024946333772859125, 0.032825428733804916]"
seed17_control_control_1_cycle40.npz,17,control,control_1,40,7.698498073086465,46.3641810412303,640,9,7072809,562,True,384.3110829911893,-139259.08038737485,111.09083474901854,111.09083474901854,1.0,2.328539518370013,5.026971124343287,"[7.998498073086466, 0.0, 0.0, 0.0]","[8.15034718087822, -0.00852907045718112, 0.024946333772859125, 0.032825428733804916]"
seed17_control_control_1_cycle40.npz,17,control,control_1,40,7.698498073086465,46.3641810412303,640,10,7072810,557,True,332.6368749985704,-139259.08038737485,198.90758501912933,198.90758501912933,1.0,2.328539518370013,5.026971124343287,"[7.998498073086466, 0.0, 0.0, 0.0]","[8.15034718087822, -0.00852907045718112, 0.024946333772859125, 0.032825428733804916]"
seed17_control_control_1_cycle40.npz,17,control,control_1,40,7.698498073086465,46.3641810412303,640,11,7072811,560,True,326.5975420072209,-139535.4150512677,276.3346638928342,276.3346638928342,1.0,2.557697564602455,4.867454560132521,"[9.523227318412422, -0.5039031437869932, 0.03384613476015177, -0.36163983271144323]","[8.496232740522544, -0.11776478522026208, 0.03510017420090466, -0.013106530380278689]"
seed17_control_control_1_cycle40.npz,17,control,control_1,40,7.698498073086465,46.3641810412303,640,12,7072812,552,True,321.4863329922082,-139446.72192977747,187.64154240261996,187.64154240261996,1.0,2.4468690349753404,4.855734946804182,"[7.923545328660599, 0.771153396913284, 0.5027291757475562, -0.3734761342157984]","[8.12786135755046, 0.22281694861680407, 0.07563761967551305, -0.013106530380278689]"
seed17_control_control_1_cycle40.npz,17,control,control_1,40,7.698498073086465,46.3641810412303,640,13,7072813,565,True,338.27979100169614,-139259.08038737485,41.89108848510659,41.89108848510659,1.0,2.328539518370013,5.026971124343287,"[7.998498073086466, 0.0, 0.0, 0.0]","[8.15034718087822, -0.00852907045718112, 0.024946333772859125, 0.032825428733804916]"
seed17_control_control_1_cycle40.npz,17,control,control_1,40,7.698498073086465,46.3641810412303,640,14,7072814,550,True,330.34316600242164,-139259.08038737485,623.8140239756613,623.8140239756613,1.0,2.328539518370013,5.026971124343287,"[7.998498073086466, 0.0, 0.0, 0.0]","[8.15034718087822, -0.00852907045718112, 0.024946333772859125, 0.032825428733804916]"
seed17_control_control_1_cycle40.npz,17,control,control_1,40,7.698498073086465,46.3641810412303,640,15,7072815,551,True,352.4948749982286,-139259.08038737485,583.7757897581323,583.7757897581323,1.0,2.328539518370013,5.026971124343287,"[7.998498073086466, 0.0, 0.0, 0.0]","[8.15034718087822, -0.00852907045718112, 0.024946333772859125, 0.032825428733804916]"
seed17_control_control_1_cycle40.npz,17,control,control_1,40,7.698498073086465,46.3641810412303,640,16,7072816,565,True,365.4400420055026,-139259.08038737485,709.9911586592789,709.9911586592789,1.0,2.328539518370013,5.026971124343287,"[7.998498073086466, 0.0, 0.0, 0.0]","[8.15034718087822, -0.00852907045718112, 0.024946333772859125, 0.032825428733804916]"
seed17_control_control_1_cycle40.npz,17,control,control_1,40,7.698498073086465,46.3641810412303,640,17,7072817,557,True,337.4558329960564,-139259.08038737485,449.3403846860747,449.3403846860747,1.0,2.328539518370013,5.026971124343287,"[7.998498073086466, 0.0, 0.0, 0.0]","[8.15034718087822, -0.00852907045718112, 0.024946333772859125, 0.032825428733804916]"
seed17_control_control_1_cycle40.npz,17,control,control_1,40,7.698498073086465,46.3641810412303,640,18,7072818,557,True,340.4201249941252,-139259.08038737485,708.6603173578333,708.6603173578333,1.0,2.328539518370013,5.026971124343287,"[7.998498073086466, 0.0, 0.0, 0.0]","[8.15034718087822, -0.00852907045718112, 0.024946333772859125, 0.032825428733804916]"
seed17_control_control_1_cycle40.npz,17,control,control_1,40,7.698498073086465,46.3641810412303,640,19,7072819,558,True,341.4167499868199,-139259.08038737485,65.93189307427383,65.93189307427383,1.0,2.328539518370013,5.026971124343287,"[7.998498073086466, 0.0, 0.0, 0.0]","[8.15034718087822, -0.00852907045718112, 0.024946333772859125, 0.032825428733804916]"
seed17_control_control_2_cycle60.npz,17,control,control_2,60,9.10505158837048,28.951797822693514,80,0,7071600,16,True,52.20304199610837,-112945.18992276526,676.4613424572453,676.4613424572453,1.0,1.5488782447734557,2.5136394334960017,"[9.956684146869032, -2.3585675196809017, -0.42580706103478555, 0.41944457604549934]","[9.412055377919351, -0.3134649594114963, -0.15822918270655728, 0.13495452253386148]"
seed17_control_control_2_cycle60.npz,17,control,control_2,60,9.10505158837048,28.951797822693514,80,1,7071601,14,True,47.34216700308025,-112116.09337782014,1227.5415435076138,1227.5415435076138,1.0,1.8167976452115602,2.6772732584781993,"[10.0, -1.1292335251575678, 0.31431184518047534, 0.32971813335956696]","[9.4895008414363, -0.28063710612720183, -0.07822918270655727, 0.13495452253386148]"
seed17_control_control_2_cycle60.npz,17,control,control_2,60,9.10505158837048,28.951797822693514,80,2,7071602,16,True,52.569125007721595,-112203.11288769463,376.52299467167177,376.52299467167177,1.0,1.8634716556280562,2.3096872728232145,"[10.0, -0.4301657093377298, -0.12768622633903018, 0.6]","[9.53439741427589, -0.14554777751378314, -0.12106629579629914, 0.13495452253386148]"
seed17_control_control_2_cycle60.npz,17,control,control_2,60,9.10505158837048,28.951797822693514,80,3,7071603,16,True,52.29891699855216,-112136.11668317456,284.11680292343954,284.11680292343954,1.0,1.5928489415848062,2.6819908823462226,"[10.0, 0.8946356576623449, 0.10911467831387293, 0.6]","[9.510848043670256, 0.21938380603373264, -0.07822918270655727, 0.13495452253386148]"
seed17_control_control_2_cycle60.npz,17,control,control_2,60,9.10505158837048,28.951797822693514,80,4,7071604,17,True,52.785749998292886,-113898.80551219967,961.4507754316583,961.4507754316583,1.0,1.752006254776219,2.089211660015727,"[10.0, -1.9211023786131016, 0.15021458854226716, 0.6]","[9.434092778183825, -0.3066791644507988, -0.07822918270655727, 0.13495452253386148]"
seed17_control_control_2_cycle60.npz,17,control,control_2,60,9.10505158837048,28.951797822693514,80,5,7071605,20,True,51.98870900494512,-115294.71361303583,1851.4775035431521,1851.4775035431521,1.0,1.5741351201678297,2.3526957356998537,"[9.89278006317201, 0.27293735969146193, 0.0319330320776979, 0.5127363779001525]","[9.502231433227493, 0.06538314319497437, -0.07822918270655727, 0.13495452253386148]"
seed17_control_control_2_cycle60.npz,17,control,control_2,60,9.10505158837048,28.951797822693514,80,6,7071606,17,True,51.06200001318939,-112539.75356353913,1184.8861786981288,1184.8861786981288,1.0,1.6649502276879626,2.6881976290808396,"[10.0, -0.8499027485045962, 0.1379874733751354, 0.01963960882612692]","[9.522964574633848, -0.2572654854190344, -0.07822918270655727, 0.05836004842154112]"
seed17_control_control_2_cycle60.npz,17,control,control_2,60,9.10505158837048,28.951797822693514,80,7,7071607,13,True,45.93116599426139,-112503.39536543239,2966.58572756582,2966.58572756582,1.0,1.7267214793592658,2.7164742135632904,"[10.0, -0.24049093351156564, -0.2371922032764836, 0.22382084481077424]","[9.53439741427589, -0.08864534476593389, -0.15391808887753516, 0.11961441921693533]"
seed17_control_control_2_cycle60.npz,17,control,control_2,60,9.10505158837048,28.951797822693514,80,8,7071608,16,True,57.23829199268948,-111657.02547924161,596.649960791372,596.649960791372,1.0,1.884606218635638,2.6596564290419322,"[9.830376223308367, -1.2754815184222934, 0.35318849403097746, 0.5371972246604446]","[9.445262963509082, -0.30251263512771365, -0.07822918270655727, 0.13495452253386148]"
seed17_control_control_2_cycle60.npz,17,control,control_2,60,9.10505158837048,28.951797822693514,80,9,7071609,17,True,54.51933298900258,-113476.79349411318,1812.6379877721774,1812.6379877721774,1.0,1.679239160754345,2.581858842054991,"[10.0, -0.41504768429189265, 0.15624998216833427, 0.6]","[9.53439741427589, -0.141012370000032, -0.07822918270655727, 0.13495452253386148]"
seed17_control_control_2_cycle60.npz,17,control,control_2,60,9.10505158837048,28.951797822693514,80,10,7071610,14,True,52.64358299609739,-112315.68760721496,676.4635114289995,676.4635114289995,1.0,1.7960165041950424,2.5276438047730023,"[10.0, 0.8476212941499619, -0.21021294473505242, 0.5830228590482114]","[9.516905783539906, 0.21487828510118953, -0.14582431131510581, 0.13495452253386148]"
seed17_control_control_2_cycle60.npz,17,control,control_2,60,9.10505158837048,28.951797822693514,80,11,7071611,15,True,49.27591700106859,-111137.8491513381,676.2142381971353,676.2142381971353,1.0,1.67251361510456,2.9606910266728415,"[9.93660775414402, 0.06332386534537715, 0.14000768874350045, 0.6]","[9.515379740519096, 0.0024990948911489466, -0.07822918270655727, 0.13495452253386148]"
seed17_control_control_2_cycle60.npz,17,control,control_2,60,9.10505158837048,28.951797822693514,80,12,7071612,15,True,48.763583006802946,-112656.93650778635,1430.4136267590075,1430.4136267590075,1.0,1.75037094365451,2.2490853786156664,"[10.0, -0.161622539855532, 0.01667583186754494, 0.6]","[9.53439741427589, -0.0649848266691238, -0.07822918270655727, 0.13495452253386148]"
seed17_control_control_2_cycle60.npz,17,control,control_2,60,9.10505158837048,28.951797822693514,80,13,7071613,19,True,46.629792006569915,-112605.45307604266,252.85477854317287,252.85477854317287,1.0,1.7661572866973323,2.1531320254446547,"[10.0, -0.8036149008396083, 0.37696583859132476, 0.3657532477248298]","[9.529505749809191, -0.2518458676783057, -0.07822918270655727, 0.13495452253386148]"
seed17_control_control_2_cycle60.npz,17,control,control_2,60,9.10505158837048,28.951797822693514,80,14,7071614,18,True,46.475166993332095,-115156.40818494715,1484.8067904406635,1484.8067904406635,1.0,1.6244157622627855,2.563414997067076,"[10.0, -0.4069936969451416, -0.12533958626647665, 0.6]","[9.53439741427589, -0.13859617379600667, -0.12036230377453308, 0.13495452253386148]"
seed17_control_control_2_cycle60.npz,17,control,control_2,60,9.10505158837048,28.951797822693514,80,15,7071615,16,True,46.489166998071596,-112609.86599814307,2450.4605511853733,2450.4605511853733,1.0,1.6736508750082548,2.423401815829734,"[9.373169181457992, -1.624814827846894, -0.10294206265181921, 0.6]","[9.342030003439948, -0.3234828133675597, -0.11364304669013585, 0.13495452253386148]"
seed17_control_control_2_cycle60.npz,17,control,control_2,60,9.10505158837048,28.951797822693514,80,16,7071616,15,True,46.83224999462254,-113524.46821036143,1516.2869936886855,1516.2869936886855,1.0,1.8264724145747355,2.4488212521675754,"[10.0, 0.41391453087361607, -0.1495540147975298, 0.6]","[9.53439741427589, 0.1076762945496206, -0.12762663233384902, 0.13495452253386148]"
seed17_control_control_2_cycle60.npz,17,control,control_2,60,9.10505158837048,28.951797822693514,80,17,7071617,17,True,46.59675000584684,-112108.97100925427,98.34055637661368,98.34055637661368,1.0,1.6772158263557815,2.3514112552129136,"[10.0, -0.12450324634402943, -0.2439542255786617, 0.41670187363938216]","[9.53439741427589, -0.05384903861567303, -0.1559466955681886, 0.13495452253386148]"
seed17_control_control_2_cycle60.npz,17,control,control_2,60,9.10505158837048,28.951797822693514,80,18,7071618,13,True,46.58187499444466,-111377.59798288316,1840.7883450165973,1840.7883450165973,1.0,1.5938581676115253,2.4678604898566228,"[9.219576866395625, -1.4917471372546318, 0.4291711305911944, 0.6]","[9.311370700886865, -0.3226481859801452, -0.07822918270655727, 0.13495452253386148]"
seed17_control_control_2_cycle60.npz,17,control,control_2,60,9.10505158837048,28.951797822693514,80,19,7071619,15,True,46.60704200796317,-111852.05664668985,1198.5794451121183,1198.5794451121183,1.0,2.057056782236889,2.7155741006310716,"[10.0, -0.9247815280416809, 0.13972698810061437, 0.5655317100767947]","[9.513003178443018, -0.2649452863699773, -0.07822918270655727, 0.13495452253386148]"
seed17_control_control_2_cycle60.npz,17,control,control_2,60,9.10505158837048,28.951797822693514,160,0,7073200,16,True,92.6415420108242,-111594.64491960731,268.30041567124135,268.30041567124135,1.0,1.9298913310417394,2.3040663304384634,"[8.917364049868349, -1.1963408425421904, 0.3280300110391608, 0.4254196852097989]","[9.23424278521937, -0.3061947319234424, -0.07822918270655727, 0.13495452253386148]"
seed17_control_control_2_cycle60.npz,17,control,control_2,60,9.10505158837048,28.951797822693514,160,1,7073201,16,True,92.73337500053458,-113875.4190204495,396.49441983197175,396.49441983197175,1.0,1.7765269841767646,2.2716095726267245,"[10.0, -0.914329476885041, 0.5698156297268624, 0.1279641585600697]","[9.514348040345237, -0.26394689014646805, -0.07822918270655727, 0.09085741334172395]"
seed17_control_control_2_cycle60.npz,17,control,control_2,60,9.10505158837048,28.951797822693514,160,2,7073202,19,True,89.71533300064038,-114356.2959273088,1777.9883218809118,1777.9883218809118,1.0,1.568629578741899,2.4333532978249433,"[10.0, -1.978777841236963, 0.033959311770155064, 0.6]","[9.431473151836975, -0.30758386244192515, -0.07822918270655727, 0.13495452253386148]"
seed17_control_control_2_cycle60.npz,17,control,control_2,60,9.10505158837048,28.951797822693514,160,3,7073203,19,True,101.88358400773723,-114079.46221625802,1314.6304083612922,1314.6304083612922,1.0,1.755654109539139,2.3120352684972274,"[10.0, -0.8972136827709529, 0.36886063349021975, 0.6]","[9.516582086525432, -0.2622624054992978, -0.07822918270655727, 0.13495452253386148]"
seed17_control_control_2_cycle60.npz,17,control,control_2,60,9.10505158837048,28.951797822693514,160,4,7073204,22,True,90.82404201035388,-113633.58175310925,627.9431064427918,627.9431064427918,1.0,1.6350448719742745,2.3374430433056457,"[8.985627755759825, -0.582877367810111, 0.36503847804674827, 0.6]","[9.230085741003837, -0.1913612750554975, -0.07822918270655727, 0.13495452253386148]"
seed17_control_control_2_cycle60.npz,17,control,control_2,60,9.10505158837048,28.951797822693514,160,5,7073205,19,True,89.3010829895502,-112835.14918591232,97.68337725123274,97.68337725123274,1.0,1.5629832405650121,2.842257704038797,"[10.0, -1.0626635997725333, 0.024919323335983345, 0.5567222503074296]","[9.496591256887205, -0.2762361954034378, -0.07822918270655727, 0.13495452253386148]"
seed17_control_control_2_cycle60.npz,17,control,control_2,60,9.10505158837048,28.951797822693514,160,6,7073206,22,True,89.00991699192673,-113214.29878671606,403.45067759648373,403.45067759648373,1.0,1.9881169736889017,2.442944905317708,"[10.0, -1.4578077681483725, -0.34404266385188753, 0.6]","[9.461069721810517, -0.2957257002879847, -0.15822918270655728, 0.13495452253386148]"
seed17_control_control_2_cycle60.npz,17,control,control_2,60,9.10505158837048,28.951797822693514,160,7,7073207,24,True,88.93112499208655,-114468.66391281183,1721.8504596988932,1721.8504596988932,1.0,1.7817471074004143,2.3838385904665618,"[10.0, -0.20532416291287392, -0.08336329232048972, 0.11072684557492346]","[9.53439741427589, -0.07809531358632638, -0.10776941559073701, 0.08568621944618009]"
seed17_control_control_2_cycle60.npz,17,control,control_2,60,9.10505158837048,28.951797822693514,160,8,7073208,23,True,88.67216600629035,-113352.6173380668,239.72880039138545,239.72880039138545,1.0,1.962843889819846,2.5079100744026155,"[10.0, -0.5843589574741558, 0.6, 0.6]","[9.53439741427589, -0.19180575195471095, -0.07822918270655727, 0.13495452253386148]"
seed17_control_control_2_cycle60.npz,17,control,control_2,60,9.10505158837048,28.951797822693514,160,9,7073209,22,True,109.69070899591316,-114070.02616340894,1437.5333958445553,1437.5333958445553,1.0,1.5537047789261094,2.4105849677631346,"[10.0, -0.3817950958366484, -0.2063672844083685, 0.6]","[9.53439741427589, -0.13103659346345872, -0.14467061321710065, 0.13495452253386148]"
seed17_control_control_2_cycle60.npz,17,control,control_2,60,9.10505158837048,28.951797822693514,160,10,7073210,21,True,115.31062499852851,-113253.51506767674,31.897685259362333,31.897685259362333,1.000000000000028,1.6233260640810603,2.460482254048301,"[8.400491090260907, -1.0733983945489642, -0.12469756904431015, 0.4134289359227238]","[9.135403584202598, -0.24766630207320714, -0.12016969860788314, 0.13495452253386148]"
seed17_control_control_2_cycle60.npz,17,control,control_2,60,9.10505158837048,28.951797822693514,160,11,7073211,19,True,107.60862499591894,-113135.55180461622,836.7119181573216,836.7119181573216,1.0,1.6375759263271812,2.260847614931324,"[10.0, -0.29141980871239037, 0.12045596348805081, 0.506539024971735]","[9.53439741427589, -0.10392400732618132, -0.07822918270655727, 0.13495452253386148]"
seed17_control_control_2_cycle60.npz,17,control,control_2,60,9.10505158837048,28.951797822693514,160,12,7073212,22,True,128.46912500390317,-113383.24775309341,714.6214187118312,714.6214187118312,1.0,1.5781431954913854,2.122843913330757,"[9.407747408949803, -0.9551648494939202, -0.04929021681179552, 0.6]","[9.356721636960831, -0.30304751956064024, -0.09754749293812875, 0.13495452253386148]"
seed17_control_control_2_cycle60.npz,17,control,control_2,60,9.10505158837048,28.951797822693514,160,13,7073213,18,True,107.03145799925551,-113351.03104440826,95.04555906943278,95.04555906943278,1.0,1.6195507895113033,2.5309167486830937,"[10.0, -1.7103179431781412, 0.40795625218598097, 0.6]","[9.444906699116428, -0.3026533860136389, -0.07822918270655727, 0.13495452253386148]"
seed17_control_control_2_cycle60.npz,17,control,control_2,60,9.10505158837048,28.951797822693514,160,14,7073214,16,True,147.0412079943344,-112647.91774241228,1915.2673675978585,1915.2673675978585,1.0,1.6024741579559583,2.1625736751433395,"[10.0, -0.3960236944322414, -0.12752569940368624, 0.6]","[9.53439741427589, -0.13530517304213663, -0.12101813771569596, 0.13495452253386148]"
seed17_control_control_2_cycle60.npz,17,control,control_2,60,9.10505158837048,28.951797822693514,160,15,7073215,19,True,124.50750000425614,-112722.57304862984,245.64396692623268,245.64396692623268,1.0,1.8183145696117746,2.2551561114751686,"[10.0, -0.29851513909455496, -0.3014199721093749, 0.6]","[9.53439741427589, -0.10605260644083069, -0.15822918270655728, 0.13495452253386148]"
seed17_control_control_2_cycle60.npz,17,control,control_2,60,9.10505158837048,28.951797822693514,160,16,7073216,19,True,98.25045798788778,-114211.6809455254,996.0837267144816,996.0837267144816,1.0,1.6860837982154135,2.651975785622638,"[8.945812012116686, -0.8214912221557953, -0.06039062824536093, 0.30221113270785044]","[9.218141017910895, -0.2629454313592028, -0.10087761636819836, 0.13495452253386148]"
seed17_control_control_2_cycle60.npz,17,control,control_2,60,9.10505158837048,28.951797822693514,160,17,7073217,19,True,94.15516699664295,-114036.93511283917,674.130689390222,674.130689390222,1.0,1.6672537583231606,2.3786205098231195,"[8.787806320119005, -0.9262283513881018, 0.05180253181606186, 0.6]","[9.179366956201704, -0.28013045091268507, -0.07822918270655727, 0.13495452253386148]"
seed17_control_control_2_cycle60.npz,17,control,control_2,60,9.10505158837048,28.951797822693514,160,18,7073218,21,True,91.40024999214802,-113429.15874596036,402.9877304558613,402.9877304558613,1.0,1.5830392160027504,2.4099234499214153,"[10.0, 0.9642769275845136, -0.23461115650214093, 0.5915303279037799]","[9.502409782107279, 0.22527842817979216, -0.15314377484523237, 0.13495452253386148]"
seed17_control_control_2_cycle60.npz,17,control,control_2,60,9.10505158837048,28.951797822693514,160,19,7073219,21,True,98.14899999764748,-113737.29447155075,1075.6574363994005,1075.6574363994005,1.0,1.5997183288783428,2.3839609890885507,"[9.78609538469023, -0.5900858787413504, 0.5751076156321584, 0.6]","[9.470226029682959, -0.19352382833486934, -0.07822918270655727, 0.13495452253386148]"
seed17_control_control_2_cycle60.npz,17,control,control_2,60,9.10505158837048,28.951797822693514,320,0,7076400,27,True,210.25979200203437,-112084.74490261772,297.20062790044176,297.20062790044176,1.0,2.208555105951878,2.62800413797238,"[9.327291261334205, -0.8253173918830641, 0.24844851806373128, 0.6]","[9.332584792676151, -0.2640932822773834, -0.07822918270655727, 0.13495452253386148]"
seed17_control_control_2_cycle60.npz,17,control,control_2,60,9.10505158837048,28.951797822693514,320,1,7076401,34,True,243.2558330037864,-113782.96698592913,288.5855689924647,288.5855689924647,1.0,1.8060282169826671,2.656045338533072,"[9.935186312882898, -0.0702452949414829, -0.09800855529440694, 0.22490068988593676]","[9.51495330814076, -0.03757165319490907, -0.11216299448291217, 0.11993837273948407]"
seed17_control_control_2_cycle60.npz,17,control,control_2,60,9.10505158837048,28.951797822693514,320,2,7076402,25,True,240.27183398720808,-113824.21783953425,1204.7656205456442,1204.7656205456442,1.0,2.026463324058406,2.4189412436344413,"[10.0, 0.5981727867144544, -0.15389591479715997, 0.37945546337224]","[9.53439741427589, 0.1629537713018721, -0.12892920233373809, 0.13495452253386148]"
seed17_control_control_2_cycle60.npz,17,control,control_2,60,9.10505158837048,28.951797822693514,320,3,7076403,30,True,194.76316700456664,-112669.30607530348,213.58332188936765,213.58332188936765,1.0,1.6571713133022241,2.2242820905490195,"[10.0, -0.17964784853979127, 0.4067787205413195, 0.6]","[9.53439741427589, -0.07039241927440157, -0.07822918270655727, 0.13495452253386148]"
seed17_control_control_2_cycle60.npz,17,control,control_2,60,9.10505158837048,28.951797822693514,320,4,7076404,31,True,250.24083300377242,-113564.07819421541,290.84977272436663,290.84977272436663,1.0,1.7765702231738105,2.3424514587582244,"[10.0, -2.079962698603036, 0.015745881000549994, 0.6]","[9.427179756312897, -0.3090084175386675, -0.07822918270655727, 0.13495452253386148]"
seed17_control_control_2_cycle60.npz,17,control,control_2,60,9.10505158837048,28.951797822693514,320,5,7076405,42,True,213.92591700714547,-113769.33817763238,165.29650350681914,165.29650350681914,1.0,1.6489717524437877,2.2983880263092993,"[10.0, -0.33491244309487705, 0.09391459142954069, 0.5064045155270511]","[9.53439741427589, -0.1169717976409273, -0.07822918270655727, 0.13495452253386148]"
seed17_control_control_2_cycle60.npz,17,control,control_2,60,9.10505158837048,28.951797822693514,320,6,7076406,26,True,222.78183299931698,-114409.34806478689,1247.2855556498107,1247.2855556498107,1.0,1.6059139249087098,2.788662943788264,"[10.0, 0.10884676114196534, -0.346637222000504, 0.6]","[9.53439741427589, 0.016155963630125406, -0.15822918270655728, 0.13495452253386148]"
seed17_control_control_2_cycle60.npz,17,control,control_2,60,9.10505158837048,28.951797822693514,320,7,7076407,33,True,185.39137499465141,-113448.27046840114,252.56959608889883,252.56959608889883,1.0,1.6776772133452222,2.6271288215611057,"[10.0, 0.8087356101118217, -0.1338993373468101, 0.6]","[9.522142291920547, 0.21078766589785983, -0.12293022909863312, 0.13495452253386148]"
seed17_control_control_2_cycle60.npz,17,control,control_2,60,9.10505158837048,28.951797822693514,320,8,7076408,34,True,168.6741669982439,-114238.16706543358,763.5357747125527,763.5357747125527,1.0,1.5691670516718663,2.4622914275051984,"[9.876018413959828, -0.2365320690148996, -0.05526141929442108, 0.6]","[9.497202938463838, -0.08745768541693408, -0.09933885368291642, 0.13495452253386148]"
seed17_control_control_2_cycle60.npz,17,control,control_2,60,9.10505158837048,28.951797822693514,320,9,7076409,37,True,167.09608399833087,-114430.12529188565,897.6563306740281,897.6563306740281,1.0,1.6007986638395215,2.4574601353238736,"[10.0, 0.21261896700521565, 0.15214856095359924, 0.6]","[9.53439741427589, 0.0472876253891005, -0.07822918270655727, 0.13495452253386148]"
seed17_control_control_2_cycle60.npz,17,control,control_2,60,9.10505158837048,28.951797822693514,320,10,7076410,26,True,166.86483300873078,-113610.59143564051,369.9181787063717,369.9181787063717,1.0,1.9082383226524604,2.659910562871944,"[10.0, 0.9321971806841036, 0.15944320743363388, 0.36087326757599747]","[9.506218968186971, 0.2226707700546624, -0.07822918270655727, 0.13495452253386148]"
seed17_control_control_2_cycle60.npz,17,control,control_2,60,9.10505158837048,28.951797822693514,320,11,7076411,30,True,167.03995800344273,-114588.5103294262,49.22446145383583,49.22446145383583,1.0,1.565443938462365,2.3156032685734624,"[9.58508004571522, -0.4944082174507239, 0.24255623164961268, 0.6]","[9.409921427990456, -0.16482052994768134, -0.07822918270655727, 0.13495452253386148]"
seed17_control_control_2_cycle60.npz,17,control,control_2,60,9.10505158837048,28.951797822693514,320,12,7076412,32,True,172.5235000048997,-113164.91438088457,515.5616721158149,515.5616721158149,1.0,1.7297974070002735,2.5374322442117863,"[10.0, 0.27843864010395436, 0.28575029160848525, 0.6]","[9.53439741427589, 0.0670335273187221, -0.07822918270655727, 0.13495452253386148]"
seed17_control_control_2_cycle60.npz,17,control,control_2,60,9.10505158837048,28.951797822693514,320,13,7076413,31,True,167.28654199687298,-113919.08431887154,803.4739400402759,803.4739400402759,1.0,1.6444409997433382,2.2968955841262133,"[10.0, -2.2836532660635225, -0.5280172629908351, 0.5485547951545972]","[9.419552074987612, -0.3113639778569106, -0.15822918270655728, 0.13495452253386148]"
seed17_control_control_2_cycle60.npz,17,control,control_2,60,9.10505158837048,28.951797822693514,320,14,7076414,34,True,164.25120799976867,-113632.28965040947,478.3570153239998,478.3570153239998,1.0,1.7260524317069874,2.190788827023717,"[9.627750355695637, 0.139615914957409, -0.14162928734343713, 0.6]","[9.422722520984582, 0.0253867097747585, -0.12524921409762124, 0.13495452253386148]"
seed17_control_control_2_cycle60.npz,17,control,control_2,60,9.10505158837048,28.951797822693514,320,15,7076415,32,True,164.11170799983665,-114726.75120698455,626.6752795486827,626.6752795486827,1.0,1.6005190498734243,2.2114767752324678,"[10.0, -0.6037690877477663, 0.15389937001911866, 0.49658110427346047]","[9.53439741427589, -0.1976287910367941, -0.07822918270655727, 0.13495452253386148]"
seed17_control_control_2_cycle60.npz,17,control,control_2,60,9.10505158837048,28.951797822693514,320,16,7076416,34,True,444.57841700932477,-114410.90235820456,343.98941464514064,343.98941464514064,1.0,1.6104542651407088,2.3483045798202755,"[10.0, -0.9011433743645685, -0.45114200059290827, 0.5499357222845727]","[9.516065660969147, -0.262654703243135, -0.15822918270655728, 0.13495452253386148]"
seed17_control_control_2_cycle60.npz,17,control,control_2,60,9.10505158837048,28.951797822693514,320,17,7076417,26,True,205.98749999771826,-113902.55263294812,728.4215847038431,728.4215847038431,1.0,1.6316460679596687,2.339053248024859,"[9.80936746318085, 0.6156858604409012, 0.6, 0.22772079385618593]","[9.477207653230145, 0.16820769341980615, -0.07822918270655727, 0.12078440393055884]"
seed17_control_control_2_cycle60.npz,17,control,control_2,60,9.10505158837048,28.951797822693514,320,18,7076418,32,True,229.18745898641646,-113415.32769448454,134.89145708798605,134.89145708798605,1.0,1.5944403357669494,2.3479170265502267,"[10.0, -0.3678938648840795, 0.4614839492009146, 0.6]","[9.53439741427589, -0.12686622417768806, -0.07822918270655727, 0.13495452253386148]"
seed17_control_control_2_cycle60.npz,17,control,control_2,60,9.10505158837048,28.951797822693514,320,19,7076419,32,True,279.7744589915965,-114799.85764896723,1807.1687588062487,1807.1687588062487,1.0,1.8084903420840772,2.318171020957686,"[9.485024885803925, 0.2617859896214212, 0.17436254336147056, 0.5403121277315371]","[9.379904880017067, 0.06203773217396215, -0.07822918270655727, 0.13495452253386148]"
seed17_control_control_2_cycle60.npz,17,control,control_2,60,9.10505158837048,28.951797822693514,640,0,7082800,49,True,499.28220799483825,-113461.86642421252,74.58987883635564,74.58987883635564,1.0,1.8735319201440266,2.234533132355816,"[10.0, -0.5338605234364276, -0.052253296022103046, 0.570228696774478]","[9.53439741427589, -0.1766562217433925, -0.09843641670122101, 0.13495452253386148]"
seed17_control_control_2_cycle60.npz,17,control,control_2,60,9.10505158837048,28.951797822693514,640,1,7082801,46,True,389.68029199168086,-113451.51026338745,91.64317547187966,91.64317547187966,1.0,1.6261265528432092,2.3804165620700743,"[10.0, 0.5490086912416132, 0.4001506667128813, 0.6]","[9.53439741427589, 0.14820454266001976, -0.07822918270655727, 0.13495452253386148]"
seed17_control_control_2_cycle60.npz,17,control,control_2,60,9.10505158837048,28.951797822693514,640,2,7082802,49,True,377.68645900359843,-114105.03700382696,531.0839260101056,531.0839260101056,1.0,1.6616744196759552,2.6460119894393386,"[10.0, -1.3514660873072513, -0.38216356327014933, 0.6]","[9.46921106067082, -0.29179996737410696, -0.15822918270655728, 0.13495452253386148]"
seed17_control_control_2_cycle60.npz,17,control,control_2,60,9.10505158837048,28.951797822693514,640,3,7082803,43,True,427.2455830068793,-113601.03494626042,41.21367870082031,41.21367870082031,1.0,1.5759511548829446,2.0995225124809522,"[10.0, -0.8861813502384532, -0.09731240619097326, 0.1750139218065787]","[9.518043110536466, -0.2611429636077606, -0.11195414975188207, 0.10497234231567665]"
seed17_control_control_2_cycle60.npz,17,control,control_2,60,9.10505158837048,28.951797822693514,640,4,7082804,50,True,439.96625000727363,-114122.89717040893,471.15440433962794,471.15440433962794,1.0,1.6475364168835285,2.5572184626772287,"[9.239382766327127, -1.2763097362163105, 0.2283367178732432, 0.6]","[9.312056724511768, -0.32270125881267553, -0.07822918270655727, 0.13495452253386148]"
seed17_control_control_2_cycle60.npz,17,control,control_2,60,9.10505158837048,28.951797822693514,640,5,7082805,55,True,456.38887499808334,-114106.95622014129,392.70038004024536,392.70038004024536,1.0,1.6372553411095725,2.0885620665406615,"[10.0, -1.1242118862210235, 0.0071924548904413466, 0.6]","[9.490017979401106, -0.2803252966903752, -0.08060269142745768, 0.13495452253386148]"
seed17_control_control_2_cycle60.npz,17,control,control_2,60,9.10505158837048,28.951797822693514,640,6,7082806,58,True,452.37183300196193,-114050.95578890957,133.68069322286465,133.68069322286465,1.0,1.6501625706120886,2.4461996575461438,"[10.0, -0.746123262593183, 0.5147737014414075, 0.557103698685848]","[9.53439741427589, -0.2403350434904191, -0.07822918270655727, 0.13495452253386148]"
seed17_control_control_2_cycle60.npz,17,control,control_2,60,9.10505158837048,28.951797822693514,640,7,7082807,59,True,374.772833994939,-114348.97403077352,911.8029953116929,911.8029953116929,1.0,1.755616891705041,2.6514061164305454,"[9.410465007516809, -1.825639923172975, 0.14457406529030664, 0.5853405586828556]","[9.347429825629508, -0.32330493920712555, -0.07822918270655727, 0.13495452253386148]"
seed17_control_control_2_cycle60.npz,17,control,control_2,60,9.10505158837048,28.951797822693514,640,8,7082808,40,True,367.38016600429546,-114537.07951745059,393.10724981979,393.10724981979,1.0,1.7700033528262886,2.3383970370669243,"[10.0, -2.491161367493648, 0.3123217395802311, 0.6]","[9.412932466024435, -0.31322996107414236, -0.07822918270655727, 0.13495452253386148]"
seed17_control_control_2_cycle60.npz,17,control,control_2,60,9.10505158837048,28.951797822693514,640,9,7082809,48,True,358.42250000860076,-113576.80412212858,43.55313856515568,43.55313856515568,1.0,1.5668315575875202,2.1877982411783186,"[10.0, -1.0959733743530675, 0.5584837143562471, 0.33473178298125666]","[9.492979244451272, -0.27851225136443614, -0.07822918270655727, 0.13495452253386148]"
seed17_control_control_2_cycle60.npz,17,control,control_2,60,9.10505158837048,28.951797822693514,640,10,7082810,46,True,383.53050001023803,-114646.7172765835,674.2539994989056,674.2539994989056,1.0,1.6723413034023347,2.583049874527426,"[10.0, -0.06006271046000089, -0.008279809207303854, 0.6]","[9.53439741427589, -0.034516877850464464, -0.08524437065678125, 0.13495452253386148]"
seed17_control_control_2_cycle60.npz,17,control,control_2,60,9.10505158837048,28.951797822693514,640,11,7082811,58,True,385.1321249967441,-114356.00672082003,16.58913857556763,16.58913857556763,1.0000001248701555,1.5973889417645086,2.355789098041325,"[10.0, -0.6550624086026029, 0.34645034064209096, 0.6]","[9.53439741427589, -0.21301678729324508, -0.07822918270655727, 0.13495452253386148]"
seed17_control_control_2_cycle60.npz,17,control,control_2,60,9.10505158837048,28.951797822693514,640,12,7082812,45,True,352.8859579964774,-113658.6580631104,379.27580028194643,379.27580028194643,1.0,1.6284147996323581,2.429374782543556,"[9.346214616547464, -1.6056421665513347, -0.022731427515202393, 0.6]","[9.337007749880659, -0.32356092875450737, -0.08957985614915082, 0.13495452253386148]"
seed17_control_control_2_cycle60.npz,17,control,control_2,60,9.10505158837048,28.951797822693514,640,13,7082813,48,True,363.5538340022322,-114167.2212763187,46.77945114263275,46.77945114263275,1.0,1.5452224885377597,2.430174603213397,"[9.105022112312943, -1.7018332238475065, -0.5089417327171062, 0.4443228107871706]","[9.294149609561858, -0.3207944996594544, -0.15822918270655728, 0.13495452253386148]"
seed17_control_control_2_cycle60.npz,17,control,control_2,60,9.10505158837048,28.951797822693514,640,14,7082814,58,True,363.212291005766,-113987.65029971972,163.7229236796411,163.7229236796411,1.0,1.565371175354767,2.7388100400083837,"[10.0, 0.14100103729756397, -0.2123599211481222, 0.6]","[9.53439741427589, 0.025802246476804992, -0.14646840423902674, 0.13495452253386148]"
seed17_control_control_2_cycle60.npz,17,control,control_2,60,9.10505158837048,28.951797822693514,640,15,7082815,51,True,355.93424999387935,-113997.55877704508,760.8722645662638,760.8722645662638,1.0,1.5607446490553065,2.0794664896878503,"[10.0, 0.5242938125098822, 0.040220076886885926, 0.5506068087345071]","[9.53439741427589, 0.14079007904050045, -0.07822918270655727, 0.13495452253386148]"
seed17_control_control_2_cycle60.npz,17,control,control_2,60,9.10505158837048,28.951797822693514,640,16,7082816,49,True,350.3284999897005,-114284.15640904069,101.24368772130401,101.24368772130401,1.0,1.718314363339722,2.49780025684149,"[9.8252135308373, 0.6142295700598319, -0.21193464246259386, 0.6]","[9.481961473527079, 0.16777080630548535, -0.14634082063336826, 0.13495452253386148]"
seed17_control_control_2_cycle60.npz,17,control,control_2,60,9.10505158837048,28.951797822693514,640,17,7082817,50,True,350.9939580108039,-114753.34807674619,808.5265051253373,808.5265051253373,1.0,1.5951146647592753,2.1574378084195986,"[10.0, -0.014339604255802163, -0.07456025380085801, 0.5995510546146285]","[9.53439741427589, -0.020799945989204847, -0.1051285040348475, 0.13495452253386148]"
seed17_control_control_2_cycle60.npz,17,control,control_2,60,9.10505158837048,28.951797822693514,640,18,7082818,52,True,390.87741600815207,-114617.69767083046,277.99755818718404,277.99755818718404,1.0,1.6367468838166979,2.285511632219177,"[9.685125504140021, -1.2986130951116912, 0.006435695529118518, 0.6]","[9.414323367480716, -0.3128514529433516, -0.08082971923585454, 0.13495452253386148]"
seed17_control_control_2_cycle60.npz,17,control,control_2,60,9.10505158837048,28.951797822693514,640,19,7082819,49,True,368.68229099491145,-113762.00822040434,185.8613451343408,185.8613451343408,1.0,1.6030915392158362,2.65986706642942,"[9.43370720555133, -0.5215326585482845, 0.4340018124625389, 0.6]","[9.36450957594129, -0.17295786227694954, -0.07822918270655727, 0.13495452253386148]"
seed17_control_control_3_cycle160.npz,17,control,control_3,160,3.1777688385796696,7.099067808871388,80,0,7081600,80,True,47.68095900362823,-57484.992268873524,12.530981076852186,12.530981076852186,1.0000072259357418,2.9284747227419365,2.9353866471700965,"[4.2655280198738, 2.7767601991678768, 0.36740083945278507, 0.43912402600499967]","[4.7497710224263185, -0.19292280604422157, 0.07542978316857013, 0.11194591256904404]"
seed17_control_control_3_cycle160.npz,17,control,control_3,160,3.1777688385796696,7.099067808871388,80,1,7081601,80,True,47.530916999676265,-57455.763908064,11.573178115104383,11.573178115104383,1.0000188305325326,2.9284747227419365,2.935376642286712,"[2.772470154870791, 3.6824621412921505, 0.5998254270842235, -0.03623877003126713]","[4.667010284277882, -0.21914547281459446, 0.07542978316857013, 0.025490507788950692]"
seed17_control_control_3_cycle160.npz,17,control,control_3,160,3.1777688385796696,7.099067808871388,80,2,7081602,80,True,46.90591599501204,-57481.9756592285,6.1788025610439945,6.1788025610439945,1.0041652908972112,2.9284747227419365,2.9353816758543387,"[3.1555979645033703, 4.082876108637081, 0.3042476677384378, 0.1321747781027704]","[4.6966234758838175, -0.2066786452631223, 0.07542978316857013, 0.07601457222916194]"
seed17_control_control_3_cycle160.npz,17,control,control_3,160,3.1777688385796696,7.099067808871388,80,3,7081603,80,True,47.54200000024866,-57435.78133002722,40.54825351196632,40.54825351196632,1.0,2.9284747227419365,2.93538699608563,"[4.273551467602964, 3.3619509689908207, 0.34523344398024747, 0.05191278263831481]","[4.757565852676492, -0.19175666348807097, 0.07542978316857013, 0.051935973589825275]"
seed17_control_control_3_cycle160.npz,17,control,control_3,160,3.1777688385796696,7.099067808871388,80,4,7081604,80,True,46.835000001010485,-57467.779201055804,2.97126454586396,2.97126454586396,1.1022086152901447,2.9284747227419365,2.9353839711398426,"[2.900822560292619, 1.5888244986610183, -0.07024157662883851, 0.6]","[4.595766888521495, -0.2674705186312073, 0.003728375229347533, 0.11194591256904404]"
seed17_control_control_3_cycle160.npz,17,control,control_3,160,3.1777688385796696,7.099067808871388,80,5,7081605,80,True,47.063749996596016,-57436.21547328417,29.32196323316748,29.32196323316748,1.0000000000003686,2.9284747227419365,2.9353766693899033,"[2.8369764565659903, 1.176120632985241, 0.1382795650433199, 0.4453736848461075]","[4.569367740465183, -0.29483832601184323, 0.06628471773099505, 0.11194591256904404]"
seed17_control_control_3_cycle160.npz,17,control,control_3,160,3.1777688385796696,7.099067808871388,80,6,7081606,80,True,46.95641700527631,-57479.97460926345,3.63896235221182,3.63896235221182,1.0525229243398617,2.9284747227419365,2.9353826166447945,"[3.6342659207767594, 2.8914261337608735, 0.14669512808763524, -0.06310871346011221]","[4.7003959819141485, -0.20535169204577802, 0.06880938664428965, 0.017429524760297167]"
seed17_control_control_3_cycle160.npz,17,control,control_3,160,3.1777688385796696,7.099067808871388,80,7,7081607,80,True,47.09604199160822,-57503.57511819126,61.355831218847015,61.355831218847015,1.0,2.9284747227419365,2.935376714698144,"[3.6229988761952203, 1.9018250752389037, 0.44480839637488234, 0.3605017967842158]","[4.665725805485483, -0.21977297560223907, 0.07542978316857013, 0.11194591256904404]"
seed17_control_control_3_cycle160.npz,17,control,control_3,160,3.1777688385796696,7.099067808871388,80,8,7081608,80,True,46.83062499680091,-57526.32128551768,91.56736582735175,91.56736582735175,1.0,2.9284747227419365,2.93538546375943,"[4.203888874358964, 2.1212384451175894, 0.32620343356607356, 0.1594006949807899]","[4.731467184520985, -0.19649477460318054, 0.07542978316857013, 0.0841823472925678]"
seed17_control_control_3_cycle160.npz,17,control,control_3,160,3.1777688385796696,7.099067808871388,80,9,7081609,80,True,47.01383400242776,-57471.35538826958,27.26906495678122,27.26906495678122,1.0000000000030744,2.9284747227419365,2.9353858841438814,"[4.211118097346899, 2.339849376422067, 0.2664115858259153, 0.6]","[4.7371058198992095, -0.19526818729972611, 0.07542978316857013, 0.11194591256904404]"
seed17_control_control_3_cycle160.npz,17,control,control_3,160,3.1777688385796696,7.099067808871388,80,10,7081610,80,True,46.79541698715184,-57468.149158068685,2.360337387668551,2.360337387668551,1.1871097530690249,2.9284747227419365,2.9353820726632907,"[3.7342798039753857, 2.56994109533402, 0.2814576550748354, 0.3628800987014053]","[4.699513305517178, -0.205657109470385, 0.07542978316857013, 0.11194591256904404]"
seed17_control_control_3_cycle160.npz,17,control,control_3,160,3.1777688385796696,7.099067808871388,80,11,7081611,80,True,47.185083996737376,-57503.00570336133,15.304271999943012,15.304271999943012,1.000000451303931,2.9284747227419365,2.935379071245293,"[3.167002628003542, 3.3205195597597488, 0.34988343285699325, 0.12233688015646701]","[4.6799745190956035, -0.21322661272433513, 0.07542978316857013, 0.07306320284527093]"
seed17_control_control_3_cycle160.npz,17,control,control_3,160,3.1777688385796696,7.099067808871388,80,12,7081612,80,True,50.605791999259964,-57426.17771757932,23.756025338392647,23.756025338392647,1.0000000001187135,2.9284747227419365,2.935381098772082,"[3.4422509024370456, 3.1224840438247794, 0.5427563338522869, 0.19369940425024024]","[4.692613395805969, -0.20815158977307108, 0.07542978316857013, 0.0944719600734029]"
seed17_control_control_3_cycle160.npz,17,control,control_3,160,3.1777688385796696,7.099067808871388,80,13,7081613,80,True,52.764207997825,-57398.63183542557,66.79838588060375,66.79838588060375,1.0,2.9284747227419365,2.9353802032786174,"[2.686375912000704, 2.3256313531597255, 0.6, 0.5489125495755233]","[4.6180141768984635, -0.24904060877706757, 0.07542978316857013, 0.11194591256904404]"
seed17_control_control_3_cycle160.npz,17,control,control_3,160,3.1777688385796696,7.099067808871388,80,14,7081614,80,True,66.4846250001574,-57449.15338869316,75.01052345767675,75.01052345767675,1.0,2.9284747227419365,2.9353856663034374,"[4.153413007357976, 2.465454393217658, 0.6, 0.5768309133728832]","[4.734099226908396, -0.1959080808700005, 0.07542978316857013, 0.11194591256904404]"
seed17_control_control_3_cycle160.npz,17,control,control_3,160,3.1777688385796696,7.099067808871388,80,15,7081615,80,True,69.28937500924803,-57570.08250833066,64.67610566892836,64.67610566892836,1.0,2.9284747227419365,2.935379581218579,"[2.234087932216029, 3.4454458594280606, 0.21464762330692988, 0.6]","[4.634260735801639, -0.23767099005235082, 0.07542978316857013, 0.11194591256904404]"
seed17_control_control_3_cycle160.npz,17,control,control_3,160,3.1777688385796696,7.099067808871388,80,16,7081616,80,True,63.151042006211355,-57454.87754231107,3.176155239729269,3.176155239729269,1.0833485273189287,2.9284747227419365,2.935378888953582,"[2.2824765733806918, 2.0416729598930607, 0.20196167673629792, -0.05345365069988073]","[4.586556100362824, -0.27624597230616, 0.07542978316857013, 0.020326043588366614]"
seed17_control_control_3_cycle160.npz,17,control,control_3,160,3.1777688385796696,7.099067808871388,80,17,7081617,80,True,59.23033300496172,-57439.710032396564,9.47720826400473,9.47720826400473,1.000183843269068,2.9284747227419365,2.9353847388489482,"[1.824292047860406, 2.9497109569159075, -0.4157147640605517, 0.18987748141802852]","[4.601816658074141, -0.26209443226591533, -0.004570216831429885, 0.09332538322373939]"
seed17_control_control_3_cycle160.npz,17,control,control_3,160,3.1777688385796696,7.099067808871388,80,18,7081618,80,True,60.9227090026252,-57485.28227341332,16.028461738445912,16.028461738445912,1.0000002187547588,2.9284747227419365,2.935385429895366,"[3.680297396789379, 3.4738522584824554, 0.09910632313439291, 0.07927858942338781]","[4.716612368293851, -0.20027777515130363, 0.05453274515831696, 0.06014571562534717]"
seed17_control_control_3_cycle160.npz,17,control,control_3,160,3.1777688385796696,7.099067808871388,80,19,7081619,80,True,52.224499988369644,-57569.05250314272,73.24569158394297,73.24569158394297,1.0,2.9284747227419365,2.9353798938848055,"[2.7522068154597217, 1.8189144683417386, 0.574544326723881, 0.3113726890367109]","[4.59904979370709, -0.2645169779954268, 0.07542978316857013, 0.11194591256904404]"
seed17_control_control_3_cycle160.npz,17,control,control_3,160,3.1777688385796696,7.099067808871388,160,0,7083200,160,True,100.01854199799709,-57444.29399349418,1.6526259331294568,1.6526259331294568,1.4922183293837736,2.9284747227419365,2.9353779607511292,"[3.1714997956519055, 2.492294277882023, 0.33593278471704996, 0.5015568789678811]","[4.6543701595857465, -0.2256578559446798, 0.07542978316857013, 0.11194591256904404]"
seed17_control_control_3_cycle160.npz,17,control,control_3,160,3.1777688385796696,7.099067808871388,160,1,7083201,160,True,93.39504099625628,-57495.52201756943,56.432541449248674,56.432541449248674,1.0,2.9284747227419365,2.935380095287439,"[2.813400140666038, 2.2676866442165062, 0.2663603699046792, 0.13173273573061803]","[4.6227705581193375, -0.24554475170896967, 0.07542978316857013, 0.07588195951751624]"
seed17_control_control_3_cycle160.npz,17,control,control_3,160,3.1777688385796696,7.099067808871388,160,2,7083202,160,True,95.91466600249987,-57539.791797966136,42.134889031112834,42.134889031112834,1.0,2.9284747227419365,2.935382809336829,"[5.361828779416097, 1.7769039224492134, 0.4619634141684333, 0.4734353668898038]","[4.8704858885427385, -0.1978879709852049, 0.07542978316857013, 0.11194591256904404]"
seed17_control_control_3_cycle160.npz,17,control,control_3,160,3.1777688385796696,7.099067808871388,160,3,7083203,160,True,96.11562499776483,-57490.26921158735,16.3915893779631,16.3915893779631,1.000000152143477,2.9284747227419365,2.935377538857453,"[2.472297713057986, 3.9343920334627174, 0.5362947508238824, -0.03921505869126135]","[4.65843871217678, -0.22347856441870861, 0.07542978316857013, 0.024597621190952428]"
seed17_control_control_3_cycle160.npz,17,control,control_3,160,3.1777688385796696,7.099067808871388,160,4,7083204,160,True,95.89599999890197,-57551.79936575508,122.8466426359737,122.8466426359737,1.0,2.9284747227419365,2.935380090550551,"[2.4474224485979352, 2.7805362202164416, 0.35443540473187496, 0.5369333154166781]","[4.622929679829333, -0.24543027287879765, 0.07542978316857013, 0.11194591256904404]"
seed17_control_control_3_cycle160.npz,17,control,control_3,160,3.1777688385796696,7.099067808871388,160,5,7083205,160,True,102.31058300996665,-57464.40678987986,6.84912135804916,6.84912135804916,1.0021217002160063,2.9284747227419365,2.9353790826861976,"[2.578078184707421, 3.144770639735378, 0.3533454564081255, -0.09757007380178861]","[4.641651441814732, -0.233006638850295, 0.07542978316857013, 0.007091116657794251]"
seed17_control_control_3_cycle160.npz,17,control,control_3,160,3.1777688385796696,7.099067808871388,160,6,7083206,160,True,101.17125000397209,-57505.839578682586,22.852847452079004,22.852847452079004,1.0000000002377742,2.9284747227419365,2.935378767726933,"[2.9386378105420423, 2.662500606131676, 0.4335016937677323, 0.6]","[4.645606037006967, -0.23063222736684857, 0.07542978316857013, 0.11194591256904404]"
seed17_control_control_3_cycle160.npz,17,control,control_3,160,3.1777688385796696,7.099067808871388,160,7,7083207,160,True,103.45391600276344,-57581.02109051872,75.84070289904776,75.84070289904776,1.0,2.9284747227419365,2.935380331032681,"[1.4750920591102217, 2.6016449913092354, 0.03173711464773393, 0.05533389423414087]","[4.578380550947623, -0.28469764352752464, 0.034321982612319266, 0.05296230706857309]"
seed17_control_control_3_cycle160.npz,17,control,control_3,160,3.1777688385796696,7.099067808871388,160,8,7083208,160,True,105.48191699490417,-57477.85116965912,0.26913421664357884,0.26913421664357884,3.71754818086988,2.9284747227419365,2.9353821696039644,"[3.6095536006144933, 2.956941210998277, 0.6, 0.5821491250350413]","[4.700237255629477, -0.20540638654649734, 0.07542978316857013, 0.11194591256904404]"
seed17_control_control_3_cycle160.npz,17,control,control_3,160,3.1777688385796696,7.099067808871388,160,9,7083209,160,True,93.21483300300315,-57476.656710202056,1.1124351691250922,1.1124351691250922,1.595320600506023,2.9284747227419365,2.935382027379583,"[3.581406468865028, 2.996222368233411, 0.2073647151446593, 0.597038016247585]","[4.699177621088911, -0.20577406903290907, 0.07542978316857013, 0.11194591256904404]"
seed17_control_control_3_cycle160.npz,17,control,control_3,160,3.1777688385796696,7.099067808871388,160,10,7083210,160,True,99.8659589968156,-57463.35183900976,23.49867198463471,23.49867198463471,1.0000000001246483,2.9284747227419365,2.93537668297863,"[3.3084319782025684, 2.549453327407828, 0.3248185461300847, 0.38031735955614915]","[4.665992256383982, -0.21964218343651815, 0.07542978316857013, 0.11194591256904404]"
seed17_control_control_3_cycle160.npz,17,control,control_3,160,3.1777688385796696,7.099067808871388,160,11,7083211,160,True,93.82062499935273,-57497.84632874417,25.714004199900955,25.714004199900955,1.0000000000136011,2.9284747227419365,2.935375679861444,"[1.9599620971690481, 1.8766565211565194, 0.6, 0.4747271014535591]","[4.567609341670274, -0.2969284547177817, 0.07542978316857013, 0.11194591256904404]"
seed17_control_control_3_cycle160.npz,17,control,control_3,160,3.1777688385796696,7.099067808871388,160,12,7083212,160,True,96.1579580034595,-57514.5068476227,82.30629229758051,82.30629229758051,1.0,2.9284747227419365,2.9353817924841135,"[2.5925384376263274, 2.3370228173966554, 0.08677433117229966, 0.3368795534327425]","[4.6134797159886425, -0.25251049933910596, 0.050833147569688986, 0.11194591256904404]"
seed17_control_control_3_cycle160.npz,17,control,control_3,160,3.1777688385796696,7.099067808871388,160,13,7083213,160,True,96.45816599368118,-57483.259767860545,55.813108720038144,55.813108720038144,1.0,2.9284747227419365,2.9353846962514085,"[3.9485124948806356, 2.669117317961056, 0.15662338981803678, 0.2709501004339009]","[4.72012207823527, -0.19931078643731437, 0.07178786516341013, 0.11194591256904404]"
seed17_control_control_3_cycle160.npz,17,control,control_3,160,3.1777688385796696,7.099067808871388,160,14,7083214,160,True,95.94758300227113,-57455.87783210392,1.4393289852960152,1.4393289852960152,1.6758698746181457,2.9284747227419365,2.935377395225168,"[2.124053045960369, 1.9403813077312813, 0.5161568881633849, 0.10489605713114988]","[4.576007398580459, -0.2872792612130973, 0.07542978316857013, 0.0678309559376758]"
seed17_control_control_3_cycle160.npz,17,control,control_3,160,3.1777688385796696,7.099067808871388,160,15,7083215,160,True,96.4397499919869,-57498.33164630947,0.3799517410079716,0.3799517410079716,1.9319193608370224,2.9284747227419365,2.9353843557454127,"[3.8062716135478225, 3.1444418723003595, 0.31010185092508025, 0.3268573092192832]","[4.719054636182462, -0.19960004021816058, 0.07542978316857013, 0.11194591256904404]"
seed17_control_control_3_cycle160.npz,17,control,control_3,160,3.1777688385796696,7.099067808871388,160,16,7083216,160,True,95.04558298795018,-57491.80846876766,14.356803682938335,14.356803682938335,1.0000011639903463,2.9284747227419365,2.9353824573637235,"[1.6349942418436756, 3.9038364774961583, 0.04185798939644342, 0.6]","[4.622753048793907, -0.24555735829112793, 0.03735824503693211, 0.11194591256904404]"
seed17_control_control_3_cycle160.npz,17,control,control_3,160,3.1777688385796696,7.099067808871388,160,17,7083217,160,True,96.3102919922676,-57443.92525331789,5.892279966414208,5.892279966414208,1.0055213086240282,2.9284747227419365,2.9353856502705007,"[5.2777185124551025, 3.0123895689991937, 0.19210271412704566, 0.6]","[4.838769525392776, -0.19178826588096187, 0.07542978316857013, 0.11194591256904404]"
seed17_control_control_3_cycle160.npz,17,control,control_3,160,3.1777688385796696,7.099067808871388,160,18,7083218,160,True,96.5298340015579,-57438.213285591,9.766182035789825,9.766182035789825,1.000114717858451,2.9284747227419365,2.9353777364994937,"[2.36536561639726, 1.7661288735013079, 0.288337826623382, 0.19428553121095699]","[4.578043490458283, -0.28506063894210854, 0.07542978316857013, 0.09464779816161792]"
seed17_control_control_3_cycle160.npz,17,control,control_3,160,3.1777688385796696,7.099067808871388,160,19,7083219,160,True,95.96624999539927,-57489.908193919415,11.111400540532486,11.111400540532486,1.0000298911567658,2.9284747227419365,2.9353788652569444,"[2.310907475429602, 3.6826380444996047, 0.6, 0.5302708272597251]","[4.644423571162891, -0.2313335478805123, 0.07542978316857013, 0.11194591256904404]"
seed17_control_control_3_cycle160.npz,17,control,control_3,160,3.1777688385796696,7.099067808871388,320,0,7086400,320,True,181.44941699574701,-57526.020741343,21.087972934023128,21.087972934023128,1.0000000013891235,2.9284747227419365,2.9353799094799147,"[2.466507828131174, 2.148384442480037, 0.2859396976577957, 0.4997762562829067]","[4.599353362859634, -0.2642482473693628, 0.07542978316857013, 0.11194591256904404]"
seed17_control_control_3_cycle160.npz,17,control,control_3,160,3.1777688385796696,7.099067808871388,320,1,7086401,320,True,180.71658400003798,-57523.55794929144,34.22678187679412,34.22678187679412,1.0000000000000027,2.9284747227419365,2.9353834809404487,"[3.132002565253321, 4.931997344600055, 0.16322424805403196, 0.2939697986534955]","[4.709920660814753, -0.20224949544237703, 0.07376812263420868, 0.11194591256904404]"
seed17_control_control_3_cycle160.npz,17,control,control_3,160,3.1777688385796696,7.099067808871388,320,2,7086402,320,True,188.66666599933524,-57504.003036437534,27.662513327799388,27.662513327799388,1.0000000000019402,2.9284747227419365,2.9353852097837008,"[3.807349744860917, 3.6585993912281634, 0.43593652143998146, 0.5630024247843777]","[4.728354441630577, -0.1972207810993591, 0.07542978316857013, 0.11194591256904404]"
seed17_control_control_3_cycle160.npz,17,control,control_3,160,3.1777688385796696,7.099067808871388,320,3,7086403,320,True,214.4730830041226,-57542.61848503838,83.6843525276272,83.6843525276272,1.0,2.9284747227419365,2.9353776618592646,"[2.1225342158658282, 1.9800422852223407, 0.5829853790421323, 0.4293582972349823]","[4.5775841110627535, -0.28555730697785886, 0.07542978316857013, 0.11194591256904404]"
seed17_control_control_3_cycle160.npz,17,control,control_3,160,3.1777688385796696,7.099067808871388,320,4,7086404,320,True,193.03724999190308,-57553.752994888586,39.13707618085755,39.13707618085755,1.0,2.9284747227419365,2.9353874020537596,"[4.492278776465179, 2.970684288873537, 0.38447755496317315, -0.11956431107292698]","[4.771640508469045, -0.19017710258969323, 0.07542978316857013, 0.0004928454764527371]"
seed17_control_control_3_cycle160.npz,17,control,control_3,160,3.1777688385796696,7.099067808871388,320,5,7086405,320,True,181.21808400610462,-57533.85005506741,32.61105060231057,32.61105060231057,1.0000000000000138,2.9284747227419365,2.935379301939739,"[2.7196091056607017, 2.8239104783899225, 0.6, 0.5625214194903954]","[4.638618653064734, -0.23488429939396305, 0.07542978316857013, 0.11194591256904404]"
seed17_control_control_3_cycle160.npz,17,control,control_3,160,3.1777688385796696,7.099067808871388,320,6,7086406,320,True,181.33137498807628,-57511.15248720316,26.300936038394866,26.300936038394866,1.0000000000075628,2.9284747227419365,2.935382732895217,"[3.5422176772288565, 3.3417819298718703, 0.5363346381602677, 0.2829415402257583]","[4.704597813149199, -0.20393975900949513, 0.07542978316857013, 0.11194591256904404]"
seed17_control_control_3_cycle160.npz,17,control,control_3,160,3.1777688385796696,7.099067808871388,320,7,7086407,320,True,178.693125009886,-57509.1190020299,25.867125358177873,25.867125358177873,1.0000000000116702,2.9284747227419365,2.93538674783117,"[4.397769497163772, 2.0776231218995753, 0.5429916363874958, -0.010792376609624066]","[4.751823981091589, -0.19259534436848053, 0.07542978316857013, 0.033124425815443614]"
seed17_control_control_3_cycle160.npz,17,control,control_3,160,3.1777688385796696,7.099067808871388,320,8,7086408,320,True,181.80829200719018,-57563.7369668265,86.2827690160193,86.2827690160193,1.0,2.9284747227419365,2.9353798756048284,"[1.5891541454961053, 3.1197114020635133, 0.6, -0.07896076816409092]","[4.598703177860044, -0.26482471164756305, 0.07542978316857013, 0.012673908349103556]"
seed17_control_control_3_cycle160.npz,17,control,control_3,160,3.1777688385796696,7.099067808871388,320,9,7086409,320,True,177.84720899362583,-57492.54629409008,13.53100463069859,13.53100463069859,1.000004246109362,2.9284747227419365,2.9353802397610207,"[1.4574589492685615, 3.724764367858925, 0.3987860967961308, 0.4121215045626171]","[4.6116804414749595, -0.2539257804533264, 0.07542978316857013, 0.11194591256904404]"
seed17_control_control_3_cycle160.npz,17,control,control_3,160,3.1777688385796696,7.099067808871388,320,10,7086410,320,True,191.83916700421833,-57517.87200428794,45.70945365701482,45.70945365701482,1.0,2.9284747227419365,2.935379754185392,"[3.469053884630443, 1.4957315769277553, 0.17586073283647277, 0.4575081489875932]","[4.631134884253805, -0.23973593043855382, 0.07542978316857013, 0.11194591256904404]"
seed17_control_control_3_cycle160.npz,17,control,control_3,160,3.1777688385796696,7.099067808871388,320,11,7086411,320,True,199.60433300002478,-57495.29802592582,10.912012805682025,10.912012805682025,1.0000364756513649,2.9284747227419365,2.935371689934153,"[1.4451036356652736, 1.913498082339704, 0.6, 0.6]","[4.554191858457976, -0.3142774981053815, 0.07542978316857013, 0.11194591256904404]"
seed17_control_control_3_cycle160.npz,17,control,control_3,160,3.1777688385796696,7.099067808871388,320,12,7086412,320,True,185.8284580084728,-57494.634818447215,22.326796799854492,22.326796799854492,1.0000000004023697,2.9284747227419365,2.9353875278886274,"[4.577245842257021, 4.094602825591393, 0.6, 0.15042685956062438]","[4.783616871432337, -0.18935971860338674, 0.07542978316857013, 0.08149019666651815]"
seed17_control_control_3_cycle160.npz,17,control,control_3,160,3.1777688385796696,7.099067808871388,320,13,7086413,320,True,181.04095899616368,-57506.18116714065,51.11115491273085,51.11115491273085,1.0,2.9284747227419365,2.9353858516984115,"[4.135407312571562, 2.679761962482241, 0.250110646540613, 0.4548978758633679]","[4.736645189238229, -0.19536413606353636, 0.07542978316857013, 0.11194591256904404]"
seed17_control_control_3_cycle160.npz,17,control,control_3,160,3.1777688385796696,7.099067808871388,320,14,7086414,320,True,177.8894579911139,-57525.02816113051,31.084359728854906,31.084359728854906,1.000000000000063,2.9284747227419365,2.935380168331517,"[2.350049733855073, 2.827791349500548, 0.6, -0.09401177242351222]","[4.619901722978435, -0.2476360182851876, 0.07542978316857013, 0.00815860707127717]"
seed17_control_control_3_cycle160.npz,17,control,control_3,160,3.1777688385796696,7.099067808871388,320,15,7086415,320,True,191.69233299908228,-57528.027528657956,9.015470813355932,9.015470813355932,1.0002430304904086,2.9284747227419365,2.935380215792626,"[2.1150723461969854, 2.817634320495215, 0.6, 0.30104515226109885]","[4.609030037831299, -0.25605151584077007, 0.07542978316857013, 0.11194591256904404]"
seed17_control_control_3_cycle160.npz,17,control,control_3,160,3.1777688385796696,7.099067808871388,320,16,7086416,320,True,199.56220898893662,-57506.51228993374,10.757615554030053,10.757615554030053,1.0000425657337242,2.9284747227419365,2.9353875282013577,"[4.668158594549474, 2.976870003289941, 0.6, 0.6]","[4.786816578139442, -0.1892226940102671, 0.07542978316857013, 0.11194591256904404]"
seed17_control_control_3_cycle160.npz,17,control,control_3,160,3.1777688385796696,7.099067808871388,320,17,7086417,320,True,201.7503749957541,-57508.63176802509,20.533773349896364,20.533773349896364,1.0000000024172788,2.9284747227419365,2.935376602816353,"[3.7845451327223025, 1.5913529054330324, 0.42737907505506895, 0.154205493636207]","[4.666661638746804, -0.21931504637579236, 0.07542978316857013, 0.08262378688919293]"
seed17_control_control_3_cycle160.npz,17,control,control_3,160,3.1777688385796696,7.099067808871388,320,18,7086418,320,True,192.40533300035167,-57506.899508735616,20.028089589977753,20.028089589977753,1.0000000040114347,2.9284747227419365,2.9353845612188705,"[4.082690196717966, 2.2085745860914447, 0.6, -0.10280209766264675]","[4.7211541883723855, -0.19903511762946074, 0.07542978316857013, 0.005521509499536809]"
seed17_control_control_3_cycle160.npz,17,control,control_3,160,3.1777688385796696,7.099067808871388,320,19,7086419,320,True,183.19087498821318,-57503.89873835239,1.9767445750330808,1.9767445750330808,1.2718502122405053,2.9284747227419365,2.9353824647131703,"[3.5202953902410368, 3.3132287903430613, 0.3379960046552194, 0.5602570874723634]","[4.702487764767342, -0.20464015743848218, 0.07542978316857013, 0.11194591256904404]"
seed17_control_control_3_cycle160.npz,17,control,control_3,160,3.1777688385796696,7.099067808871388,640,0,7092800,640,True,384.1620830062311,-57541.923798129865,50.4481354556774,50.4481354556774,1.0,2.9284747227419365,2.9353759372306913,"[1.255432550507686, 2.498674806996169, 0.6, 0.29187834688440717]","[4.568719963124884, -0.2956038217148085, 0.07542978316857013, 0.11194591256904404]"
seed17_control_control_3_cycle160.npz,17,control,control_3,160,3.1777688385796696,7.099067808871388,640,1,7092801,640,True,406.4798330073245,-57508.358919844824,9.077825330583437,9.077825330583437,1.0002324646702763,2.9284747227419365,2.935380116205002,"[2.8816534067636583, 2.1560191556237918, 0.17422918753150854, 0.19769975971448256]","[4.622036950126593, -0.24607458562656073, 0.07542978316857013, 0.0956720667126756]"
seed17_control_control_3_cycle160.npz,17,control,control_3,160,3.1777688385796696,7.099067808871388,640,2,7092802,640,True,385.5069999990519,-57527.8931623415,21.138639782118844,21.138639782118844,1.0000000014465016,2.9284747227419365,2.935383950330497,"[3.6340999637257134, 3.5573842488865997, 0.2857881687715804, 0.15523757960864704]","[4.715119438090611, -0.20070303977090115, 0.07542978316857013, 0.08293341268092494]"
seed17_control_control_3_cycle160.npz,17,control,control_3,160,3.1777688385796696,7.099067808871388,640,3,7092803,640,True,396.8475420115283,-57477.32990695279,1.0720565920346417,1.0720565920346417,1.614649237667626,2.9284747227419365,2.935386800479557,"[4.354774074134946, 2.4261415376408184, 0.6, 0.259163192145592]","[4.752952467286789, -0.19242154910481923, 0.07542978316857013, 0.11194591256904404]"
seed17_control_control_3_cycle160.npz,17,control,control_3,160,3.1777688385796696,7.099067808871388,640,4,7092804,640,True,405.9850409976207,-57511.85699528139,6.537117066611245,6.537117066611245,1.003143498156304,2.9284747227419365,2.935384878813396,"[5.371343183354413, 2.842255422307713, 0.1706454671434776, 0.1252864823543968]","[4.848932264567274, -0.19335837730083055, 0.07542978316857013, 0.07394808350464988]"
seed17_control_control_3_cycle160.npz,17,control,control_3,160,3.1777688385796696,7.099067808871388,640,5,7092805,640,True,390.91833400016185,-57509.6193012156,12.386560231185285,12.386560231185285,1.0000102723299837,2.9284747227419365,2.9353801323594366,"[2.334148230651918, 2.4424525315963996, 0.5237738797547836, 0.19137737522947856]","[4.605026718320257, -0.2593576261718546, 0.07542978316857013, 0.09377535136717441]"
seed17_control_control_3_cycle160.npz,17,control,control_3,160,3.1777688385796696,7.099067808871388,640,6,7092806,640,True,425.0660840043565,-57529.87894198747,0.11106614609161625,0.11106614609161625,1.9938636992749972,2.9284747227419365,2.9353783940725173,"[3.745122718524052, 1.3643245586529165, 0.6, 0.46641208717754257]","[4.649860144582081, -0.22816903671872707, 0.07542978316857013, 0.11194591256904404]"
seed17_control_control_3_cycle160.npz,17,control,control_3,160,3.1777688385796696,7.099067808871388,640,7,7092807,640,True,387.19541700265836,-57555.11130089728,11.761839622966363,11.761839622966363,1.0000155929379382,2.9284747227419365,2.9353857411731266,"[4.083622128989549, 2.8404047712341254, 0.5129213361942109, 0.558358782560529]","[4.735110454010581, -0.19568926595782782, 0.07542978316857013, 0.11194591256904404]"
seed17_control_control_3_cycle160.npz,17,control,control_3,160,3.1777688385796696,7.099067808871388,640,8,7092808,640,True,369.6005419915309,-57502.30806724841,25.654839438735507,25.654839438735507,1.0000000000146363,2.9284747227419365,2.9353850483826727,"[3.7848083215462114, 3.634863292226452, 0.6, 0.02775713789638895]","[4.726470472915841, -0.19767722655538594, 0.07542978316857013, 0.04468928016724752]"
seed17_control_control_3_cycle160.npz,17,control,control_3,160,3.1777688385796696,7.099067808871388,640,9,7092809,640,True,399.7535000089556,-57546.00944414342,24.871353709611867,24.871353709611867,1.0000000000316032,2.9284747227419365,2.935380164303843,"[2.3937908340294074, 2.4028018720143165, 0.6, 0.34022067289606794]","[4.606259697683246, -0.2583269265477518, 0.07542978316857013, 0.11194591256904404]"
seed17_control_control_3_cycle160.npz,17,control,control_3,160,3.1777688385796696,7.099067808871388,640,10,7092810,640,True,397.1823339961702,-57508.996270101394,2.461389649732155,2.461389649732155,1.1763760775148802,2.9284747227419365,2.9353844558758913,"[2.3017326956589876, 3.248481159180087, -0.1573505017505274, -0.03240145400042038]","[4.631426809453035, -0.23954070269841474, -0.004570216831429885, 0.026641702598204718]"
seed17_control_control_3_cycle160.npz,17,control,control_3,160,3.1777688385796696,7.099067808871388,640,11,7092811,640,True,380.8559159951983,-57516.484702486356,34.75179326537909,34.75179326537909,1.0000000000000018,2.9284747227419365,2.9353875049199125,"[4.7114939529454265, 3.387960983364343, 0.4651801029161996, 0.5042725589763997]","[4.791355821251583, -0.18908696950498005, 0.07542978316857013, 0.11194591256904404]"
seed17_control_control_3_cycle160.npz,17,control,control_3,160,3.1777688385796696,7.099067808871388,640,12,7092812,640,True,388.53066599403974,-57525.78106390384,17.821189940048498,17.821189940048498,1.000000036604396,2.9284747227419365,2.9353847471674763,"[3.7945047812616055, 1.9957016771228813, -0.33093256878572214, 0.04310220918489932]","[4.685702982212532, -0.21084376211262612, -0.004570216831429885, 0.04929280155380063]"
seed17_control_control_3_cycle160.npz,17,control,control_3,160,3.1777688385796696,7.099067808871388,640,13,7092813,640,True,411.5243339911103,-57531.522316270566,32.3425796116353,32.3425796116353,1.0000000000000182,2.9284747227419365,2.935377048136213,"[3.225121832605986, 2.6271193458638096, 0.22855551128663276, -0.01374737934630399]","[4.66286689212807, -0.22119702429541183, 0.07542978316857013, 0.032237924994439636]"
seed17_control_control_3_cycle160.npz,17,control,control_3,160,3.1777688385796696,7.099067808871388,640,14,7092814,640,True,397.680207999656,-57474.08830597699,6.154631407625857,6.154631407625857,1.0042705372195153,2.9284747227419365,2.9353816143683282,"[3.043325296498248, 2.6153654846932093, -0.0104436384708258, 0.3523430709704929]","[4.650429832572437, -0.2278462038964692, 0.021667756676751346, 0.11194591256904404]"
seed17_control_control_3_cycle160.npz,17,control,control_3,160,3.1777688385796696,7.099067808871388,640,15,7092815,640,True,396.2627500004601,-57494.14457221612,1.9418058166920673,1.9418058166920673,1.2939355544065905,2.9284747227419365,2.935384155357736,"[3.707306969990711, 1.218773395279884, -0.1431141812976207, -0.32871465307237324]","[4.636570997732259, -0.23618050120128203, -0.004570216831429885, -0.008054087430955953]"
seed17_control_control_3_cycle160.npz,17,control,control_3,160,3.1777688385796696,7.099067808871388,640,16,7092816,640,True,399.9367080105003,-57525.46639074926,19.621672225977818,19.621672225977818,1.0000000060179155,2.9284747227419365,2.935379754116768,"[2.2695342652119708, 3.2871540515832534, 0.3145810113995092, 0.541755775619627]","[4.631136215658643, -0.23973503892585155, 0.07542978316857013, 0.11194591256904404]"
seed17_control_control_3_cycle160.npz,17,control,control_3,160,3.1777688385796696,7.099067808871388,640,17,7092817,640,True,383.9377499971306,-57495.78311672484,5.125560183383641,5.125560183383641,1.0121517414959857,2.9284747227419365,2.935379849553766,"[3.5018387273575535, 1.4213263914697016, 0.16775308682511875, 0.6]","[4.629609408768508, -0.24076418776178685, 0.07512677426553471, 0.11194591256904404]"
seed17_control_control_3_cycle160.npz,17,control,control_3,160,3.1777688385796696,7.099067808871388,640,18,7092818,640,True,379.36800000898074,-57500.89790062208,24.19407160153787,24.19407160153787,1.000000000062188,2.9284747227419365,2.935377950699676,"[3.649400795530015, 0.5901606961030312, 0.4563392493771792, -0.5952909393079867]","[4.579410596781571, -0.28359574429730905, 0.07542978316857013, -0.008054087430955953]"
seed17_control_control_3_cycle160.npz,17,control,control_3,160,3.1777688385796696,7.099067808871388,640,19,7092819,640,True,372.4261250026757,-57506.14544042559,1.4101975013400079,1.4101975013400079,2.430137090996308,2.9284747227419365,2.935370706810525,"[1.6283636400197543, 1.7114185919314095, 0.49234295694022634, 0.13098639507233834]","[4.551614008933269, -0.31793238999641704, 0.07542978316857013, 0.07565805732003233]"
seed17_control_control_4_cycle180.npz,17,control,control_4,180,3.5979030721598106,14.380983552565588,80,0,7091600,80,True,54.325999997672625,-16426.843290731827,125.05081731170503,125.05081731170503,1.0,4.975069072667131,4.987870129163446,"[0.45701736312523167, 0.2028156542937909, 8.881784197001252e-15, 0.0]","[1.6388674356366302, 0.6585254363309246, 0.005438597364034935, 0.0077135240842087895]"
seed17_control_control_4_cycle180.npz,17,control,control_4,180,3.5979030721598106,14.380983552565588,80,1,7091601,80,True,51.83499999111518,-16426.843290731827,101.78296090628646,101.78296090628646,1.0,4.975069072667131,4.987870129163446,"[0.45701736312523167, 0.2028156542937909, 8.881784197001252e-15, 0.0]","[1.6388674356366302, 0.6585254363309246, 0.005438597364034935, 0.0077135240842087895]"
seed17_control_control_4_cycle180.npz,17,control,control_4,180,3.5979030721598106,14.380983552565588,80,2,7091602,80,True,52.26333299651742,-16426.843290731827,66.83935147243028,66.83935147243028,1.0,4.975069072667131,4.987870129163446,"[0.45701736312523167, 0.2028156542937909, 8.881784197001252e-15, 0.0]","[1.6388674356366302, 0.6585254363309246, 0.005438597364034935, 0.0077135240842087895]"
seed17_control_control_4_cycle180.npz,17,control,control_4,180,3.5979030721598106,14.380983552565588,80,3,7091603,80,True,48.378000006778166,-16426.843290731827,51.615888911646834,51.615888911646834,1.0,4.975069072667131,4.987870129163446,"[0.45701736312523167, 0.2028156542937909, 8.881784197001252e-15, 0.0]","[1.6388674356366302, 0.6585254363309246, 0.005438597364034935, 0.0077135240842087895]"
seed17_control_control_4_cycle180.npz,17,control,control_4,180,3.5979030721598106,14.380983552565588,80,4,7091604,80,True,51.280083003803156,-16435.224680246243,8.381389514415787,8.381389514415787,1.00045818277274,4.905784040244162,4.94905458453355,"[1.8180605368505702, 0.992739420197844, 0.0312934050391209, -0.027140497720197165]","[1.8885638778583749, 0.8343415975213017, 0.014826618875768539, -0.0004286252318503603]"
seed17_control_control_4_cycle180.npz,17,control,control_4,180,3.5979030721598106,14.380983552565588,80,5,7091605,80,True,51.531000004615635,-16426.843290731827,60.47438434567266,60.47438434567266,1.0,4.975069072667131,4.987870129163446,"[0.45701736312523167, 0.2028156542937909, 8.881784197001252e-15, 0.0]","[1.6388674356366302, 0.6585254363309246, 0.005438597364034935, 0.0077135240842087895]"
seed17_control_control_4_cycle180.npz,17,control,control_4,180,3.5979030721598106,14.380983552565588,80,6,7091606,80,True,52.78229199757334,-16535.174882167357,108.33159143552984,108.33159143552984,1.0,4.9703969683885045,4.991003681226884,"[1.643836106894745, 0.5615309099655666, -0.1650886479585458, -0.5782406513827202]","[1.8362965488716272, 0.7049790444516185, -0.03223057519423962, -0.04898067987970173]"
seed17_control_control_4_cycle180.npz,17,control,control_4,180,3.5979030721598106,14.380983552565588,80,7,7091607,80,True,50.332250000792556,-16591.909510273217,165.06621954138973,165.06621954138973,1.0,4.844874057741417,4.889733712947147,"[0.6028183841980594, -0.2719496010022372, 0.034245112899838434, -0.6]","[1.6832703542094836, 0.5806197982689547, 0.015712131233983802, -0.04898067987970173]"
seed17_control_control_4_cycle180.npz,17,control,control_4,180,3.5979030721598106,14.380983552565588,80,8,7091608,80,True,51.167625002563,-16426.843290731827,20.842731848450057,20.842731848450057,1.0000000017747883,4.975069072667131,4.987870129163446,"[0.45701736312523167, 0.2028156542937909, 8.881784197001252e-15, 0.0]","[1.6388674356366302, 0.6585254363309246, 0.005438597364034935, 0.0077135240842087895]"
seed17_control_control_4_cycle180.npz,17,control,control_4,180,3.5979030721598106,14.380983552565588,80,9,7091609,80,True,51.819750005961396,-16429.565492092497,2.7222013606697146,2.7222013606697146,1.130894281424687,4.939698571307357,4.969431214412597,"[-0.09627671819267725, -0.3606573100836961, -0.35224137476626893, -0.5613720263592362]","[1.656954848930456, 0.620006134850359, -0.03223057519423962, -0.04898067987970173]"
seed17_control_control_4_cycle180.npz,17,control,control_4,180,3.5979030721598106,14.380983552565588,80,10,7091610,80,True,55.70720799732953,-16426.843290731827,20.087887207035237,20.087887207035237,1.0000000037754737,4.975069072667131,4.987870129163446,"[0.45701736312523167, 0.2028156542937909, 8.881784197001252e-15, 0.0]","[1.6388674356366302, 0.6585254363309246, 0.005438597364034935, 0.0077135240842087895]"
seed17_control_control_4_cycle180.npz,17,control,control_4,180,3.5979030721598106,14.380983552565588,80,11,7091611,80,True,51.940917008323595,-16445.337939022324,18.494648290496116,18.494648290496116,1.0000000185740365,4.941154355602521,4.984239901764733,"[1.4486333410143015, 0.7996845326365696, -0.43662505336816015, -0.6]","[1.777735719107494, 0.7764251312529193, -0.03223057519423962, -0.04898067987970173]"
seed17_control_control_4_cycle180.npz,17,control,control_4,180,3.5979030721598106,14.380983552565588,80,12,7091612,80,True,56.131666991859674,-16426.843290731827,47.71290922805565,47.71290922805565,1.0,4.975069072667131,4.987870129163446,"[0.45701736312523167, 0.2028156542937909, 8.881784197001252e-15, 0.0]","[1.6388674356366302, 0.6585254363309246, 0.005438597364034935, 0.0077135240842087895]"
seed17_control_control_4_cycle180.npz,17,control,control_4,180,3.5979030721598106,14.380983552565588,80,13,7091613,80,True,56.19566699897405,-16466.632693661366,39.78940292953848,39.78940292953848,1.0,4.962037358352438,4.988066971329708,"[2.106342335867178, 0.5224061423183148, -0.3321960773125259, -0.6]","[1.975048417563357, 0.6932416141574429, -0.03223057519423962, -0.04898067987970173]"
seed17_control_control_4_cycle180.npz,17,control,control_4,180,3.5979030721598106,14.380983552565588,80,14,7091614,80,True,52.61391699605156,-16426.843290731827,18.97129672578376,18.97129672578376,1.0000000115318908,4.975069072667131,4.987870129163446,"[0.45701736312523167, 0.2028156542937909, 8.881784197001252e-15, 0.0]","[1.6388674356366302, 0.6585254363309246, 0.005438597364034935, 0.0077135240842087895]"
seed17_control_control_4_cycle180.npz,17,control,control_4,180,3.5979030721598106,14.380983552565588,80,15,7091615,80,True,56.322541990084574,-16488.079188505057,61.235897773229226,61.235897773229226,1.0,4.842806573515044,4.882498526446123,"[0.5940065984775778, 0.07975820815575677, -0.28351718540506043, -0.06899432023772079]","[1.6524351039877418, 0.628396641534804, -0.03223057519423962, -0.012984771987107447]"
seed17_control_control_4_cycle180.npz,17,control,control_4,180,3.5979030721598106,14.380983552565588,80,16,7091616,80,True,56.15158300497569,-16470.96428187588,44.12099114405282,44.12099114405282,1.0,4.9666186033273165,4.984259590570067,"[0.9988631422368337, 0.6166071218417352, -0.22526618720200117, -0.48596003259028026]","[1.6428046594742538, 0.721501908014469, -0.03223057519423962, -0.04898067987970173]"
seed17_control_control_4_cycle180.npz,17,control,control_4,180,3.5979030721598106,14.380983552565588,80,17,7091617,80,True,51.67912499746308,-16426.843290731827,28.950739164814877,28.950739164814877,1.0000000000005342,4.975069072667131,4.987870129163446,"[0.45701736312523167, 0.2028156542937909, 8.881784197001252e-15, 0.0]","[1.6388674356366302, 0.6585254363309246, 0.005438597364034935, 0.0077135240842087895]"
seed17_control_control_4_cycle180.npz,17,control,control_4,180,3.5979030721598106,14.380983552565588,80,18,7091618,80,True,51.394875001278706,-16426.843290731827,38.735083226089046,38.735083226089046,1.0,4.975069072667131,4.987870129163446,"[0.45701736312523167, 0.2028156542937909, 8.881784197001252e-15, 0.0]","[1.6388674356366302, 0.6585254363309246, 0.005438597364034935, 0.0077135240842087895]"
seed17_control_control_4_cycle180.npz,17,control,control_4,180,3.5979030721598106,14.380983552565588,80,19,7091619,80,True,53.193583007669076,-16453.892669685614,14.898078053189238,14.898078053189238,1.0000006774530463,4.863147730095549,4.881039118835674,"[0.04235817153695065, -1.3116957296917464, -0.23059037159073606, -0.6]","[1.7177302803495706, 0.5437930049803881, -0.03223057519423962, -0.04898067987970173]"
seed17_control_control_4_cycle180.npz,17,control,control_4,180,3.5979030721598106,14.380983552565588,160,0,7093200,160,True,101.44574999867473,-16426.843290731827,22.519987637388112,22.519987637388112,1.000000000333365,4.975069072667131,4.987870129163446,"[0.45701736312523167, 0.2028156542937909, 8.881784197001252e-15, 0.0]","[1.6388674356366302, 0.6585254363309246, 0.005438597364034935, 0.0077135240842087895]"
seed17_control_control_4_cycle180.npz,17,control,control_4,180,3.5979030721598106,14.380983552565588,160,1,7093201,160,True,90.03266699437518,-16466.006724882907,37.35951684520478,37.35951684520478,1.0,4.850155485191246,4.881226892910063,"[0.019134220510696798, -0.2521216385490662, 0.38601333583141495, -0.6]","[1.654388417332814, 0.6246918526394534, 0.047769424805760394, -0.04898067987970173]"
seed17_control_control_4_cycle180.npz,17,control,control_4,180,3.5979030721598106,14.380983552565588,160,2,7093202,160,True,90.51229200849775,-16461.727516770152,15.534058339777403,15.534058339777403,1.0000003586527642,4.898863919396944,4.943070643418674,"[1.4439383511456518, -0.01278081593039404, 0.23980004471372462, -0.6]","[1.7763272221468993, 0.5326855266828303, 0.047769424805760394, -0.04898067987970173]"
seed17_control_control_4_cycle180.npz,17,control,control_4,180,3.5979030721598106,14.380983552565588,160,3,7093203,160,True,93.61345799698029,-16495.95234241376,69.1090516819313,69.1090516819313,1.0,4.962031415577063,4.9796892307167715,"[-0.27752823617707334, 0.05832566280977286, -0.42764756284490524, -0.6]","[1.633253519647964, 0.6743978133016535, -0.03223057519423962, -0.04898067987970173]"
seed17_control_control_4_cycle180.npz,17,control,control_4,180,3.5979030721598106,14.380983552565588,160,4,7093204,160,True,92.65216600033455,-16455.456250098938,28.612959367110307,28.612959367110307,1.0000000000007496,4.848937361593477,4.85617887273702,"[0.4173943212457797, -0.5960930938832656, 0.46607136983798825, -0.2381595541154824]","[1.6966248906379813, 0.5648450926640759, 0.047769424805760394, -0.04898067987970173]"
seed17_control_control_4_cycle180.npz,17,control,control_4,180,3.5979030721598106,14.380983552565588,160,5,7093205,160,True,93.31525000743568,-16426.843290731827,78.41164010119974,78.41164010119974,1.0,4.975069072667131,4.987870129163446,"[0.45701736312523167, 0.2028156542937909, 8.881784197001252e-15, 0.0]","[1.6388674356366302, 0.6585254363309246, 0.005438597364034935, 0.0077135240842087895]"
seed17_control_control_4_cycle180.npz,17,control,control_4,180,3.5979030721598106,14.380983552565588,160,6,7093206,160,True,94.27674999460578,-16458.687579014997,31.84428828316959,31.84428828316959,1.0000000000000298,4.975069072667131,4.997891086433939,"[0.22228722881753726, -0.47199819878737026, 0.0913918655272927, -0.39041978940064304]","[1.6764745584091776, 0.5895719130251352, 0.032856157022220084, -0.04898067987970173]"
seed17_control_control_4_cycle180.npz,17,control,control_4,180,3.5979030721598106,14.380983552565588,160,7,7093207,160,True,93.18220800196286,-16426.843290731827,19.00690560525254,19.00690560525254,1.0000000111312206,4.975069072667131,4.987870129163446,"[0.45701736312523167, 0.2028156542937909, 8.881784197001252e-15, 0.0]","[1.6388674356366302, 0.6585254363309246, 0.005438597364034935, 0.0077135240842087895]"
seed17_control_control_4_cycle180.npz,17,control,control_4,180,3.5979030721598106,14.380983552565588,160,8,7093208,160,True,93.37458400113974,-16426.843290731827,23.11369965083213,23.11369965083213,1.0000000001831952,4.975069072667131,4.987870129163446,"[0.45701736312523167, 0.2028156542937909, 8.881784197001252e-15, 0.0]","[1.6388674356366302, 0.6585254363309246, 0.005438597364034935, 0.0077135240842087895]"
seed17_control_control_4_cycle180.npz,17,control,control_4,180,3.5979030721598106,14.380983552565588,160,9,7093209,160,True,94.78533299989067,-16466.73640619554,39.89311546371391,39.89311546371391,1.0,4.8940406039941795,4.9141613525039745,"[0.28963973166466916, -0.6303252572532078, 0.16072563967928435, -0.6]","[1.6910286225107418, 0.571189066008471, 0.047769424805760394, -0.04898067987970173]"
seed17_control_control_4_cycle180.npz,17,control,control_4,180,3.5979030721598106,14.380983552565588,160,10,7093210,160,True,96.2065839994466,-16447.675485548858,3.695706209047785,3.695706209047785,1.0496292289212854,4.783491730812063,4.840666469367168,"[0.780141812314083, -0.05282961694474544, -0.6, 0.05342321345774825]","[1.6752652757516744, 0.5912404469617939, -0.03223057519423962, 0.023740488121533267]"
seed17_control_control_4_cycle180.npz,17,control,control_4,180,3.5979030721598106,14.380983552565588,160,11,7093211,160,True,108.2813749962952,-16586.27249200754,67.5008187932217,67.5008187932217,1.0,4.865255422274825,4.903616402215644,"[-0.1751071364945881, 1.1141067128261612, -0.6, -0.08167006520184728]","[1.622830963357946, 0.8155934338078197, -0.03223057519423962, -0.016787495476345393]"
seed17_control_control_4_cycle180.npz,17,control,control_4,180,3.5979030721598106,14.380983552565588,160,12,7093212,160,True,93.39183299744036,-16440.027392307507,13.18410157567996,13.18410157567996,1.0000037605159278,4.975069072667131,4.987391031314485,"[-0.645930611918646, 0.5727288258670317, 0.4889353381467919, 0.16905317155062916]","[1.6196318037852382, 0.7438603840854935, 0.047769424805760394, 0.058429475549397536]"
seed17_control_control_4_cycle180.npz,17,control,control_4,180,3.5979030721598106,14.380983552565588,160,13,7093213,160,True,92.9176249919692,-16479.776636077197,52.93334534536916,52.93334534536916,1.0,4.878299540912877,4.905009640022765,"[1.0983423780821442, -0.018992243583340396, -0.06484209150239295, -0.3301745500490354]","[1.7020771736790323, 0.5589958311121603, -0.014014030086685614, -0.04898067987970173]"
seed17_control_control_4_cycle180.npz,17,control,control_4,180,3.5979030721598106,14.380983552565588,160,14,7093214,160,True,95.29379100422375,-16426.843290731827,15.149086124150926,15.149086124150926,1.0000005270665875,4.975069072667131,4.987870129163446,"[0.45701736312523167, 0.2028156542937909, 8.881784197001252e-15, 0.0]","[1.6388674356366302, 0.6585254363309246, 0.005438597364034935, 0.0077135240842087895]"
seed17_control_control_4_cycle180.npz,17,control,control_4,180,3.5979030721598106,14.380983552565588,160,15,7093215,160,True,90.33791700494476,-16429.285952776852,2.075336595673434,2.075336595673434,1.4365516787819028,4.942372151781499,4.962654738670197,"[0.04646670234092676, 0.8545326272677546, 0.018170168167704476, -0.42827179516249403]","[1.6191109764719307, 0.7805535823110032, 0.010889647814343612, -0.04898067987970173]"
seed17_control_control_4_cycle180.npz,17,control,control_4,180,3.5979030721598106,14.380983552565588,160,16,7093216,160,True,90.68241600471083,-16478.244810135122,19.311670246166614,19.311670246166614,1.0000000082049922,4.896074589450979,4.92415828364791,"[1.6036134616775324, 0.44074066676642676, 0.19425232612287355, -0.49694941637573936]","[1.8242297553064635, 0.6687419714918765, 0.047769424805760394, -0.04898067987970173]"
seed17_control_control_4_cycle180.npz,17,control,control_4,180,3.5979030721598106,14.380983552565588,160,17,7093217,160,True,97.13733301032335,-16467.113425491603,40.27013475977583,40.27013475977583,1.0,4.975069072667131,4.992090076497967,"[-0.5004744248768952, -0.542786491287485, 0.2273798481517919, -0.17546476053795712]","[1.6549378582786574, 0.6236718811208715, 0.047769424805760394, -0.04492590407717834]"
seed17_control_control_4_cycle180.npz,17,control,control_4,180,3.5979030721598106,14.380983552565588,160,18,7093218,160,True,102.22808399703354,-16484.860099703517,25.585948099000234,25.585948099000234,1.0000000000154596,4.973274643758031,4.9938508343262455,"[1.6915895428158865, 0.5291469010274527, -0.12886940213525797, -0.6]","[1.8506225796479696, 0.6952638417701843, -0.03223057519423962, -0.04898067987970173]"
seed17_control_control_4_cycle180.npz,17,control,control_4,180,3.5979030721598106,14.380983552565588,160,19,7093219,160,True,102.5000419904245,-16525.664731617646,5.620483688613604,5.620483688613604,1.0072456815686424,4.870716639576752,4.89376665824941,"[0.507796951237957, 0.6813673535725914, -0.4652429951447118, -0.5325000059149742]","[1.6193236179784014, 0.7483980908759318, -0.03223057519423962, -0.04898067987970173]"
seed17_control_control_4_cycle180.npz,17,control,control_4,180,3.5979030721598106,14.380983552565588,320,0,7096400,320,True,206.7445409920765,-16430.16390854008,3.3206178082509723,3.3206178082509723,1.0721667987729964,4.9738455834926105,4.99214126135508,"[0.2299980501512, 1.531137965882158, -0.08394821281969689, -0.5353936535175732]","[1.6454902938602616, 0.890202352236335, -0.019745866481876796, -0.04898067987970173]"
seed17_control_control_4_cycle180.npz,17,control,control_4,180,3.5979030721598106,14.380983552565588,320,1,7096401,320,True,184.15262500639074,-16496.093509046488,19.40414424127448,19.40414424127448,1.0000000074806072,4.961650120994043,4.966935680482242,"[1.3202517551203794, -0.5545146647354972, -0.147523383691514, -0.5078121809486292]","[1.7949668945562238, 0.4931979371011658, -0.03223057519423962, -0.04898067987970173]"
seed17_control_control_4_cycle180.npz,17,control,control_4,180,3.5979030721598106,14.380983552565588,320,2,7096402,320,True,181.45354199805297,-16429.466128848282,2.622838116454659,2.622838116454659,1.1450167037864434,4.947828214566862,4.967166335572316,"[-0.7595673288327264, -0.5098806929194302, 0.16762795670996192, -0.6]","[1.6479581184386145, 0.6373997452835533, 0.047769424805760394, -0.04898067987970173]"
seed17_control_control_4_cycle180.npz,17,control,control_4,180,3.5979030721598106,14.380983552565588,320,3,7096403,320,True,181.53858299774583,-16426.843290731827,22.908089299624407,22.908089299624407,1.0000000002253358,4.975069072667131,4.987870129163446,"[0.45701736312523167, 0.2028156542937909, 8.881784197001252e-15, 0.0]","[1.6388674356366302, 0.6585254363309246, 0.005438597364034935, 0.0077135240842087895]"
seed17_control_control_4_cycle180.npz,17,control,control_4,180,3.5979030721598106,14.380983552565588,320,4,7096404,320,True,179.38258399954066,-16426.843290731827,9.914480413553974,9.914480413553974,1.0000989067337263,4.975069072667131,4.987870129163446,"[0.45701736312523167, 0.2028156542937909, 8.881784197001252e-15, 0.0]","[1.6388674356366302, 0.6585254363309246, 0.005438597364034935, 0.0077135240842087895]"
seed17_control_control_4_cycle180.npz,17,control,control_4,180,3.5979030721598106,14.380983552565588,320,5,7096405,320,True,209.1800000052899,-16456.28801260954,11.290540222020354,11.290540222020354,1.000024981049799,4.89598697892961,4.935495627030804,"[0.1644985854222898, 0.9301630046463495, -0.10824834059424795, 0.10789239820544871]","[1.6200773660036352, 0.7943311438788987, -0.027035904814242118, 0.0400812435458434]"
seed17_control_control_4_cycle180.npz,17,control,control_4,180,3.5979030721598106,14.380983552565588,320,6,7096406,320,True,202.88433399400674,-16426.843290731827,33.787287006300176,33.787287006300176,1.0000000000000044,4.975069072667131,4.987870129163446,"[0.45701736312523167, 0.2028156542937909, 8.881784197001252e-15, 0.0]","[1.6388674356366302, 0.6585254363309246, 0.005438597364034935, 0.0077135240842087895]"
seed17_control_control_4_cycle180.npz,17,control,control_4,180,3.5979030721598106,14.380983552565588,320,7,7096407,320,True,178.60441700031515,-16505.05886903566,50.21532577413018,50.21532577413018,1.0,4.883747637962409,4.895115633835608,"[0.4576261643909223, -0.471236132002423, 0.4515543932324565, -0.6]","[1.6898666697160047, 0.5725525295736941, 0.047769424805760394, -0.04898067987970173]"
seed17_control_control_4_cycle180.npz,17,control,control_4,180,3.5979030721598106,14.380983552565588,320,8,7096408,320,True,177.96179199649487,-16489.37245186871,62.52916113688116,62.52916113688116,1.0,4.9365769130696595,4.953288936474437,"[0.549303500223109, -0.4713575732673618, 0.04970736262113079, -0.22002486594151172]","[1.696219003295476, 0.5652932440572322, 0.020350806150371506, -0.04898067987970173]"
seed17_control_control_4_cycle180.npz,17,control,control_4,180,3.5979030721598106,14.380983552565588,320,9,7096409,320,True,198.27766700473148,-16455.66785197527,1.46195585764508,1.46195585764508,1.4399305506110882,4.960202289064835,4.972413223173179,"[-0.15463026933874768, -0.014898320017955394, -0.09259379483848756, -0.5709754198090004]","[1.6380515364308177, 0.6606657161399101, -0.022339541087513997, -0.04898067987970173]"
seed17_control_control_4_cycle180.npz,17,control,control_4,180,3.5979030721598106,14.380983552565588,320,10,7096410,320,True,202.84895799704827,-16441.16675725219,9.434921275689703,9.434921275689703,1.000160973732465,4.876527965632738,4.887781710886778,"[-0.8182649459525363, 0.2193262376737803, 0.6, -0.5352034025448634]","[1.6245996412268586, 0.7076507406406156, 0.047769424805760394, -0.04898067987970173]"
seed17_control_control_4_cycle180.npz,17,control,control_4,180,3.5979030721598106,14.380983552565588,320,11,7096411,320,True,189.4648750021588,-16448.999824424056,20.40977018194826,20.40977018194826,1.0000000032178682,4.9733437303270955,4.994211223005965,"[-0.5581603534611078, 0.5364261336352125, -0.22272653139843754, -0.2785864272710285]","[1.620064981719554, 0.7387155194698082, -0.03223057519423962, -0.04898067987970173]"
seed17_control_control_4_cycle180.npz,17,control,control_4,180,3.5979030721598106,14.380983552565588,320,12,7096412,320,True,177.824625003268,-16584.541521150997,125.21974407473681,125.21974407473681,1.0,4.885795331214805,4.930156784692152,"[0.16133450324152676, 0.6521398944759154, -0.04773594780094487, -0.18203587584115566]","[1.6194122596436111, 0.7469838026815475, -0.008882186976251188, -0.04689723866813791]"
seed17_control_control_4_cycle180.npz,17,control,control_4,180,3.5979030721598106,14.380983552565588,320,13,7096413,320,True,184.10683399997652,-16426.843290731827,9.451714287759387,9.451714287759387,1.000185764266595,4.975069072667131,4.987870129163446,"[0.45701736312523167, 0.2028156542937909, 8.881784197001252e-15, 0.0]","[1.6388674356366302, 0.6585254363309246, 0.005438597364034935, 0.0077135240842087895]"
seed17_control_control_4_cycle180.npz,17,control,control_4,180,3.5979030721598106,14.380983552565588,320,14,7096414,320,True,179.55754199647345,-16468.718324081892,41.87503335006477,41.87503335006477,1.0,4.959272455505194,4.975646873985713,"[0.554746961453989, -0.1408312874586127, -0.40918459754408254, -0.6]","[1.668989943839879, 0.6003089004772221, -0.03223057519423962, -0.04898067987970173]"
seed17_control_control_4_cycle180.npz,17,control,control_4,180,3.5979030721598106,14.380983552565588,320,15,7096415,320,True,191.85633299639449,-16495.19631197307,14.184727335745265,14.184727335745265,1.0000013836885948,4.818213654515256,4.850541451670703,"[0.5618173463556227, -0.08764035436773353, 0.18325072692713323, -0.26870491944545827]","[1.6648855791785293, 0.6066512203830222, 0.047769424805760394, -0.04898067987970173]"
seed17_control_control_4_cycle180.npz,17,control,control_4,180,3.5979030721598106,14.380983552565588,320,16,7096416,320,True,214.30487500037998,-16511.409410861652,2.157634646486258,2.157634646486258,1.228147730361144,4.938532269660058,4.959677257629687,"[0.16829893086637704, -0.23343294997806535, 0.25128769494813924, -0.6]","[1.6582819824624984, 0.6176583162588094, 0.047769424805760394, -0.04898067987970173]"
seed17_control_control_4_cycle180.npz,17,control,control_4,180,3.5979030721598106,14.380983552565588,320,17,7096417,320,True,208.32633299869485,-16474.774970504517,16.304051879429608,16.304051879429608,1.0000001660619877,4.954332909740667,4.964841595685159,"[0.24308584891569784, -0.8519366457836394, -0.030181186298963436, -0.041935017250561424]","[1.7029901922389055, 0.5580463236703355, -0.0036157585256567596, -0.0048669810909596385]"
seed17_control_control_4_cycle180.npz,17,control,control_4,180,3.5979030721598106,14.380983552565588,320,18,7096418,320,True,181.01845899946056,-16426.843290731827,17.2622934843057,17.2622934843057,1.0000000646680964,4.975069072667131,4.987870129163446,"[0.45701736312523167, 0.2028156542937909, 8.881784197001252e-15, 0.0]","[1.6388674356366302, 0.6585254363309246, 0.005438597364034935, 0.0077135240842087895]"
seed17_control_control_4_cycle180.npz,17,control,control_4,180,3.5979030721598106,14.380983552565588,320,19,7096419,320,True,178.40408300980926,-16440.738300934463,13.895010202635603,13.895010202635603,1.0000018471566965,4.975069072667131,4.998625654604249,"[0.8623150183614765, 0.024170746214199013, 0.10572186131756843, -0.4111202979073161]","[1.673311764115019, 0.5939878516646895, 0.037155155759302796, -0.04898067987970173]"
seed17_control_control_4_cycle180.npz,17,control,control_4,180,3.5979030721598106,14.380983552565588,640,0,7102800,640,True,395.5162499914877,-16494.42853643046,64.43835983393728,64.43835983393728,1.0,4.9229424465777205,4.955709931295377,"[-0.6754847579633799, 0.9055272916981533, 0.3219436279452855, -0.6]","[1.619209723603949, 0.7825158291781594, 0.047769424805760394, -0.04898067987970173]"
seed17_control_control_4_cycle180.npz,17,control,control_4,180,3.5979030721598106,14.380983552565588,640,1,7102801,640,True,380.46412500261795,-16485.164136431616,15.770164089528407,15.770164089528407,1.0000002832271428,4.975069072667131,4.998109652302394,"[0.6261692138448655, -1.2318430726697605, 0.4002343580781126, -0.6]","[1.7558403940332283, 0.5145623610022123, 0.047769424805760394, -0.04898067987970173]"
seed17_control_control_4_cycle180.npz,17,control,control_4,180,3.5979030721598106,14.380983552565588,640,2,7102802,640,True,402.25908398861066,-16509.033207276785,34.3907947198677,34.3907947198677,1.0000000000000022,4.975069072667131,4.998669598469785,"[-0.645891411525971, -0.9367442570665493, 0.12566401473908323, -0.402177278670844]","[1.6688689913444261, 0.6004908862439289, 0.04313780178575724, -0.04898067987970173]"
seed17_control_control_4_cycle180.npz,17,control,control_4,180,3.5979030721598106,14.380983552565588,640,3,7102803,640,True,370.4128329991363,-16484.483713408485,21.634614966511435,21.634614966511435,1.0000000008040906,4.969192040129597,4.997125903252583,"[1.22395085061568, -0.177804773726978, 0.2845811466721524, -0.262068405133054]","[1.7409763095797988, 0.5248248823510947, 0.047769424805760394, -0.04898067987970173]"
seed17_control_control_4_cycle180.npz,17,control,control_4,180,3.5979030721598106,14.380983552565588,640,4,7102804,640,True,376.1848339927383,-16490.09282222574,5.605027893463557,5.605027893463557,1.0075250348286846,4.959210411211808,4.967391792997287,"[0.45970683413172553, -0.39249548931211076, -0.15161072982508114, -0.6]","[1.6838680521105611, 0.5798648368740194, -0.03223057519423962, -0.04898067987970173]"
seed17_control_control_4_cycle180.npz,17,control,control_4,180,3.5979030721598106,14.380983552565588,640,5,7102805,640,True,416.45770899776835,-16451.373366905438,6.074999548938649,6.074999548938649,1.0046014475040297,4.867193229653708,4.904318073230667,"[-0.3824179815362768, -1.1518410659327816, -0.09243824705014597, -0.6]","[1.6883443999778902, 0.574364076543949, -0.02229287675101152, -0.04898067987970173]"
seed17_control_control_4_cycle180.npz,17,control,control_4,180,3.5979030721598106,14.380983552565588,640,6,7102806,640,True,376.3482920039678,-16549.861387998128,78.40080365553149,78.40080365553149,1.0,4.943324596026011,4.965934170360929,"[1.1831654742977082, 0.5253613706521373, -0.020413871809533135, -0.585548449174344]","[1.698095359092516, 0.6941281826575897, -0.0006855641788276693, -0.04898067987970173]"
seed17_control_control_4_cycle180.npz,17,control,control_4,180,3.5979030721598106,14.380983552565588,640,7,7102807,640,True,366.2354999978561,-16584.650677729518,60.723426872398704,60.723426872398704,1.0,4.958188760554433,4.9869274690090135,"[1.0720195569661564, -0.6989600350131797, -0.1667967993770114, -0.6]","[1.7686863829086827, 0.5067030338144856, -0.03223057519423962, -0.04898067987970173]"
seed17_control_control_4_cycle180.npz,17,control,control_4,180,3.5979030721598106,14.380983552565588,640,8,7102808,640,True,383.89399999869056,-16447.266810301735,1.414785483306332,1.414785483306332,1.467690520249807,4.975069072667131,4.998847279057735,"[1.5099013174775693, 0.9197303166147347, 0.6, -0.4888485142020011]","[1.7961161120464744, 0.8124388664463689, 0.047769424805760394, -0.04898067987970173]"
seed17_control_control_4_cycle180.npz,17,control,control_4,180,3.5979030721598106,14.380983552565588,640,9,7102809,640,True,376.7253330006497,-16450.536347013083,14.891023532676627,14.891023532676627,1.000000683317484,4.899806773922085,4.917904968982415,"[0.8156771944446741, -0.7449187670281102, 0.07158004881385233, -0.3259404530265205]","[1.741917249503738, 0.5241353138360642, 0.026912612008187967, -0.04898067987970173]"
seed17_control_control_4_cycle180.npz,17,control,control_4,180,3.5979030721598106,14.380983552565588,640,10,7102810,640,True,383.9606669935165,-16535.84177160198,26.190173174956726,26.190173174956726,1.0000000000084484,4.876405315715876,4.914142197726978,"[2.0090537488198703, 1.3160268589509636, 0.37385719274430307, -0.4546951073848614]","[1.9458618414491649, 0.9313278291472376, 0.047769424805760394, -0.04898067987970173]"
seed17_control_control_4_cycle180.npz,17,control,control_4,180,3.5979030721598106,14.380983552565588,640,11,7102811,640,True,407.50237500469666,-16482.38288409707,44.10384639693075,44.10384639693075,1.0,4.8140768065128725,4.860844792845289,"[1.3400950598589412, 1.1651131288122678, -0.1543648214246939, -0.6]","[1.745174234760886, 0.8860537101056288, -0.03223057519423962, -0.04898067987970173]"
seed17_control_control_4_cycle180.npz,17,control,control_4,180,3.5979030721598106,14.380983552565588,640,12,7102812,640,True,370.4985000076704,-16509.90550499908,3.570141070351383,3.570141070351383,1.0562591770155028,4.975069072667131,4.999082660171167,"[1.9711486910877785, 0.45093835390856873, 0.36409776903238567, -0.400384278680334]","[1.9344903241295373, 0.6718012776345191, 0.047769424805760394, -0.04898067987970173]"
seed17_control_control_4_cycle180.npz,17,control,control_4,180,3.5979030721598106,14.380983552565588,640,13,7102813,640,True,378.8311249954859,-16508.585207502514,68.23689132039726,68.23689132039726,1.0,4.919299292895927,4.942533005273459,"[1.586103087325607, 0.6858017542673206, 0.19893293249057212, -0.04005624091298127]","[1.8189766430008858, 0.7422602977421446, 0.047769424805760394, -0.00430334818968559]"
seed17_control_control_4_cycle180.npz,17,control,control_4,180,3.5979030721598106,14.380983552565588,640,14,7102814,640,True,382.7595420007128,-16569.582172461312,51.23928323994187,51.23928323994187,1.0,4.957718715650626,4.981812225569786,"[0.4568672780228936, 0.6933090055139911, -0.10130448157812602, 0.21214822781327913]","[1.6191544275052423, 0.7514648603919425, -0.024952747109405538, 0.07101932012029827]"
seed17_control_control_4_cycle180.npz,17,control,control_4,180,3.5979030721598106,14.380983552565588,640,15,7102815,640,True,383.08125000912696,-16597.174261740744,89.9749314360015,89.9749314360015,1.0,4.868907118194995,4.8870686994296895,"[2.0285936199338077, -0.0880776974183043, -0.10314140797336038, -0.031584937140285096]","[1.951723802783346, 0.5100964622364572, -0.025503825027975845, -0.0017619570578767396]"
seed17_control_control_4_cycle180.npz,17,control,control_4,180,3.5979030721598106,14.380983552565588,640,16,7102816,640,True,419.84312499698717,-16526.611113705454,85.5462177969057,85.5462177969057,1.0,4.926399891110385,4.948377683994695,"[-0.3943652170777917, 0.29655899779063705, -0.13479917892381663, -0.6]","[1.6247843982545676, 0.7067339226405066, -0.03223057519423962, -0.04898067987970173]"
seed17_control_control_4_cycle180.npz,17,control,control_4,180,3.5979030721598106,14.380983552565588,640,17,7102817,640,True,370.03533300594427,-16452.760298092267,25.91700736044004,25.91700736044004,1.0000000000139546,4.900744197976927,4.927862402344008,"[0.28494075753379655, 0.16901253017708226, -0.16939847133947092, -0.6]","[1.6370259598508157, 0.6634282337568717, -0.03223057519423962, -0.04898067987970173]"
seed17_control_control_4_cycle180.npz,17,control,control_4,180,3.5979030721598106,14.380983552565588,640,18,7102818,640,True,368.9964590012096,-16459.33918304084,8.516532041299797,8.516532041299797,1.0004156970197025,4.877871675221935,4.9096642018478756,"[0.23095184874779284, -0.4560122589060357, 0.2568004493614663, -0.4069337334452172]","[1.675813986216049, 0.5904803613077347, 0.047769424805760394, -0.04898067987970173]"
seed17_control_control_4_cycle180.npz,17,control,control_4,180,3.5979030721598106,14.380983552565588,640,19,7102819,640,True,367.9466670000693,-16509.722334738184,3.7945918840887316,3.7945918840887316,1.0449614209374134,4.9538599021172125,4.9708793044925175,"[-0.5608101437689182, 0.078654790564498, 0.4658731877293397, 0.258540469990453]","[1.6296949913657066, 0.6862689638579447, 0.047769424805760394, 0.07101932012029827]"
seed7_failure_first_occurrence_cycle99.npz,7,failure,first_occurrence,99,3.6584994774461643,1.6404399066456212,80,0,7101600,0,False,54.49429099098779,,,,0.0,,,,
seed7_failure_first_occurrence_cycle99.npz,7,failure,first_occurrence,99,3.6584994774461643,1.6404399066456212,80,1,7101601,0,False,54.24099999072496,,,,0.0,,,,
seed7_failure_first_occurrence_cycle99.npz,7,failure,first_occurrence,99,3.6584994774461643,1.6404399066456212,80,2,7101602,0,False,53.97766700480133,,,,0.0,,,,
seed7_failure_first_occurrence_cycle99.npz,7,failure,first_occurrence,99,3.6584994774461643,1.6404399066456212,80,3,7101603,0,False,53.6915830016369,,,,0.0,,,,
seed7_failure_first_occurrence_cycle99.npz,7,failure,first_occurrence,99,3.6584994774461643,1.6404399066456212,80,4,7101604,0,False,55.05841699778102,,,,0.0,,,,
seed7_failure_first_occurrence_cycle99.npz,7,failure,first_occurrence,99,3.6584994774461643,1.6404399066456212,80,5,7101605,0,False,54.8808749881573,,,,0.0,,,,
seed7_failure_first_occurrence_cycle99.npz,7,failure,first_occurrence,99,3.6584994774461643,1.6404399066456212,80,6,7101606,0,False,59.31537499418482,,,,0.0,,,,
seed7_failure_first_occurrence_cycle99.npz,7,failure,first_occurrence,99,3.6584994774461643,1.6404399066456212,80,7,7101607,0,False,55.85337500087917,,,,0.0,,,,
seed7_failure_first_occurrence_cycle99.npz,7,failure,first_occurrence,99,3.6584994774461643,1.6404399066456212,80,8,7101608,0,False,58.77495900494978,,,,0.0,,,,
seed7_failure_first_occurrence_cycle99.npz,7,failure,first_occurrence,99,3.6584994774461643,1.6404399066456212,80,9,7101609,0,False,58.10562499391381,,,,0.0,,,,
seed7_failure_first_occurrence_cycle99.npz,7,failure,first_occurrence,99,3.6584994774461643,1.6404399066456212,80,10,7101610,0,False,53.02754200238269,,,,0.0,,,,
seed7_failure_first_occurrence_cycle99.npz,7,failure,first_occurrence,99,3.6584994774461643,1.6404399066456212,80,11,7101611,0,False,53.721292002592236,,,,0.0,,,,
seed7_failure_first_occurrence_cycle99.npz,7,failure,first_occurrence,99,3.6584994774461643,1.6404399066456212,80,12,7101612,0,False,55.093332994147204,,,,0.0,,,,
seed7_failure_first_occurrence_cycle99.npz,7,failure,first_occurrence,99,3.6584994774461643,1.6404399066456212,80,13,7101613,0,False,48.93774999072775,,,,0.0,,,,
seed7_failure_first_occurrence_cycle99.npz,7,failure,first_occurrence,99,3.6584994774461643,1.6404399066456212,80,14,7101614,0,False,48.286458011716604,,,,0.0,,,,
seed7_failure_first_occurrence_cycle99.npz,7,failure,first_occurrence,99,3.6584994774461643,1.6404399066456212,80,15,7101615,0,False,50.26154099323321,,,,0.0,,,,
seed7_failure_first_occurrence_cycle99.npz,7,failure,first_occurrence,99,3.6584994774461643,1.6404399066456212,80,16,7101616,0,False,47.93141699337866,,,,0.0,,,,
seed7_failure_first_occurrence_cycle99.npz,7,failure,first_occurrence,99,3.6584994774461643,1.6404399066456212,80,17,7101617,0,False,47.743208007887006,,,,0.0,,,,
seed7_failure_first_occurrence_cycle99.npz,7,failure,first_occurrence,99,3.6584994774461643,1.6404399066456212,80,18,7101618,0,False,48.3252919948427,,,,0.0,,,,
seed7_failure_first_occurrence_cycle99.npz,7,failure,first_occurrence,99,3.6584994774461643,1.6404399066456212,80,19,7101619,0,False,47.81537500093691,,,,0.0,,,,
seed7_failure_first_occurrence_cycle99.npz,7,failure,first_occurrence,99,3.6584994774461643,1.6404399066456212,160,0,7103200,0,False,100.0028749986086,,,,0.0,,,,
seed7_failure_first_occurrence_cycle99.npz,7,failure,first_occurrence,99,3.6584994774461643,1.6404399066456212,160,1,7103201,0,False,100.49979199538939,,,,0.0,,,,
seed7_failure_first_occurrence_cycle99.npz,7,failure,first_occurrence,99,3.6584994774461643,1.6404399066456212,160,2,7103202,0,False,100.70374999486376,,,,0.0,,,,
seed7_failure_first_occurrence_cycle99.npz,7,failure,first_occurrence,99,3.6584994774461643,1.6404399066456212,160,3,7103203,0,False,100.24116600106936,,,,0.0,,,,
seed7_failure_first_occurrence_cycle99.npz,7,failure,first_occurrence,99,3.6584994774461643,1.6404399066456212,160,4,7103204,0,False,109.27587500191294,,,,0.0,,,,
seed7_failure_first_occurrence_cycle99.npz,7,failure,first_occurrence,99,3.6584994774461643,1.6404399066456212,160,5,7103205,0,False,104.92875000636559,,,,0.0,,,,
seed7_failure_first_occurrence_cycle99.npz,7,failure,first_occurrence,99,3.6584994774461643,1.6404399066456212,160,6,7103206,0,False,98.23995901388116,,,,0.0,,,,
seed7_failure_first_occurrence_cycle99.npz,7,failure,first_occurrence,99,3.6584994774461643,1.6404399066456212,160,7,7103207,0,False,99.13000000233296,,,,0.0,,,,
seed7_failure_first_occurrence_cycle99.npz,7,failure,first_occurrence,99,3.6584994774461643,1.6404399066456212,160,8,7103208,0,False,98.90725000877865,,,,0.0,,,,
seed7_failure_first_occurrence_cycle99.npz,7,failure,first_occurrence,99,3.6584994774461643,1.6404399066456212,160,9,7103209,0,False,106.44687499734573,,,,0.0,,,,
seed7_failure_first_occurrence_cycle99.npz,7,failure,first_occurrence,99,3.6584994774461643,1.6404399066456212,160,10,7103210,0,False,104.74658300518058,,,,0.0,,,,
seed7_failure_first_occurrence_cycle99.npz,7,failure,first_occurrence,99,3.6584994774461643,1.6404399066456212,160,11,7103211,0,False,109.92891600471921,,,,0.0,,,,
seed7_failure_first_occurrence_cycle99.npz,7,failure,first_occurrence,99,3.6584994774461643,1.6404399066456212,160,12,7103212,0,False,111.04370799148455,,,,0.0,,,,
seed7_failure_first_occurrence_cycle99.npz,7,failure,first_occurrence,99,3.6584994774461643,1.6404399066456212,160,13,7103213,0,False,227.767833013786,,,,0.0,,,,
seed7_failure_first_occurrence_cycle99.npz,7,failure,first_occurrence,99,3.6584994774461643,1.6404399066456212,160,14,7103214,0,False,105.87158300040755,,,,0.0,,,,
seed7_failure_first_occurrence_cycle99.npz,7,failure,first_occurrence,99,3.6584994774461643,1.6404399066456212,160,15,7103215,0,False,97.7113340049982,,,,0.0,,,,
seed7_failure_first_occurrence_cycle99.npz,7,failure,first_occurrence,99,3.6584994774461643,1.6404399066456212,160,16,7103216,0,False,97.12079098972026,,,,0.0,,,,
seed7_failure_first_occurrence_cycle99.npz,7,failure,first_occurrence,99,3.6584994774461643,1.6404399066456212,160,17,7103217,0,False,96.73312499944586,,,,0.0,,,,
seed7_failure_first_occurrence_cycle99.npz,7,failure,first_occurrence,99,3.6584994774461643,1.6404399066456212,160,18,7103218,0,False,96.8073340045521,,,,0.0,,,,
seed7_failure_first_occurrence_cycle99.npz,7,failure,first_occurrence,99,3.6584994774461643,1.6404399066456212,160,19,7103219,0,False,97.0033330086153,,,,0.0,,,,
seed7_failure_first_occurrence_cycle99.npz,7,failure,first_occurrence,99,3.6584994774461643,1.6404399066456212,320,0,7106400,0,False,198.78933299332857,,,,0.0,,,,
seed7_failure_first_occurrence_cycle99.npz,7,failure,first_occurrence,99,3.6584994774461643,1.6404399066456212,320,1,7106401,0,False,197.01712499954738,,,,0.0,,,,
seed7_failure_first_occurrence_cycle99.npz,7,failure,first_occurrence,99,3.6584994774461643,1.6404399066456212,320,2,7106402,0,False,201.66854100534692,,,,0.0,,,,
seed7_failure_first_occurrence_cycle99.npz,7,failure,first_occurrence,99,3.6584994774461643,1.6404399066456212,320,3,7106403,0,False,212.66241700504906,,,,0.0,,,,
seed7_failure_first_occurrence_cycle99.npz,7,failure,first_occurrence,99,3.6584994774461643,1.6404399066456212,320,4,7106404,0,False,214.47474999877159,,,,0.0,,,,
seed7_failure_first_occurrence_cycle99.npz,7,failure,first_occurrence,99,3.6584994774461643,1.6404399066456212,320,5,7106405,0,False,193.85808300285134,,,,0.0,,,,
seed7_failure_first_occurrence_cycle99.npz,7,failure,first_occurrence,99,3.6584994774461643,1.6404399066456212,320,6,7106406,0,False,210.1903750008205,,,,0.0,,,,
seed7_failure_first_occurrence_cycle99.npz,7,failure,first_occurrence,99,3.6584994774461643,1.6404399066456212,320,7,7106407,0,False,205.08258299378213,,,,0.0,,,,
seed7_failure_first_occurrence_cycle99.npz,7,failure,first_occurrence,99,3.6584994774461643,1.6404399066456212,320,8,7106408,0,False,192.77125000371598,,,,0.0,,,,
seed7_failure_first_occurrence_cycle99.npz,7,failure,first_occurrence,99,3.6584994774461643,1.6404399066456212,320,9,7106409,0,False,193.1879579933593,,,,0.0,,,,
seed7_failure_first_occurrence_cycle99.npz,7,failure,first_occurrence,99,3.6584994774461643,1.6404399066456212,320,10,7106410,0,False,205.91837499523535,,,,0.0,,,,
seed7_failure_first_occurrence_cycle99.npz,7,failure,first_occurrence,99,3.6584994774461643,1.6404399066456212,320,11,7106411,0,False,216.9688750000205,,,,0.0,,,,
seed7_failure_first_occurrence_cycle99.npz,7,failure,first_occurrence,99,3.6584994774461643,1.6404399066456212,320,12,7106412,0,False,197.91583299229387,,,,0.0,,,,
seed7_failure_first_occurrence_cycle99.npz,7,failure,first_occurrence,99,3.6584994774461643,1.6404399066456212,320,13,7106413,0,False,193.85187501029577,,,,0.0,,,,
seed7_failure_first_occurrence_cycle99.npz,7,failure,first_occurrence,99,3.6584994774461643,1.6404399066456212,320,14,7106414,0,False,197.63950000924524,,,,0.0,,,,
seed7_failure_first_occurrence_cycle99.npz,7,failure,first_occurrence,99,3.6584994774461643,1.6404399066456212,320,15,7106415,0,False,195.53929100220557,,,,0.0,,,,
seed7_failure_first_occurrence_cycle99.npz,7,failure,first_occurrence,99,3.6584994774461643,1.6404399066456212,320,16,7106416,0,False,199.14008300111163,,,,0.0,,,,
seed7_failure_first_occurrence_cycle99.npz,7,failure,first_occurrence,99,3.6584994774461643,1.6404399066456212,320,17,7106417,0,False,196.18491700384766,,,,0.0,,,,
seed7_failure_first_occurrence_cycle99.npz,7,failure,first_occurrence,99,3.6584994774461643,1.6404399066456212,320,18,7106418,0,False,198.13737500226125,,,,0.0,,,,
seed7_failure_first_occurrence_cycle99.npz,7,failure,first_occurrence,99,3.6584994774461643,1.6404399066456212,320,19,7106419,0,False,199.74012499733362,,,,0.0,,,,
seed7_failure_first_occurrence_cycle99.npz,7,failure,first_occurrence,99,3.6584994774461643,1.6404399066456212,640,0,7112800,0,False,436.15941698953975,,,,0.0,,,,
seed7_failure_first_occurrence_cycle99.npz,7,failure,first_occurrence,99,3.6584994774461643,1.6404399066456212,640,1,7112801,0,False,466.6761660046177,,,,0.0,,,,
seed7_failure_first_occurrence_cycle99.npz,7,failure,first_occurrence,99,3.6584994774461643,1.6404399066456212,640,2,7112802,0,False,402.0455839927308,,,,0.0,,,,
seed7_failure_first_occurrence_cycle99.npz,7,failure,first_occurrence,99,3.6584994774461643,1.6404399066456212,640,3,7112803,0,False,431.86070799129084,,,,0.0,,,,
seed7_failure_first_occurrence_cycle99.npz,7,failure,first_occurrence,99,3.6584994774461643,1.6404399066456212,640,4,7112804,0,False,430.62124999414664,,,,0.0,,,,
seed7_failure_first_occurrence_cycle99.npz,7,failure,first_occurrence,99,3.6584994774461643,1.6404399066456212,640,5,7112805,0,False,409.5146250037942,,,,0.0,,,,
seed7_failure_first_occurrence_cycle99.npz,7,failure,first_occurrence,99,3.6584994774461643,1.6404399066456212,640,6,7112806,0,False,401.4641249959823,,,,0.0,,,,
seed7_failure_first_occurrence_cycle99.npz,7,failure,first_occurrence,99,3.6584994774461643,1.6404399066456212,640,7,7112807,0,False,405.49041698977817,,,,0.0,,,,
seed7_failure_first_occurrence_cycle99.npz,7,failure,first_occurrence,99,3.6584994774461643,1.6404399066456212,640,8,7112808,0,False,429.6452499984298,,,,0.0,,,,
seed7_failure_first_occurrence_cycle99.npz,7,failure,first_occurrence,99,3.6584994774461643,1.6404399066456212,640,9,7112809,0,False,410.25820800859947,,,,0.0,,,,
seed7_failure_first_occurrence_cycle99.npz,7,failure,first_occurrence,99,3.6584994774461643,1.6404399066456212,640,10,7112810,0,False,407.32116700382903,,,,0.0,,,,
seed7_failure_first_occurrence_cycle99.npz,7,failure,first_occurrence,99,3.6584994774461643,1.6404399066456212,640,11,7112811,0,False,399.45966700906865,,,,0.0,,,,
seed7_failure_first_occurrence_cycle99.npz,7,failure,first_occurrence,99,3.6584994774461643,1.6404399066456212,640,12,7112812,0,False,394.24683299148455,,,,0.0,,,,
seed7_failure_first_occurrence_cycle99.npz,7,failure,first_occurrence,99,3.6584994774461643,1.6404399066456212,640,13,7112813,0,False,404.8570419981843,,,,0.0,,,,
seed7_failure_first_occurrence_cycle99.npz,7,failure,first_occurrence,99,3.6584994774461643,1.6404399066456212,640,14,7112814,0,False,407.0269580115564,,,,0.0,,,,
seed7_failure_first_occurrence_cycle99.npz,7,failure,first_occurrence,99,3.6584994774461643,1.6404399066456212,640,15,7112815,0,False,415.3003340034047,,,,0.0,,,,
seed7_failure_first_occurrence_cycle99.npz,7,failure,first_occurrence,99,3.6584994774461643,1.6404399066456212,640,16,7112816,0,False,400.17291699768975,,,,0.0,,,,
seed7_failure_first_occurrence_cycle99.npz,7,failure,first_occurrence,99,3.6584994774461643,1.6404399066456212,640,17,7112817,0,False,403.77620900108013,,,,0.0,,,,
seed7_failure_first_occurrence_cycle99.npz,7,failure,first_occurrence,99,3.6584994774461643,1.6404399066456212,640,18,7112818,0,False,417.79191700334195,,,,0.0,,,,
seed7_failure_first_occurrence_cycle99.npz,7,failure,first_occurrence,99,3.6584994774461643,1.6404399066456212,640,19,7112819,0,False,402.19362499192357,,,,0.0,,,,
seed7_failure_after_first_zero_hold_cycle100.npz,7,failure,after_first_zero_hold,100,3.5541752122456987,1.3855459015137155,80,0,7111600,0,False,52.28387500392273,,,,0.0,,,,
seed7_failure_after_first_zero_hold_cycle100.npz,7,failure,after_first_zero_hold,100,3.5541752122456987,1.3855459015137155,80,1,7111601,0,False,51.98550000204705,,,,0.0,,,,
seed7_failure_after_first_zero_hold_cycle100.npz,7,failure,after_first_zero_hold,100,3.5541752122456987,1.3855459015137155,80,2,7111602,0,False,51.81983301008586,,,,0.0,,,,
seed7_failure_after_first_zero_hold_cycle100.npz,7,failure,after_first_zero_hold,100,3.5541752122456987,1.3855459015137155,80,3,7111603,0,False,51.9200419948902,,,,0.0,,,,
seed7_failure_after_first_zero_hold_cycle100.npz,7,failure,after_first_zero_hold,100,3.5541752122456987,1.3855459015137155,80,4,7111604,0,False,51.93004201282747,,,,0.0,,,,
seed7_failure_after_first_zero_hold_cycle100.npz,7,failure,after_first_zero_hold,100,3.5541752122456987,1.3855459015137155,80,5,7111605,0,False,51.617500008433126,,,,0.0,,,,
seed7_failure_after_first_zero_hold_cycle100.npz,7,failure,after_first_zero_hold,100,3.5541752122456987,1.3855459015137155,80,6,7111606,0,False,51.533249992644414,,,,0.0,,,,
seed7_failure_after_first_zero_hold_cycle100.npz,7,failure,after_first_zero_hold,100,3.5541752122456987,1.3855459015137155,80,7,7111607,0,False,51.683458004845306,,,,0.0,,,,
seed7_failure_after_first_zero_hold_cycle100.npz,7,failure,after_first_zero_hold,100,3.5541752122456987,1.3855459015137155,80,8,7111608,0,False,51.6810830013128,,,,0.0,,,,
seed7_failure_after_first_zero_hold_cycle100.npz,7,failure,after_first_zero_hold,100,3.5541752122456987,1.3855459015137155,80,9,7111609,0,False,53.74266600119881,,,,0.0,,,,
seed7_failure_after_first_zero_hold_cycle100.npz,7,failure,after_first_zero_hold,100,3.5541752122456987,1.3855459015137155,80,10,7111610,0,False,55.216666994965635,,,,0.0,,,,
seed7_failure_after_first_zero_hold_cycle100.npz,7,failure,after_first_zero_hold,100,3.5541752122456987,1.3855459015137155,80,11,7111611,0,False,51.66125000687316,,,,0.0,,,,
seed7_failure_after_first_zero_hold_cycle100.npz,7,failure,after_first_zero_hold,100,3.5541752122456987,1.3855459015137155,80,12,7111612,0,False,53.76095800602343,,,,0.0,,,,
seed7_failure_after_first_zero_hold_cycle100.npz,7,failure,after_first_zero_hold,100,3.5541752122456987,1.3855459015137155,80,13,7111613,0,False,52.4661660019774,,,,0.0,,,,
seed7_failure_after_first_zero_hold_cycle100.npz,7,failure,after_first_zero_hold,100,3.5541752122456987,1.3855459015137155,80,14,7111614,0,False,51.814207996358164,,,,0.0,,,,
seed7_failure_after_first_zero_hold_cycle100.npz,7,failure,after_first_zero_hold,100,3.5541752122456987,1.3855459015137155,80,15,7111615,0,False,52.266209007939324,,,,0.0,,,,
seed7_failure_after_first_zero_hold_cycle100.npz,7,failure,after_first_zero_hold,100,3.5541752122456987,1.3855459015137155,80,16,7111616,0,False,51.952292007626966,,,,0.0,,,,
seed7_failure_after_first_zero_hold_cycle100.npz,7,failure,after_first_zero_hold,100,3.5541752122456987,1.3855459015137155,80,17,7111617,0,False,51.85708400676958,,,,0.0,,,,
seed7_failure_after_first_zero_hold_cycle100.npz,7,failure,after_first_zero_hold,100,3.5541752122456987,1.3855459015137155,80,18,7111618,0,False,51.74216600426007,,,,0.0,,,,
seed7_failure_after_first_zero_hold_cycle100.npz,7,failure,after_first_zero_hold,100,3.5541752122456987,1.3855459015137155,80,19,7111619,0,False,51.71850000624545,,,,0.0,,,,
seed7_failure_after_first_zero_hold_cycle100.npz,7,failure,after_first_zero_hold,100,3.5541752122456987,1.3855459015137155,160,0,7113200,0,False,101.18525000871159,,,,0.0,,,,
seed7_failure_after_first_zero_hold_cycle100.npz,7,failure,after_first_zero_hold,100,3.5541752122456987,1.3855459015137155,160,1,7113201,0,False,106.65529100515414,,,,0.0,,,,
seed7_failure_after_first_zero_hold_cycle100.npz,7,failure,after_first_zero_hold,100,3.5541752122456987,1.3855459015137155,160,2,7113202,0,False,106.20800001197495,,,,0.0,,,,
seed7_failure_after_first_zero_hold_cycle100.npz,7,failure,after_first_zero_hold,100,3.5541752122456987,1.3855459015137155,160,3,7113203,0,False,100.28570899157785,,,,0.0,,,,
seed7_failure_after_first_zero_hold_cycle100.npz,7,failure,after_first_zero_hold,100,3.5541752122456987,1.3855459015137155,160,4,7113204,0,False,100.04612499324139,,,,0.0,,,,
seed7_failure_after_first_zero_hold_cycle100.npz,7,failure,after_first_zero_hold,100,3.5541752122456987,1.3855459015137155,160,5,7113205,0,False,102.56291599944234,,,,0.0,,,,
seed7_failure_after_first_zero_hold_cycle100.npz,7,failure,after_first_zero_hold,100,3.5541752122456987,1.3855459015137155,160,6,7113206,0,False,105.68737500580028,,,,0.0,,,,
seed7_failure_after_first_zero_hold_cycle100.npz,7,failure,after_first_zero_hold,100,3.5541752122456987,1.3855459015137155,160,7,7113207,0,False,102.10441700473893,,,,0.0,,,,
seed7_failure_after_first_zero_hold_cycle100.npz,7,failure,after_first_zero_hold,100,3.5541752122456987,1.3855459015137155,160,8,7113208,0,False,101.69275000225753,,,,0.0,,,,
seed7_failure_after_first_zero_hold_cycle100.npz,7,failure,after_first_zero_hold,100,3.5541752122456987,1.3855459015137155,160,9,7113209,0,False,113.39087499072775,,,,0.0,,,,
seed7_failure_after_first_zero_hold_cycle100.npz,7,failure,after_first_zero_hold,100,3.5541752122456987,1.3855459015137155,160,10,7113210,0,False,102.65075000643265,,,,0.0,,,,
seed7_failure_after_first_zero_hold_cycle100.npz,7,failure,after_first_zero_hold,100,3.5541752122456987,1.3855459015137155,160,11,7113211,0,False,101.4366669987794,,,,0.0,,,,
seed7_failure_after_first_zero_hold_cycle100.npz,7,failure,after_first_zero_hold,100,3.5541752122456987,1.3855459015137155,160,12,7113212,0,False,104.85445900121704,,,,0.0,,,,
seed7_failure_after_first_zero_hold_cycle100.npz,7,failure,after_first_zero_hold,100,3.5541752122456987,1.3855459015137155,160,13,7113213,0,False,97.78487500443589,,,,0.0,,,,
seed7_failure_after_first_zero_hold_cycle100.npz,7,failure,after_first_zero_hold,100,3.5541752122456987,1.3855459015137155,160,14,7113214,0,False,96.9362499890849,,,,0.0,,,,
seed7_failure_after_first_zero_hold_cycle100.npz,7,failure,after_first_zero_hold,100,3.5541752122456987,1.3855459015137155,160,15,7113215,0,False,97.4682080122875,,,,0.0,,,,
seed7_failure_after_first_zero_hold_cycle100.npz,7,failure,after_first_zero_hold,100,3.5541752122456987,1.3855459015137155,160,16,7113216,0,False,96.71420798986219,,,,0.0,,,,
seed7_failure_after_first_zero_hold_cycle100.npz,7,failure,after_first_zero_hold,100,3.5541752122456987,1.3855459015137155,160,17,7113217,0,False,96.29966600914486,,,,0.0,,,,
seed7_failure_after_first_zero_hold_cycle100.npz,7,failure,after_first_zero_hold,100,3.5541752122456987,1.3855459015137155,160,18,7113218,0,False,97.013375008828,,,,0.0,,,,
seed7_failure_after_first_zero_hold_cycle100.npz,7,failure,after_first_zero_hold,100,3.5541752122456987,1.3855459015137155,160,19,7113219,0,False,96.22058300010394,,,,0.0,,,,
seed7_failure_after_first_zero_hold_cycle100.npz,7,failure,after_first_zero_hold,100,3.5541752122456987,1.3855459015137155,320,0,7116400,0,False,198.1184580072295,,,,0.0,,,,
seed7_failure_after_first_zero_hold_cycle100.npz,7,failure,after_first_zero_hold,100,3.5541752122456987,1.3855459015137155,320,1,7116401,0,False,195.8916669973405,,,,0.0,,,,
seed7_failure_after_first_zero_hold_cycle100.npz,7,failure,after_first_zero_hold,100,3.5541752122456987,1.3855459015137155,320,2,7116402,0,False,208.5358339973027,,,,0.0,,,,
seed7_failure_after_first_zero_hold_cycle100.npz,7,failure,after_first_zero_hold,100,3.5541752122456987,1.3855459015137155,320,3,7116403,0,False,212.2932909987867,,,,0.0,,,,
seed7_failure_after_first_zero_hold_cycle100.npz,7,failure,after_first_zero_hold,100,3.5541752122456987,1.3855459015137155,320,4,7116404,0,False,245.76695800351445,,,,0.0,,,,
seed7_failure_after_first_zero_hold_cycle100.npz,7,failure,after_first_zero_hold,100,3.5541752122456987,1.3855459015137155,320,5,7116405,0,False,228.39687501254957,,,,0.0,,,,
seed7_failure_after_first_zero_hold_cycle100.npz,7,failure,after_first_zero_hold,100,3.5541752122456987,1.3855459015137155,320,6,7116406,0,False,271.17754200298805,,,,0.0,,,,
seed7_failure_after_first_zero_hold_cycle100.npz,7,failure,after_first_zero_hold,100,3.5541752122456987,1.3855459015137155,320,7,7116407,0,False,263.8501670007827,,,,0.0,,,,
seed7_failure_after_first_zero_hold_cycle100.npz,7,failure,after_first_zero_hold,100,3.5541752122456987,1.3855459015137155,320,8,7116408,0,False,229.42733399395365,,,,0.0,,,,
seed7_failure_after_first_zero_hold_cycle100.npz,7,failure,after_first_zero_hold,100,3.5541752122456987,1.3855459015137155,320,9,7116409,0,False,208.4299169946462,,,,0.0,,,,
seed7_failure_after_first_zero_hold_cycle100.npz,7,failure,after_first_zero_hold,100,3.5541752122456987,1.3855459015137155,320,10,7116410,0,False,203.876166997361,,,,0.0,,,,
seed7_failure_after_first_zero_hold_cycle100.npz,7,failure,after_first_zero_hold,100,3.5541752122456987,1.3855459015137155,320,11,7116411,0,False,200.51620800222736,,,,0.0,,,,
seed7_failure_after_first_zero_hold_cycle100.npz,7,failure,after_first_zero_hold,100,3.5541752122456987,1.3855459015137155,320,12,7116412,0,False,206.3964160042815,,,,0.0,,,,
seed7_failure_after_first_zero_hold_cycle100.npz,7,failure,after_first_zero_hold,100,3.5541752122456987,1.3855459015137155,320,13,7116413,0,False,215.93900000152644,,,,0.0,,,,
seed7_failure_after_first_zero_hold_cycle100.npz,7,failure,after_first_zero_hold,100,3.5541752122456987,1.3855459015137155,320,14,7116414,0,False,211.45895899098832,,,,0.0,,,,
seed7_failure_after_first_zero_hold_cycle100.npz,7,failure,after_first_zero_hold,100,3.5541752122456987,1.3855459015137155,320,15,7116415,0,False,204.21008300036192,,,,0.0,,,,
seed7_failure_after_first_zero_hold_cycle100.npz,7,failure,after_first_zero_hold,100,3.5541752122456987,1.3855459015137155,320,16,7116416,0,False,228.96462499920744,,,,0.0,,,,
seed7_failure_after_first_zero_hold_cycle100.npz,7,failure,after_first_zero_hold,100,3.5541752122456987,1.3855459015137155,320,17,7116417,0,False,209.43854200595524,,,,0.0,,,,
seed7_failure_after_first_zero_hold_cycle100.npz,7,failure,after_first_zero_hold,100,3.5541752122456987,1.3855459015137155,320,18,7116418,0,False,207.3165420006262,,,,0.0,,,,
seed7_failure_after_first_zero_hold_cycle100.npz,7,failure,after_first_zero_hold,100,3.5541752122456987,1.3855459015137155,320,19,7116419,0,False,246.20120800682344,,,,0.0,,,,
seed7_failure_after_first_zero_hold_cycle100.npz,7,failure,after_first_zero_hold,100,3.5541752122456987,1.3855459015137155,640,0,7122800,0,False,485.3758749959525,,,,0.0,,,,
seed7_failure_after_first_zero_hold_cycle100.npz,7,failure,after_first_zero_hold,100,3.5541752122456987,1.3855459015137155,640,1,7122801,0,False,471.81862499564886,,,,0.0,,,,
seed7_failure_after_first_zero_hold_cycle100.npz,7,failure,after_first_zero_hold,100,3.5541752122456987,1.3855459015137155,640,2,7122802,0,False,467.92379100224935,,,,0.0,,,,
seed7_failure_after_first_zero_hold_cycle100.npz,7,failure,after_first_zero_hold,100,3.5541752122456987,1.3855459015137155,640,3,7122803,0,False,542.6048749941401,,,,0.0,,,,
seed7_failure_after_first_zero_hold_cycle100.npz,7,failure,after_first_zero_hold,100,3.5541752122456987,1.3855459015137155,640,4,7122804,0,False,461.7015420080861,,,,0.0,,,,
seed7_failure_after_first_zero_hold_cycle100.npz,7,failure,after_first_zero_hold,100,3.5541752122456987,1.3855459015137155,640,5,7122805,0,False,460.4461669950979,,,,0.0,,,,
seed7_failure_after_first_zero_hold_cycle100.npz,7,failure,after_first_zero_hold,100,3.5541752122456987,1.3855459015137155,640,6,7122806,0,False,556.5018339984817,,,,0.0,,,,
seed7_failure_after_first_zero_hold_cycle100.npz,7,failure,after_first_zero_hold,100,3.5541752122456987,1.3855459015137155,640,7,7122807,0,False,491.5199160022894,,,,0.0,,,,
seed7_failure_after_first_zero_hold_cycle100.npz,7,failure,after_first_zero_hold,100,3.5541752122456987,1.3855459015137155,640,8,7122808,0,False,447.24933301040437,,,,0.0,,,,
seed7_failure_after_first_zero_hold_cycle100.npz,7,failure,after_first_zero_hold,100,3.5541752122456987,1.3855459015137155,640,9,7122809,0,False,511.2922080006683,,,,0.0,,,,
seed7_failure_after_first_zero_hold_cycle100.npz,7,failure,after_first_zero_hold,100,3.5541752122456987,1.3855459015137155,640,10,7122810,0,False,523.2769580034073,,,,0.0,,,,
seed7_failure_after_first_zero_hold_cycle100.npz,7,failure,after_first_zero_hold,100,3.5541752122456987,1.3855459015137155,640,11,7122811,0,False,489.16195800120477,,,,0.0,,,,
seed7_failure_after_first_zero_hold_cycle100.npz,7,failure,after_first_zero_hold,100,3.5541752122456987,1.3855459015137155,640,12,7122812,0,False,490.91862500063144,,,,0.0,,,,
seed7_failure_after_first_zero_hold_cycle100.npz,7,failure,after_first_zero_hold,100,3.5541752122456987,1.3855459015137155,640,13,7122813,0,False,465.4950830008602,,,,0.0,,,,
seed7_failure_after_first_zero_hold_cycle100.npz,7,failure,after_first_zero_hold,100,3.5541752122456987,1.3855459015137155,640,14,7122814,0,False,508.2255000015721,,,,0.0,,,,
seed7_failure_after_first_zero_hold_cycle100.npz,7,failure,after_first_zero_hold,100,3.5541752122456987,1.3855459015137155,640,15,7122815,0,False,520.7424580003135,,,,0.0,,,,
seed7_failure_after_first_zero_hold_cycle100.npz,7,failure,after_first_zero_hold,100,3.5541752122456987,1.3855459015137155,640,16,7122816,0,False,472.19595799106173,,,,0.0,,,,
seed7_failure_after_first_zero_hold_cycle100.npz,7,failure,after_first_zero_hold,100,3.5541752122456987,1.3855459015137155,640,17,7122817,0,False,501.200583006721,,,,0.0,,,,
seed7_failure_after_first_zero_hold_cycle100.npz,7,failure,after_first_zero_hold,100,3.5541752122456987,1.3855459015137155,640,18,7122818,0,False,581.7844159901142,,,,0.0,,,,
seed7_failure_after_first_zero_hold_cycle100.npz,7,failure,after_first_zero_hold,100,3.5541752122456987,1.3855459015137155,640,19,7122819,0,False,518.5747089999495,,,,0.0,,,,
seed7_failure_early_cluster_cycle101.npz,7,failure,early_cluster,101,3.4500619409384066,1.254845705395844,80,0,7121600,0,False,66.52887500240467,,,,0.0,,,,
seed7_failure_early_cluster_cycle101.npz,7,failure,early_cluster,101,3.4500619409384066,1.254845705395844,80,1,7121601,0,False,67.01274999068119,,,,0.0,,,,
seed7_failure_early_cluster_cycle101.npz,7,failure,early_cluster,101,3.4500619409384066,1.254845705395844,80,2,7121602,0,False,64.83041599858552,,,,0.0,,,,
seed7_failure_early_cluster_cycle101.npz,7,failure,early_cluster,101,3.4500619409384066,1.254845705395844,80,3,7121603,0,False,80.3076659940416,,,,0.0,,,,
seed7_failure_early_cluster_cycle101.npz,7,failure,early_cluster,101,3.4500619409384066,1.254845705395844,80,4,7121604,0,False,75.4436249990249,,,,0.0,,,,
seed7_failure_early_cluster_cycle101.npz,7,failure,early_cluster,101,3.4500619409384066,1.254845705395844,80,5,7121605,0,False,77.77279199217446,,,,0.0,,,,
seed7_failure_early_cluster_cycle101.npz,7,failure,early_cluster,101,3.4500619409384066,1.254845705395844,80,6,7121606,0,False,75.58304100530222,,,,0.0,,,,
seed7_failure_early_cluster_cycle101.npz,7,failure,early_cluster,101,3.4500619409384066,1.254845705395844,80,7,7121607,0,False,75.76866699673701,,,,0.0,,,,
seed7_failure_early_cluster_cycle101.npz,7,failure,early_cluster,101,3.4500619409384066,1.254845705395844,80,8,7121608,0,False,69.37729200581089,,,,0.0,,,,
seed7_failure_early_cluster_cycle101.npz,7,failure,early_cluster,101,3.4500619409384066,1.254845705395844,80,9,7121609,0,False,69.3219999957364,,,,0.0,,,,
seed7_failure_early_cluster_cycle101.npz,7,failure,early_cluster,101,3.4500619409384066,1.254845705395844,80,10,7121610,0,False,67.57412500155624,,,,0.0,,,,
seed7_failure_early_cluster_cycle101.npz,7,failure,early_cluster,101,3.4500619409384066,1.254845705395844,80,11,7121611,0,False,64.42458300443832,,,,0.0,,,,
seed7_failure_early_cluster_cycle101.npz,7,failure,early_cluster,101,3.4500619409384066,1.254845705395844,80,12,7121612,0,False,64.40145900705829,,,,0.0,,,,
seed7_failure_early_cluster_cycle101.npz,7,failure,early_cluster,101,3.4500619409384066,1.254845705395844,80,13,7121613,0,False,64.0567920054309,,,,0.0,,,,
seed7_failure_early_cluster_cycle101.npz,7,failure,early_cluster,101,3.4500619409384066,1.254845705395844,80,14,7121614,0,False,64.16004100174177,,,,0.0,,,,
seed7_failure_early_cluster_cycle101.npz,7,failure,early_cluster,101,3.4500619409384066,1.254845705395844,80,15,7121615,0,False,63.600082998164,,,,0.0,,,,
seed7_failure_early_cluster_cycle101.npz,7,failure,early_cluster,101,3.4500619409384066,1.254845705395844,80,16,7121616,0,False,65.85829200048465,,,,0.0,,,,
seed7_failure_early_cluster_cycle101.npz,7,failure,early_cluster,101,3.4500619409384066,1.254845705395844,80,17,7121617,0,False,68.27883300138637,,,,0.0,,,,
seed7_failure_early_cluster_cycle101.npz,7,failure,early_cluster,101,3.4500619409384066,1.254845705395844,80,18,7121618,0,False,62.79820798954461,,,,0.0,,,,
seed7_failure_early_cluster_cycle101.npz,7,failure,early_cluster,101,3.4500619409384066,1.254845705395844,80,19,7121619,0,False,61.58345800940879,,,,0.0,,,,
seed7_failure_early_cluster_cycle101.npz,7,failure,early_cluster,101,3.4500619409384066,1.254845705395844,160,0,7123200,0,False,114.16962499788497,,,,0.0,,,,
seed7_failure_early_cluster_cycle101.npz,7,failure,early_cluster,101,3.4500619409384066,1.254845705395844,160,1,7123201,0,False,117.47050000121817,,,,0.0,,,,
seed7_failure_early_cluster_cycle101.npz,7,failure,early_cluster,101,3.4500619409384066,1.254845705395844,160,2,7123202,0,False,110.09720800211653,,,,0.0,,,,
seed7_failure_early_cluster_cycle101.npz,7,failure,early_cluster,101,3.4500619409384066,1.254845705395844,160,3,7123203,0,False,108.67975000292063,,,,0.0,,,,
seed7_failure_early_cluster_cycle101.npz,7,failure,early_cluster,101,3.4500619409384066,1.254845705395844,160,4,7123204,0,False,108.46329199557658,,,,0.0,,,,
seed7_failure_early_cluster_cycle101.npz,7,failure,early_cluster,101,3.4500619409384066,1.254845705395844,160,5,7123205,0,False,111.29287499352358,,,,0.0,,,,
seed7_failure_early_cluster_cycle101.npz,7,failure,early_cluster,101,3.4500619409384066,1.254845705395844,160,6,7123206,0,False,110.84774999471847,,,,0.0,,,,
seed7_failure_early_cluster_cycle101.npz,7,failure,early_cluster,101,3.4500619409384066,1.254845705395844,160,7,7123207,0,False,111.85820899845567,,,,0.0,,,,
seed7_failure_early_cluster_cycle101.npz,7,failure,early_cluster,101,3.4500619409384066,1.254845705395844,160,8,7123208,0,False,111.70270798902493,,,,0.0,,,,
seed7_failure_early_cluster_cycle101.npz,7,failure,early_cluster,101,3.4500619409384066,1.254845705395844,160,9,7123209,0,False,112.95866600994486,,,,0.0,,,,
seed7_failure_early_cluster_cycle101.npz,7,failure,early_cluster,101,3.4500619409384066,1.254845705395844,160,10,7123210,0,False,112.00966699107084,,,,0.0,,,,
seed7_failure_early_cluster_cycle101.npz,7,failure,early_cluster,101,3.4500619409384066,1.254845705395844,160,11,7123211,0,False,108.18137499154545,,,,0.0,,,,
seed7_failure_early_cluster_cycle101.npz,7,failure,early_cluster,101,3.4500619409384066,1.254845705395844,160,12,7123212,0,False,108.29162500158418,,,,0.0,,,,
seed7_failure_early_cluster_cycle101.npz,7,failure,early_cluster,101,3.4500619409384066,1.254845705395844,160,13,7123213,0,False,107.92716599826235,,,,0.0,,,,
seed7_failure_early_cluster_cycle101.npz,7,failure,early_cluster,101,3.4500619409384066,1.254845705395844,160,14,7123214,0,False,108.50254198885523,,,,0.0,,,,
seed7_failure_early_cluster_cycle101.npz,7,failure,early_cluster,101,3.4500619409384066,1.254845705395844,160,15,7123215,0,False,113.9941660076147,,,,0.0,,,,
seed7_failure_early_cluster_cycle101.npz,7,failure,early_cluster,101,3.4500619409384066,1.254845705395844,160,16,7123216,0,False,132.47675000457093,,,,0.0,,,,
seed7_failure_early_cluster_cycle101.npz,7,failure,early_cluster,101,3.4500619409384066,1.254845705395844,160,17,7123217,0,False,135.812624997925,,,,0.0,,,,
seed7_failure_early_cluster_cycle101.npz,7,failure,early_cluster,101,3.4500619409384066,1.254845705395844,160,18,7123218,0,False,133.28441699559335,,,,0.0,,,,
seed7_failure_early_cluster_cycle101.npz,7,failure,early_cluster,101,3.4500619409384066,1.254845705395844,160,19,7123219,0,False,134.29108299897052,,,,0.0,,,,
seed7_failure_early_cluster_cycle101.npz,7,failure,early_cluster,101,3.4500619409384066,1.254845705395844,320,0,7126400,0,False,238.36420799489133,,,,0.0,,,,
seed7_failure_early_cluster_cycle101.npz,7,failure,early_cluster,101,3.4500619409384066,1.254845705395844,320,1,7126401,0,False,230.8610000036424,,,,0.0,,,,
seed7_failure_early_cluster_cycle101.npz,7,failure,early_cluster,101,3.4500619409384066,1.254845705395844,320,2,7126402,0,False,226.35845899640117,,,,0.0,,,,
seed7_failure_early_cluster_cycle101.npz,7,failure,early_cluster,101,3.4500619409384066,1.254845705395844,320,3,7126403,0,False,221.62058399408124,,,,0.0,,,,
seed7_failure_early_cluster_cycle101.npz,7,failure,early_cluster,101,3.4500619409384066,1.254845705395844,320,4,7126404,0,False,273.8310000131605,,,,0.0,,,,
seed7_failure_early_cluster_cycle101.npz,7,failure,early_cluster,101,3.4500619409384066,1.254845705395844,320,5,7126405,0,False,293.2227499986766,,,,0.0,,,,
seed7_failure_early_cluster_cycle101.npz,7,failure,early_cluster,101,3.4500619409384066,1.254845705395844,320,6,7126406,0,False,281.7498749936931,,,,0.0,,,,
seed7_failure_early_cluster_cycle101.npz,7,failure,early_cluster,101,3.4500619409384066,1.254845705395844,320,7,7126407,0,False,249.70349999784958,,,,0.0,,,,
seed7_failure_early_cluster_cycle101.npz,7,failure,early_cluster,101,3.4500619409384066,1.254845705395844,320,8,7126408,0,False,240.36904198874254,,,,0.0,,,,
seed7_failure_early_cluster_cycle101.npz,7,failure,early_cluster,101,3.4500619409384066,1.254845705395844,320,9,7126409,0,False,234.57087499264162,,,,0.0,,,,
seed7_failure_early_cluster_cycle101.npz,7,failure,early_cluster,101,3.4500619409384066,1.254845705395844,320,10,7126410,0,False,227.92245799792,,,,0.0,,,,
seed7_failure_early_cluster_cycle101.npz,7,failure,early_cluster,101,3.4500619409384066,1.254845705395844,320,11,7126411,0,False,216.12262500275392,,,,0.0,,,,
seed7_failure_early_cluster_cycle101.npz,7,failure,early_cluster,101,3.4500619409384066,1.254845705395844,320,12,7126412,0,False,217.87891699932516,,,,0.0,,,,
seed7_failure_early_cluster_cycle101.npz,7,failure,early_cluster,101,3.4500619409384066,1.254845705395844,320,13,7126413,0,False,222.43662500113714,,,,0.0,,,,
seed7_failure_early_cluster_cycle101.npz,7,failure,early_cluster,101,3.4500619409384066,1.254845705395844,320,14,7126414,0,False,220.73099999397527,,,,0.0,,,,
seed7_failure_early_cluster_cycle101.npz,7,failure,early_cluster,101,3.4500619409384066,1.254845705395844,320,15,7126415,0,False,225.10374999546912,,,,0.0,,,,
seed7_failure_early_cluster_cycle101.npz,7,failure,early_cluster,101,3.4500619409384066,1.254845705395844,320,16,7126416,0,False,227.76087500096764,,,,0.0,,,,
seed7_failure_early_cluster_cycle101.npz,7,failure,early_cluster,101,3.4500619409384066,1.254845705395844,320,17,7126417,0,False,246.89483300608117,,,,0.0,,,,
seed7_failure_early_cluster_cycle101.npz,7,failure,early_cluster,101,3.4500619409384066,1.254845705395844,320,18,7126418,0,False,279.21424999658484,,,,0.0,,,,
seed7_failure_early_cluster_cycle101.npz,7,failure,early_cluster,101,3.4500619409384066,1.254845705395844,320,19,7126419,0,False,277.7914170001168,,,,0.0,,,,
seed7_failure_early_cluster_cycle101.npz,7,failure,early_cluster,101,3.4500619409384066,1.254845705395844,640,0,7132800,0,False,522.011459004716,,,,0.0,,,,
seed7_failure_early_cluster_cycle101.npz,7,failure,early_cluster,101,3.4500619409384066,1.254845705395844,640,1,7132801,0,False,573.8366669975221,,,,0.0,,,,
seed7_failure_early_cluster_cycle101.npz,7,failure,early_cluster,101,3.4500619409384066,1.254845705395844,640,2,7132802,0,False,519.1259580024052,,,,0.0,,,,
seed7_failure_early_cluster_cycle101.npz,7,failure,early_cluster,101,3.4500619409384066,1.254845705395844,640,3,7132803,0,False,495.7496250135591,,,,0.0,,,,
seed7_failure_early_cluster_cycle101.npz,7,failure,early_cluster,101,3.4500619409384066,1.254845705395844,640,4,7132804,0,False,595.1210839994019,,,,0.0,,,,
seed7_failure_early_cluster_cycle101.npz,7,failure,early_cluster,101,3.4500619409384066,1.254845705395844,640,5,7132805,0,False,549.9337920045946,,,,0.0,,,,
seed7_failure_early_cluster_cycle101.npz,7,failure,early_cluster,101,3.4500619409384066,1.254845705395844,640,6,7132806,0,False,510.6979589909315,,,,0.0,,,,
seed7_failure_early_cluster_cycle101.npz,7,failure,early_cluster,101,3.4500619409384066,1.254845705395844,640,7,7132807,0,False,606.0624999954598,,,,0.0,,,,
seed7_failure_early_cluster_cycle101.npz,7,failure,early_cluster,101,3.4500619409384066,1.254845705395844,640,8,7132808,0,False,530.2703750057844,,,,0.0,,,,
seed7_failure_early_cluster_cycle101.npz,7,failure,early_cluster,101,3.4500619409384066,1.254845705395844,640,9,7132809,0,False,512.505874998169,,,,0.0,,,,
seed7_failure_early_cluster_cycle101.npz,7,failure,early_cluster,101,3.4500619409384066,1.254845705395844,640,10,7132810,0,False,527.8295000025537,,,,0.0,,,,
seed7_failure_early_cluster_cycle101.npz,7,failure,early_cluster,101,3.4500619409384066,1.254845705395844,640,11,7132811,0,False,545.3741669916781,,,,0.0,,,,
seed7_failure_early_cluster_cycle101.npz,7,failure,early_cluster,101,3.4500619409384066,1.254845705395844,640,12,7132812,0,False,532.7229999966221,,,,0.0,,,,
seed7_failure_early_cluster_cycle101.npz,7,failure,early_cluster,101,3.4500619409384066,1.254845705395844,640,13,7132813,0,False,570.0917089998256,,,,0.0,,,,
seed7_failure_early_cluster_cycle101.npz,7,failure,early_cluster,101,3.4500619409384066,1.254845705395844,640,14,7132814,0,False,515.7290829956764,,,,0.0,,,,
seed7_failure_early_cluster_cycle101.npz,7,failure,early_cluster,101,3.4500619409384066,1.254845705395844,640,15,7132815,0,False,506.2317499978235,,,,0.0,,,,
seed7_failure_early_cluster_cycle101.npz,7,failure,early_cluster,101,3.4500619409384066,1.254845705395844,640,16,7132816,0,False,594.5099579985254,,,,0.0,,,,
seed7_failure_early_cluster_cycle101.npz,7,failure,early_cluster,101,3.4500619409384066,1.254845705395844,640,17,7132817,0,False,597.5919589982368,,,,0.0,,,,
seed7_failure_early_cluster_cycle101.npz,7,failure,early_cluster,101,3.4500619409384066,1.254845705395844,640,18,7132818,0,False,605.4250839952147,,,,0.0,,,,
seed7_failure_early_cluster_cycle101.npz,7,failure,early_cluster,101,3.4500619409384066,1.254845705395844,640,19,7132819,0,False,517.9885840043426,,,,0.0,,,,
seed7_failure_middle_cycle104.npz,7,failure,middle,104,3.0955539496072766,1.2115557659151597,80,0,7131600,0,False,86.29508299054578,,,,0.0,,,,
seed7_failure_middle_cycle104.npz,7,failure,middle,104,3.0955539496072766,1.2115557659151597,80,1,7131601,0,False,67.88550000055693,,,,0.0,,,,
seed7_failure_middle_cycle104.npz,7,failure,middle,104,3.0955539496072766,1.2115557659151597,80,2,7131602,0,False,72.22154199553188,,,,0.0,,,,
seed7_failure_middle_cycle104.npz,7,failure,middle,104,3.0955539496072766,1.2115557659151597,80,3,7131603,0,False,71.78262500383426,,,,0.0,,,,
seed7_failure_middle_cycle104.npz,7,failure,middle,104,3.0955539496072766,1.2115557659151597,80,4,7131604,0,False,71.61154098866973,,,,0.0,,,,
seed7_failure_middle_cycle104.npz,7,failure,middle,104,3.0955539496072766,1.2115557659151597,80,5,7131605,0,False,71.57491700490937,,,,0.0,,,,
seed7_failure_middle_cycle104.npz,7,failure,middle,104,3.0955539496072766,1.2115557659151597,80,6,7131606,0,False,74.6748329984257,,,,0.0,,,,
seed7_failure_middle_cycle104.npz,7,failure,middle,104,3.0955539496072766,1.2115557659151597,80,7,7131607,0,False,126.44958299642894,,,,0.0,,,,
seed7_failure_middle_cycle104.npz,7,failure,middle,104,3.0955539496072766,1.2115557659151597,80,8,7131608,0,False,110.13029101013672,,,,0.0,,,,
seed7_failure_middle_cycle104.npz,7,failure,middle,104,3.0955539496072766,1.2115557659151597,80,9,7131609,0,False,108.80799998994917,,,,0.0,,,,
seed7_failure_middle_cycle104.npz,7,failure,middle,104,3.0955539496072766,1.2115557659151597,80,10,7131610,0,False,102.71158299292438,,,,0.0,,,,
seed7_failure_middle_cycle104.npz,7,failure,middle,104,3.0955539496072766,1.2115557659151597,80,11,7131611,0,False,98.6176250007702,,,,0.0,,,,
seed7_failure_middle_cycle104.npz,7,failure,middle,104,3.0955539496072766,1.2115557659151597,80,12,7131612,0,False,105.18695900100283,,,,0.0,,,,
seed7_failure_middle_cycle104.npz,7,failure,middle,104,3.0955539496072766,1.2115557659151597,80,13,7131613,0,False,99.07062500133179,,,,0.0,,,,
seed7_failure_middle_cycle104.npz,7,failure,middle,104,3.0955539496072766,1.2115557659151597,80,14,7131614,0,False,96.56695900775958,,,,0.0,,,,
seed7_failure_middle_cycle104.npz,7,failure,middle,104,3.0955539496072766,1.2115557659151597,80,15,7131615,0,False,96.78345800784882,,,,0.0,,,,
seed7_failure_middle_cycle104.npz,7,failure,middle,104,3.0955539496072766,1.2115557659151597,80,16,7131616,0,False,90.8530000015162,,,,0.0,,,,
seed7_failure_middle_cycle104.npz,7,failure,middle,104,3.0955539496072766,1.2115557659151597,80,17,7131617,0,False,87.33949999441393,,,,0.0,,,,
seed7_failure_middle_cycle104.npz,7,failure,middle,104,3.0955539496072766,1.2115557659151597,80,18,7131618,0,False,82.27741699374747,,,,0.0,,,,
seed7_failure_middle_cycle104.npz,7,failure,middle,104,3.0955539496072766,1.2115557659151597,80,19,7131619,0,False,74.48658300563693,,,,0.0,,,,
seed7_failure_middle_cycle104.npz,7,failure,middle,104,3.0955539496072766,1.2115557659151597,160,0,7133200,0,False,139.20191700162832,,,,0.0,,,,
seed7_failure_middle_cycle104.npz,7,failure,middle,104,3.0955539496072766,1.2115557659151597,160,1,7133201,0,False,143.09300000604708,,,,0.0,,,,
seed7_failure_middle_cycle104.npz,7,failure,middle,104,3.0955539496072766,1.2115557659151597,160,2,7133202,0,False,139.3696660088608,,,,0.0,,,,
seed7_failure_middle_cycle104.npz,7,failure,middle,104,3.0955539496072766,1.2115557659151597,160,3,7133203,0,False,160.97750001063105,,,,0.0,,,,
seed7_failure_middle_cycle104.npz,7,failure,middle,104,3.0955539496072766,1.2115557659151597,160,4,7133204,0,False,157.99445800075773,,,,0.0,,,,
seed7_failure_middle_cycle104.npz,7,failure,middle,104,3.0955539496072766,1.2115557659151597,160,5,7133205,0,False,158.0261250055628,,,,0.0,,,,
seed7_failure_middle_cycle104.npz,7,failure,middle,104,3.0955539496072766,1.2115557659151597,160,6,7133206,0,False,138.9199999975972,,,,0.0,,,,
seed7_failure_middle_cycle104.npz,7,failure,middle,104,3.0955539496072766,1.2115557659151597,160,7,7133207,0,False,136.7480839980999,,,,0.0,,,,
seed7_failure_middle_cycle104.npz,7,failure,middle,104,3.0955539496072766,1.2115557659151597,160,8,7133208,0,False,132.88941700011492,,,,0.0,,,,
seed7_failure_middle_cycle104.npz,7,failure,middle,104,3.0955539496072766,1.2115557659151597,160,9,7133209,0,False,131.8604999978561,,,,0.0,,,,
seed7_failure_middle_cycle104.npz,7,failure,middle,104,3.0955539496072766,1.2115557659151597,160,10,7133210,0,False,131.899792002514,,,,0.0,,,,
seed7_failure_middle_cycle104.npz,7,failure,middle,104,3.0955539496072766,1.2115557659151597,160,11,7133211,0,False,124.37229200440925,,,,0.0,,,,
seed7_failure_middle_cycle104.npz,7,failure,middle,104,3.0955539496072766,1.2115557659151597,160,12,7133212,0,False,124.09966699487995,,,,0.0,,,,
seed7_failure_middle_cycle104.npz,7,failure,middle,104,3.0955539496072766,1.2115557659151597,160,13,7133213,0,False,129.4292919919826,,,,0.0,,,,
seed7_failure_middle_cycle104.npz,7,failure,middle,104,3.0955539496072766,1.2115557659151597,160,14,7133214,0,False,132.16470899351407,,,,0.0,,,,
seed7_failure_middle_cycle104.npz,7,failure,middle,104,3.0955539496072766,1.2115557659151597,160,15,7133215,0,False,126.33479200303555,,,,0.0,,,,
seed7_failure_middle_cycle104.npz,7,failure,middle,104,3.0955539496072766,1.2115557659151597,160,16,7133216,0,False,133.70054199185688,,,,0.0,,,,
seed7_failure_middle_cycle104.npz,7,failure,middle,104,3.0955539496072766,1.2115557659151597,160,17,7133217,0,False,125.43695801286958,,,,0.0,,,,
seed7_failure_middle_cycle104.npz,7,failure,middle,104,3.0955539496072766,1.2115557659151597,160,18,7133218,0,False,142.45487500738818,,,,0.0,,,,
seed7_failure_middle_cycle104.npz,7,failure,middle,104,3.0955539496072766,1.2115557659151597,160,19,7133219,0,False,143.00154100055806,,,,0.0,,,,
seed7_failure_middle_cycle104.npz,7,failure,middle,104,3.0955539496072766,1.2115557659151597,320,0,7136400,0,False,324.83504099946003,,,,0.0,,,,
seed7_failure_middle_cycle104.npz,7,failure,middle,104,3.0955539496072766,1.2115557659151597,320,1,7136401,0,False,277.20783300173935,,,,0.0,,,,
seed7_failure_middle_cycle104.npz,7,failure,middle,104,3.0955539496072766,1.2115557659151597,320,2,7136402,0,False,274.4113750086399,,,,0.0,,,,
seed7_failure_middle_cycle104.npz,7,failure,middle,104,3.0955539496072766,1.2115557659151597,320,3,7136403,0,False,252.83083399699535,,,,0.0,,,,
seed7_failure_middle_cycle104.npz,7,failure,middle,104,3.0955539496072766,1.2115557659151597,320,4,7136404,0,False,243.73904199455865,,,,0.0,,,,
seed7_failure_middle_cycle104.npz,7,failure,middle,104,3.0955539496072766,1.2115557659151597,320,5,7136405,0,False,252.3721250036033,,,,0.0,,,,
seed7_failure_middle_cycle104.npz,7,failure,middle,104,3.0955539496072766,1.2115557659151597,320,6,7136406,0,False,293.51066700473893,,,,0.0,,,,
seed7_failure_middle_cycle104.npz,7,failure,middle,104,3.0955539496072766,1.2115557659151597,320,7,7136407,0,False,322.21308299631346,,,,0.0,,,,
seed7_failure_middle_cycle104.npz,7,failure,middle,104,3.0955539496072766,1.2115557659151597,320,8,7136408,0,False,296.77216699928977,,,,0.0,,,,
seed7_failure_middle_cycle104.npz,7,failure,middle,104,3.0955539496072766,1.2115557659151597,320,9,7136409,0,False,302.99362500954885,,,,0.0,,,,
seed7_failure_middle_cycle104.npz,7,failure,middle,104,3.0955539496072766,1.2115557659151597,320,10,7136410,0,False,272.2816250025062,,,,0.0,,,,
seed7_failure_middle_cycle104.npz,7,failure,middle,104,3.0955539496072766,1.2115557659151597,320,11,7136411,0,False,291.8378339963965,,,,0.0,,,,
seed7_failure_middle_cycle104.npz,7,failure,middle,104,3.0955539496072766,1.2115557659151597,320,12,7136412,0,False,318.7669159960933,,,,0.0,,,,
seed7_failure_middle_cycle104.npz,7,failure,middle,104,3.0955539496072766,1.2115557659151597,320,13,7136413,0,False,274.40787499654107,,,,0.0,,,,
seed7_failure_middle_cycle104.npz,7,failure,middle,104,3.0955539496072766,1.2115557659151597,320,14,7136414,0,False,262.811458989745,,,,0.0,,,,
seed7_failure_middle_cycle104.npz,7,failure,middle,104,3.0955539496072766,1.2115557659151597,320,15,7136415,0,False,256.5067499963334,,,,0.0,,,,
seed7_failure_middle_cycle104.npz,7,failure,middle,104,3.0955539496072766,1.2115557659151597,320,16,7136416,0,False,267.8238749940647,,,,0.0,,,,
seed7_failure_middle_cycle104.npz,7,failure,middle,104,3.0955539496072766,1.2115557659151597,320,17,7136417,0,False,290.01599999901373,,,,0.0,,,,
seed7_failure_middle_cycle104.npz,7,failure,middle,104,3.0955539496072766,1.2115557659151597,320,18,7136418,0,False,324.973000009777,,,,0.0,,,,
seed7_failure_middle_cycle104.npz,7,failure,middle,104,3.0955539496072766,1.2115557659151597,320,19,7136419,0,False,340.3610000095796,,,,0.0,,,,
seed7_failure_middle_cycle104.npz,7,failure,middle,104,3.0955539496072766,1.2115557659151597,640,0,7142800,0,False,578.5527919942979,,,,0.0,,,,
seed7_failure_middle_cycle104.npz,7,failure,middle,104,3.0955539496072766,1.2115557659151597,640,1,7142801,0,False,641.4610420033569,,,,0.0,,,,
seed7_failure_middle_cycle104.npz,7,failure,middle,104,3.0955539496072766,1.2115557659151597,640,2,7142802,0,False,537.3149580118479,,,,0.0,,,,
seed7_failure_middle_cycle104.npz,7,failure,middle,104,3.0955539496072766,1.2115557659151597,640,3,7142803,0,False,515.3347910090815,,,,0.0,,,,
seed7_failure_middle_cycle104.npz,7,failure,middle,104,3.0955539496072766,1.2115557659151597,640,4,7142804,0,False,678.3376669918653,,,,0.0,,,,
seed7_failure_middle_cycle104.npz,7,failure,middle,104,3.0955539496072766,1.2115557659151597,640,5,7142805,0,False,581.6110000014305,,,,0.0,,,,
seed7_failure_middle_cycle104.npz,7,failure,middle,104,3.0955539496072766,1.2115557659151597,640,6,7142806,0,False,524.6552500029793,,,,0.0,,,,
seed7_failure_middle_cycle104.npz,7,failure,middle,104,3.0955539496072766,1.2115557659151597,640,7,7142807,0,False,500.21841601119377,,,,0.0,,,,
seed7_failure_middle_cycle104.npz,7,failure,middle,104,3.0955539496072766,1.2115557659151597,640,8,7142808,0,False,599.4492919999175,,,,0.0,,,,
seed7_failure_middle_cycle104.npz,7,failure,middle,104,3.0955539496072766,1.2115557659151597,640,9,7142809,0,False,646.0439590009628,,,,0.0,,,,
seed7_failure_middle_cycle104.npz,7,failure,middle,104,3.0955539496072766,1.2115557659151597,640,10,7142810,0,False,699.3958330131136,,,,0.0,,,,
seed7_failure_middle_cycle104.npz,7,failure,middle,104,3.0955539496072766,1.2115557659151597,640,11,7142811,0,False,627.79391699587,,,,0.0,,,,
seed7_failure_middle_cycle104.npz,7,failure,middle,104,3.0955539496072766,1.2115557659151597,640,12,7142812,0,False,557.9070829990087,,,,0.0,,,,
seed7_failure_middle_cycle104.npz,7,failure,middle,104,3.0955539496072766,1.2115557659151597,640,13,7142813,0,False,533.7010410003131,,,,0.0,,,,
seed7_failure_middle_cycle104.npz,7,failure,middle,104,3.0955539496072766,1.2115557659151597,640,14,7142814,0,False,636.4724169980036,,,,0.0,,,,
seed7_failure_middle_cycle104.npz,7,failure,middle,104,3.0955539496072766,1.2115557659151597,640,15,7142815,0,False,742.3088750074385,,,,0.0,,,,
seed7_failure_middle_cycle104.npz,7,failure,middle,104,3.0955539496072766,1.2115557659151597,640,16,7142816,0,False,584.3787500052713,,,,0.0,,,,
seed7_failure_middle_cycle104.npz,7,failure,middle,104,3.0955539496072766,1.2115557659151597,640,17,7142817,0,False,520.285666003474,,,,0.0,,,,
seed7_failure_middle_cycle104.npz,7,failure,middle,104,3.0955539496072766,1.2115557659151597,640,18,7142818,0,False,574.9129579926375,,,,0.0,,,,
seed7_failure_middle_cycle104.npz,7,failure,middle,104,3.0955539496072766,1.2115557659151597,640,19,7142819,0,False,692.1327080053743,,,,0.0,,,,
seed7_failure_nearest_first_turn_cycle105.npz,7,failure,nearest_first_turn,105,2.938433406949652,1.3595665223195998,80,0,7141600,0,False,87.17679198889527,,,,0.0,,,,
seed7_failure_nearest_first_turn_cycle105.npz,7,failure,nearest_first_turn,105,2.938433406949652,1.3595665223195998,80,1,7141601,0,False,85.11666700360365,,,,0.0,,,,
seed7_failure_nearest_first_turn_cycle105.npz,7,failure,nearest_first_turn,105,2.938433406949652,1.3595665223195998,80,2,7141602,0,False,84.98387500003446,,,,0.0,,,,
seed7_failure_nearest_first_turn_cycle105.npz,7,failure,nearest_first_turn,105,2.938433406949652,1.3595665223195998,80,3,7141603,0,False,79.16704099625349,,,,0.0,,,,
seed7_failure_nearest_first_turn_cycle105.npz,7,failure,nearest_first_turn,105,2.938433406949652,1.3595665223195998,80,4,7141604,0,False,80.75208400259726,,,,0.0,,,,
seed7_failure_nearest_first_turn_cycle105.npz,7,failure,nearest_first_turn,105,2.938433406949652,1.3595665223195998,80,5,7141605,0,False,87.59687500423752,,,,0.0,,,,
seed7_failure_nearest_first_turn_cycle105.npz,7,failure,nearest_first_turn,105,2.938433406949652,1.3595665223195998,80,6,7141606,0,False,88.38608299265616,,,,0.0,,,,
seed7_failure_nearest_first_turn_cycle105.npz,7,failure,nearest_first_turn,105,2.938433406949652,1.3595665223195998,80,7,7141607,0,False,90.50979200401343,,,,0.0,,,,
seed7_failure_nearest_first_turn_cycle105.npz,7,failure,nearest_first_turn,105,2.938433406949652,1.3595665223195998,80,8,7141608,0,False,99.85075000440702,,,,0.0,,,,
seed7_failure_nearest_first_turn_cycle105.npz,7,failure,nearest_first_turn,105,2.938433406949652,1.3595665223195998,80,9,7141609,0,False,93.9421249931911,,,,0.0,,,,
seed7_failure_nearest_first_turn_cycle105.npz,7,failure,nearest_first_turn,105,2.938433406949652,1.3595665223195998,80,10,7141610,0,False,102.6120830065338,,,,0.0,,,,
seed7_failure_nearest_first_turn_cycle105.npz,7,failure,nearest_first_turn,105,2.938433406949652,1.3595665223195998,80,11,7141611,0,False,104.24754199630115,,,,0.0,,,,
seed7_failure_nearest_first_turn_cycle105.npz,7,failure,nearest_first_turn,105,2.938433406949652,1.3595665223195998,80,12,7141612,0,False,100.4060420091264,,,,0.0,,,,
seed7_failure_nearest_first_turn_cycle105.npz,7,failure,nearest_first_turn,105,2.938433406949652,1.3595665223195998,80,13,7141613,0,False,106.27525000018068,,,,0.0,,,,
seed7_failure_nearest_first_turn_cycle105.npz,7,failure,nearest_first_turn,105,2.938433406949652,1.3595665223195998,80,14,7141614,0,False,104.80729200935457,,,,0.0,,,,
seed7_failure_nearest_first_turn_cycle105.npz,7,failure,nearest_first_turn,105,2.938433406949652,1.3595665223195998,80,15,7141615,0,False,100.60254199197516,,,,0.0,,,,
seed7_failure_nearest_first_turn_cycle105.npz,7,failure,nearest_first_turn,105,2.938433406949652,1.3595665223195998,80,16,7141616,0,False,102.41308399417903,,,,0.0,,,,
seed7_failure_nearest_first_turn_cycle105.npz,7,failure,nearest_first_turn,105,2.938433406949652,1.3595665223195998,80,17,7141617,0,False,102.97208299743943,,,,0.0,,,,
seed7_failure_nearest_first_turn_cycle105.npz,7,failure,nearest_first_turn,105,2.938433406949652,1.3595665223195998,80,18,7141618,0,False,104.40962501161266,,,,0.0,,,,
seed7_failure_nearest_first_turn_cycle105.npz,7,failure,nearest_first_turn,105,2.938433406949652,1.3595665223195998,80,19,7141619,0,False,104.35920901363716,,,,0.0,,,,
seed7_failure_nearest_first_turn_cycle105.npz,7,failure,nearest_first_turn,105,2.938433406949652,1.3595665223195998,160,0,7143200,0,False,188.9665420021629,,,,0.0,,,,
seed7_failure_nearest_first_turn_cycle105.npz,7,failure,nearest_first_turn,105,2.938433406949652,1.3595665223195998,160,1,7143201,0,False,190.50570800027344,,,,0.0,,,,
seed7_failure_nearest_first_turn_cycle105.npz,7,failure,nearest_first_turn,105,2.938433406949652,1.3595665223195998,160,2,7143202,0,False,201.53562499035615,,,,0.0,,,,
seed7_failure_nearest_first_turn_cycle105.npz,7,failure,nearest_first_turn,105,2.938433406949652,1.3595665223195998,160,3,7143203,0,False,200.01008300459944,,,,0.0,,,,
seed7_failure_nearest_first_turn_cycle105.npz,7,failure,nearest_first_turn,105,2.938433406949652,1.3595665223195998,160,4,7143204,0,False,223.0952499958221,,,,0.0,,,,
seed7_failure_nearest_first_turn_cycle105.npz,7,failure,nearest_first_turn,105,2.938433406949652,1.3595665223195998,160,5,7143205,0,False,242.07179198856466,,,,0.0,,,,
seed7_failure_nearest_first_turn_cycle105.npz,7,failure,nearest_first_turn,105,2.938433406949652,1.3595665223195998,160,6,7143206,0,False,230.55158300849143,,,,0.0,,,,
seed7_failure_nearest_first_turn_cycle105.npz,7,failure,nearest_first_turn,105,2.938433406949652,1.3595665223195998,160,7,7143207,0,False,221.78000000712927,,,,0.0,,,,
seed7_failure_nearest_first_turn_cycle105.npz,7,failure,nearest_first_turn,105,2.938433406949652,1.3595665223195998,160,8,7143208,0,False,204.89408299908973,,,,0.0,,,,
seed7_failure_nearest_first_turn_cycle105.npz,7,failure,nearest_first_turn,105,2.938433406949652,1.3595665223195998,160,9,7143209,0,False,193.094292000751,,,,0.0,,,,
seed7_failure_nearest_first_turn_cycle105.npz,7,failure,nearest_first_turn,105,2.938433406949652,1.3595665223195998,160,10,7143210,0,False,189.44808299420401,,,,0.0,,,,
seed7_failure_nearest_first_turn_cycle105.npz,7,failure,nearest_first_turn,105,2.938433406949652,1.3595665223195998,160,11,7143211,0,False,180.52424999768846,,,,0.0,,,,
seed7_failure_nearest_first_turn_cycle105.npz,7,failure,nearest_first_turn,105,2.938433406949652,1.3595665223195998,160,12,7143212,0,False,188.94254200858995,,,,0.0,,,,
seed7_failure_nearest_first_turn_cycle105.npz,7,failure,nearest_first_turn,105,2.938433406949652,1.3595665223195998,160,13,7143213,0,False,165.46558300615288,,,,0.0,,,,
seed7_failure_nearest_first_turn_cycle105.npz,7,failure,nearest_first_turn,105,2.938433406949652,1.3595665223195998,160,14,7143214,0,False,162.4608339916449,,,,0.0,,,,
seed7_failure_nearest_first_turn_cycle105.npz,7,failure,nearest_first_turn,105,2.938433406949652,1.3595665223195998,160,15,7143215,0,False,139.6989589993609,,,,0.0,,,,
seed7_failure_nearest_first_turn_cycle105.npz,7,failure,nearest_first_turn,105,2.938433406949652,1.3595665223195998,160,16,7143216,0,False,141.19770799879916,,,,0.0,,,,
seed7_failure_nearest_first_turn_cycle105.npz,7,failure,nearest_first_turn,105,2.938433406949652,1.3595665223195998,160,17,7143217,0,False,141.02024999738205,,,,0.0,,,,
seed7_failure_nearest_first_turn_cycle105.npz,7,failure,nearest_first_turn,105,2.938433406949652,1.3595665223195998,160,18,7143218,0,False,140.95958300458733,,,,0.0,,,,
seed7_failure_nearest_first_turn_cycle105.npz,7,failure,nearest_first_turn,105,2.938433406949652,1.3595665223195998,160,19,7143219,0,False,144.05729199643247,,,,0.0,,,,
seed7_failure_nearest_first_turn_cycle105.npz,7,failure,nearest_first_turn,105,2.938433406949652,1.3595665223195998,320,0,7146400,0,False,372.4877080094302,,,,0.0,,,,
seed7_failure_nearest_first_turn_cycle105.npz,7,failure,nearest_first_turn,105,2.938433406949652,1.3595665223195998,320,1,7146401,0,False,502.80545798887033,,,,0.0,,,,
seed7_failure_nearest_first_turn_cycle105.npz,7,failure,nearest_first_turn,105,2.938433406949652,1.3595665223195998,320,2,7146402,0,False,432.5759589992231,,,,0.0,,,,
seed7_failure_nearest_first_turn_cycle105.npz,7,failure,nearest_first_turn,105,2.938433406949652,1.3595665223195998,320,3,7146403,0,False,553.9860410062829,,,,0.0,,,,
seed7_failure_nearest_first_turn_cycle105.npz,7,failure,nearest_first_turn,105,2.938433406949652,1.3595665223195998,320,4,7146404,0,False,585.7664170034695,,,,0.0,,,,
seed7_failure_nearest_first_turn_cycle105.npz,7,failure,nearest_first_turn,105,2.938433406949652,1.3595665223195998,320,5,7146405,0,False,556.1480420001317,,,,0.0,,,,
seed7_failure_nearest_first_turn_cycle105.npz,7,failure,nearest_first_turn,105,2.938433406949652,1.3595665223195998,320,6,7146406,0,False,575.3131250094157,,,,0.0,,,,
seed7_failure_nearest_first_turn_cycle105.npz,7,failure,nearest_first_turn,105,2.938433406949652,1.3595665223195998,320,7,7146407,0,False,568.3990420075133,,,,0.0,,,,
seed7_failure_nearest_first_turn_cycle105.npz,7,failure,nearest_first_turn,105,2.938433406949652,1.3595665223195998,320,8,7146408,0,False,405.2755829907255,,,,0.0,,,,
seed7_failure_nearest_first_turn_cycle105.npz,7,failure,nearest_first_turn,105,2.938433406949652,1.3595665223195998,320,9,7146409,0,False,380.53629199566785,,,,0.0,,,,
seed7_failure_nearest_first_turn_cycle105.npz,7,failure,nearest_first_turn,105,2.938433406949652,1.3595665223195998,320,10,7146410,0,False,417.09937500127126,,,,0.0,,,,
seed7_failure_nearest_first_turn_cycle105.npz,7,failure,nearest_first_turn,105,2.938433406949652,1.3595665223195998,320,11,7146411,0,False,477.91574998700526,,,,0.0,,,,
seed7_failure_nearest_first_turn_cycle105.npz,7,failure,nearest_first_turn,105,2.938433406949652,1.3595665223195998,320,12,7146412,0,False,429.2716250056401,,,,0.0,,,,
seed7_failure_nearest_first_turn_cycle105.npz,7,failure,nearest_first_turn,105,2.938433406949652,1.3595665223195998,320,13,7146413,0,False,410.7093329948839,,,,0.0,,,,
seed7_failure_nearest_first_turn_cycle105.npz,7,failure,nearest_first_turn,105,2.938433406949652,1.3595665223195998,320,14,7146414,0,False,766.3344999891706,,,,0.0,,,,
seed7_failure_nearest_first_turn_cycle105.npz,7,failure,nearest_first_turn,105,2.938433406949652,1.3595665223195998,320,15,7146415,0,False,406.33374999742955,,,,0.0,,,,
seed7_failure_nearest_first_turn_cycle105.npz,7,failure,nearest_first_turn,105,2.938433406949652,1.3595665223195998,320,16,7146416,0,False,397.0844170107739,,,,0.0,,,,
seed7_failure_nearest_first_turn_cycle105.npz,7,failure,nearest_first_turn,105,2.938433406949652,1.3595665223195998,320,17,7146417,0,False,361.3641249976354,,,,0.0,,,,
seed7_failure_nearest_first_turn_cycle105.npz,7,failure,nearest_first_turn,105,2.938433406949652,1.3595665223195998,320,18,7146418,0,False,371.75237499468494,,,,0.0,,,,
seed7_failure_nearest_first_turn_cycle105.npz,7,failure,nearest_first_turn,105,2.938433406949652,1.3595665223195998,320,19,7146419,0,False,366.1871669901302,,,,0.0,,,,
seed7_failure_nearest_first_turn_cycle105.npz,7,failure,nearest_first_turn,105,2.938433406949652,1.3595665223195998,640,0,7152800,0,False,767.0239580038469,,,,0.0,,,,
seed7_failure_nearest_first_turn_cycle105.npz,7,failure,nearest_first_turn,105,2.938433406949652,1.3595665223195998,640,1,7152801,0,False,787.514084004215,,,,0.0,,,,
seed7_failure_nearest_first_turn_cycle105.npz,7,failure,nearest_first_turn,105,2.938433406949652,1.3595665223195998,640,2,7152802,0,False,891.987415991025,,,,0.0,,,,
seed7_failure_nearest_first_turn_cycle105.npz,7,failure,nearest_first_turn,105,2.938433406949652,1.3595665223195998,640,3,7152803,0,False,797.9380409960868,,,,0.0,,,,
seed7_failure_nearest_first_turn_cycle105.npz,7,failure,nearest_first_turn,105,2.938433406949652,1.3595665223195998,640,4,7152804,0,False,856.3312500045868,,,,0.0,,,,
seed7_failure_nearest_first_turn_cycle105.npz,7,failure,nearest_first_turn,105,2.938433406949652,1.3595665223195998,640,5,7152805,0,False,879.0089160029311,,,,0.0,,,,
seed7_failure_nearest_first_turn_cycle105.npz,7,failure,nearest_first_turn,105,2.938433406949652,1.3595665223195998,640,6,7152806,0,False,776.6812500049127,,,,0.0,,,,
seed7_failure_nearest_first_turn_cycle105.npz,7,failure,nearest_first_turn,105,2.938433406949652,1.3595665223195998,640,7,7152807,0,False,771.7322499956936,,,,0.0,,,,
seed7_failure_nearest_first_turn_cycle105.npz,7,failure,nearest_first_turn,105,2.938433406949652,1.3595665223195998,640,8,7152808,0,False,946.6895840014331,,,,0.0,,,,
seed7_failure_nearest_first_turn_cycle105.npz,7,failure,nearest_first_turn,105,2.938433406949652,1.3595665223195998,640,9,7152809,0,False,909.6019160060678,,,,0.0,,,,
seed7_failure_nearest_first_turn_cycle105.npz,7,failure,nearest_first_turn,105,2.938433406949652,1.3595665223195998,640,10,7152810,0,False,801.4226249943022,,,,0.0,,,,
seed7_failure_nearest_first_turn_cycle105.npz,7,failure,nearest_first_turn,105,2.938433406949652,1.3595665223195998,640,11,7152811,0,False,808.1727079988923,,,,0.0,,,,
seed7_failure_nearest_first_turn_cycle105.npz,7,failure,nearest_first_turn,105,2.938433406949652,1.3595665223195998,640,12,7152812,0,False,739.4781670009252,,,,0.0,,,,
seed7_failure_nearest_first_turn_cycle105.npz,7,failure,nearest_first_turn,105,2.938433406949652,1.3595665223195998,640,13,7152813,0,False,691.9510839943541,,,,0.0,,,,
seed7_failure_nearest_first_turn_cycle105.npz,7,failure,nearest_first_turn,105,2.938433406949652,1.3595665223195998,640,14,7152814,0,False,591.6924589982955,,,,0.0,,,,
seed7_failure_nearest_first_turn_cycle105.npz,7,failure,nearest_first_turn,105,2.938433406949652,1.3595665223195998,640,15,7152815,0,False,511.20058400556445,,,,0.0,,,,
seed7_failure_nearest_first_turn_cycle105.npz,7,failure,nearest_first_turn,105,2.938433406949652,1.3595665223195998,640,16,7152816,0,False,540.1732089958386,,,,0.0,,,,
seed7_failure_nearest_first_turn_cycle105.npz,7,failure,nearest_first_turn,105,2.938433406949652,1.3595665223195998,640,17,7152817,0,False,618.1262500031153,,,,0.0,,,,
seed7_failure_nearest_first_turn_cycle105.npz,7,failure,nearest_first_turn,105,2.938433406949652,1.3595665223195998,640,18,7152818,0,False,534.0586669917684,,,,0.0,,,,
seed7_failure_nearest_first_turn_cycle105.npz,7,failure,nearest_first_turn,105,2.938433406949652,1.3595665223195998,640,19,7152819,0,False,489.91312499856576,,,,0.0,,,,
seed7_failure_before_recovery_cycle108.npz,7,failure,before_recovery,108,2.2155497158971516,1.871975321152683,80,0,7151600,0,False,72.55208300193772,,,,0.0,,,,
seed7_failure_before_recovery_cycle108.npz,7,failure,before_recovery,108,2.2155497158971516,1.871975321152683,80,1,7151601,0,False,71.32454200473148,,,,0.0,,,,
seed7_failure_before_recovery_cycle108.npz,7,failure,before_recovery,108,2.2155497158971516,1.871975321152683,80,2,7151602,0,False,72.59595800132956,,,,0.0,,,,
seed7_failure_before_recovery_cycle108.npz,7,failure,before_recovery,108,2.2155497158971516,1.871975321152683,80,3,7151603,0,False,79.76987499569077,,,,0.0,,,,
seed7_failure_before_recovery_cycle108.npz,7,failure,before_recovery,108,2.2155497158971516,1.871975321152683,80,4,7151604,0,False,80.56412500445731,,,,0.0,,,,
seed7_failure_before_recovery_cycle108.npz,7,failure,before_recovery,108,2.2155497158971516,1.871975321152683,80,5,7151605,0,False,80.06691699847579,,,,0.0,,,,
seed7_failure_before_recovery_cycle108.npz,7,failure,before_recovery,108,2.2155497158971516,1.871975321152683,80,6,7151606,0,False,91.85520799655933,,,,0.0,,,,
seed7_failure_before_recovery_cycle108.npz,7,failure,before_recovery,108,2.2155497158971516,1.871975321152683,80,7,7151607,0,False,88.63199999905191,,,,0.0,,,,
seed7_failure_before_recovery_cycle108.npz,7,failure,before_recovery,108,2.2155497158971516,1.871975321152683,80,8,7151608,0,False,88.23066699551418,,,,0.0,,,,
seed7_failure_before_recovery_cycle108.npz,7,failure,before_recovery,108,2.2155497158971516,1.871975321152683,80,9,7151609,0,False,86.29483400727622,,,,0.0,,,,
seed7_failure_before_recovery_cycle108.npz,7,failure,before_recovery,108,2.2155497158971516,1.871975321152683,80,10,7151610,0,False,82.42908299143892,,,,0.0,,,,
seed7_failure_before_recovery_cycle108.npz,7,failure,before_recovery,108,2.2155497158971516,1.871975321152683,80,11,7151611,0,False,76.6577500035055,,,,0.0,,,,
seed7_failure_before_recovery_cycle108.npz,7,failure,before_recovery,108,2.2155497158971516,1.871975321152683,80,12,7151612,0,False,75.57733400608413,,,,0.0,,,,
seed7_failure_before_recovery_cycle108.npz,7,failure,before_recovery,108,2.2155497158971516,1.871975321152683,80,13,7151613,0,False,76.7503749957541,,,,0.0,,,,
seed7_failure_before_recovery_cycle108.npz,7,failure,before_recovery,108,2.2155497158971516,1.871975321152683,80,14,7151614,0,False,76.07708299474325,,,,0.0,,,,
seed7_failure_before_recovery_cycle108.npz,7,failure,before_recovery,108,2.2155497158971516,1.871975321152683,80,15,7151615,0,False,79.26816600956954,,,,0.0,,,,
seed7_failure_before_recovery_cycle108.npz,7,failure,before_recovery,108,2.2155497158971516,1.871975321152683,80,16,7151616,0,False,78.1986660003895,,,,0.0,,,,
seed7_failure_before_recovery_cycle108.npz,7,failure,before_recovery,108,2.2155497158971516,1.871975321152683,80,17,7151617,0,False,77.93391701125074,,,,0.0,,,,
seed7_failure_before_recovery_cycle108.npz,7,failure,before_recovery,108,2.2155497158971516,1.871975321152683,80,18,7151618,0,False,78.13475000148173,,,,0.0,,,,
seed7_failure_before_recovery_cycle108.npz,7,failure,before_recovery,108,2.2155497158971516,1.871975321152683,80,19,7151619,0,False,72.22249999176711,,,,0.0,,,,
seed7_failure_before_recovery_cycle108.npz,7,failure,before_recovery,108,2.2155497158971516,1.871975321152683,160,0,7153200,0,False,130.82170799316373,,,,0.0,,,,
seed7_failure_before_recovery_cycle108.npz,7,failure,before_recovery,108,2.2155497158971516,1.871975321152683,160,1,7153201,0,False,140.761750008096,,,,0.0,,,,
seed7_failure_before_recovery_cycle108.npz,7,failure,before_recovery,108,2.2155497158971516,1.871975321152683,160,2,7153202,0,False,140.3620420023799,,,,0.0,,,,
seed7_failure_before_recovery_cycle108.npz,7,failure,before_recovery,108,2.2155497158971516,1.871975321152683,160,3,7153203,0,False,162.98504099540878,,,,0.0,,,,
seed7_failure_before_recovery_cycle108.npz,7,failure,before_recovery,108,2.2155497158971516,1.871975321152683,160,4,7153204,0,False,166.64354100066703,,,,0.0,,,,
seed7_failure_before_recovery_cycle108.npz,7,failure,before_recovery,108,2.2155497158971516,1.871975321152683,160,5,7153205,0,False,151.26866698847152,,,,0.0,,,,
seed7_failure_before_recovery_cycle108.npz,7,failure,before_recovery,108,2.2155497158971516,1.871975321152683,160,6,7153206,0,False,139.7891249944223,,,,0.0,,,,
seed7_failure_before_recovery_cycle108.npz,7,failure,before_recovery,108,2.2155497158971516,1.871975321152683,160,7,7153207,0,False,134.39508399460465,,,,0.0,,,,
seed7_failure_before_recovery_cycle108.npz,7,failure,before_recovery,108,2.2155497158971516,1.871975321152683,160,8,7153208,0,False,125.33850000181701,,,,0.0,,,,
seed7_failure_before_recovery_cycle108.npz,7,failure,before_recovery,108,2.2155497158971516,1.871975321152683,160,9,7153209,0,False,125.0607500114711,,,,0.0,,,,
seed7_failure_before_recovery_cycle108.npz,7,failure,before_recovery,108,2.2155497158971516,1.871975321152683,160,10,7153210,0,False,125.27162498736288,,,,0.0,,,,
seed7_failure_before_recovery_cycle108.npz,7,failure,before_recovery,108,2.2155497158971516,1.871975321152683,160,11,7153211,0,False,139.5390419929754,,,,0.0,,,,
seed7_failure_before_recovery_cycle108.npz,7,failure,before_recovery,108,2.2155497158971516,1.871975321152683,160,12,7153212,0,False,126.86791599844582,,,,0.0,,,,
seed7_failure_before_recovery_cycle108.npz,7,failure,before_recovery,108,2.2155497158971516,1.871975321152683,160,13,7153213,0,False,126.22400000691414,,,,0.0,,,,
seed7_failure_before_recovery_cycle108.npz,7,failure,before_recovery,108,2.2155497158971516,1.871975321152683,160,14,7153214,0,False,125.90349999663886,,,,0.0,,,,
seed7_failure_before_recovery_cycle108.npz,7,failure,before_recovery,108,2.2155497158971516,1.871975321152683,160,15,7153215,0,False,126.32912500703242,,,,0.0,,,,
seed7_failure_before_recovery_cycle108.npz,7,failure,before_recovery,108,2.2155497158971516,1.871975321152683,160,16,7153216,0,False,126.33987500157673,,,,0.0,,,,
seed7_failure_before_recovery_cycle108.npz,7,failure,before_recovery,108,2.2155497158971516,1.871975321152683,160,17,7153217,0,False,125.98391600477044,,,,0.0,,,,
seed7_failure_before_recovery_cycle108.npz,7,failure,before_recovery,108,2.2155497158971516,1.871975321152683,160,18,7153218,0,False,130.12716599041596,,,,0.0,,,,
seed7_failure_before_recovery_cycle108.npz,7,failure,before_recovery,108,2.2155497158971516,1.871975321152683,160,19,7153219,0,False,156.13379199930932,,,,0.0,,,,
seed7_failure_before_recovery_cycle108.npz,7,failure,before_recovery,108,2.2155497158971516,1.871975321152683,320,0,7156400,0,False,315.4966250003781,,,,0.0,,,,
seed7_failure_before_recovery_cycle108.npz,7,failure,before_recovery,108,2.2155497158971516,1.871975321152683,320,1,7156401,0,False,296.1571659980109,,,,0.0,,,,
seed7_failure_before_recovery_cycle108.npz,7,failure,before_recovery,108,2.2155497158971516,1.871975321152683,320,2,7156402,0,False,260.4991670086747,,,,0.0,,,,
seed7_failure_before_recovery_cycle108.npz,7,failure,before_recovery,108,2.2155497158971516,1.871975321152683,320,3,7156403,0,False,245.90270800399594,,,,0.0,,,,
seed7_failure_before_recovery_cycle108.npz,7,failure,before_recovery,108,2.2155497158971516,1.871975321152683,320,4,7156404,0,False,244.95762499282137,,,,0.0,,,,
seed7_failure_before_recovery_cycle108.npz,7,failure,before_recovery,108,2.2155497158971516,1.871975321152683,320,5,7156405,0,False,255.76658399950247,,,,0.0,,,,
seed7_failure_before_recovery_cycle108.npz,7,failure,before_recovery,108,2.2155497158971516,1.871975321152683,320,6,7156406,0,False,282.64187499007676,,,,0.0,,,,
seed7_failure_before_recovery_cycle108.npz,7,failure,before_recovery,108,2.2155497158971516,1.871975321152683,320,7,7156407,0,False,313.319833992864,,,,0.0,,,,
seed7_failure_before_recovery_cycle108.npz,7,failure,before_recovery,108,2.2155497158971516,1.871975321152683,320,8,7156408,0,False,270.67895799700636,,,,0.0,,,,
seed7_failure_before_recovery_cycle108.npz,7,failure,before_recovery,108,2.2155497158971516,1.871975321152683,320,9,7156409,0,False,278.361374992528,,,,0.0,,,,
seed7_failure_before_recovery_cycle108.npz,7,failure,before_recovery,108,2.2155497158971516,1.871975321152683,320,10,7156410,0,False,279.0609579969896,,,,0.0,,,,
seed7_failure_before_recovery_cycle108.npz,7,failure,before_recovery,108,2.2155497158971516,1.871975321152683,320,11,7156411,0,False,278.34099999745376,,,,0.0,,,,
seed7_failure_before_recovery_cycle108.npz,7,failure,before_recovery,108,2.2155497158971516,1.871975321152683,320,12,7156412,0,False,301.6920419904636,,,,0.0,,,,
seed7_failure_before_recovery_cycle108.npz,7,failure,before_recovery,108,2.2155497158971516,1.871975321152683,320,13,7156413,0,False,294.36570800316986,,,,0.0,,,,
seed7_failure_before_recovery_cycle108.npz,7,failure,before_recovery,108,2.2155497158971516,1.871975321152683,320,14,7156414,0,False,266.10995800001547,,,,0.0,,,,
seed7_failure_before_recovery_cycle108.npz,7,failure,before_recovery,108,2.2155497158971516,1.871975321152683,320,15,7156415,0,False,246.71866701100953,,,,0.0,,,,
seed7_failure_before_recovery_cycle108.npz,7,failure,before_recovery,108,2.2155497158971516,1.871975321152683,320,16,7156416,0,False,243.353042009403,,,,0.0,,,,
seed7_failure_before_recovery_cycle108.npz,7,failure,before_recovery,108,2.2155497158971516,1.871975321152683,320,17,7156417,0,False,231.8281250045402,,,,0.0,,,,
seed7_failure_before_recovery_cycle108.npz,7,failure,before_recovery,108,2.2155497158971516,1.871975321152683,320,18,7156418,0,False,235.81037498661317,,,,0.0,,,,
seed7_failure_before_recovery_cycle108.npz,7,failure,before_recovery,108,2.2155497158971516,1.871975321152683,320,19,7156419,0,False,249.9997079867171,,,,0.0,,,,
seed7_failure_before_recovery_cycle108.npz,7,failure,before_recovery,108,2.2155497158971516,1.871975321152683,640,0,7162800,0,False,586.6220419993624,,,,0.0,,,,
seed7_failure_before_recovery_cycle108.npz,7,failure,before_recovery,108,2.2155497158971516,1.871975321152683,640,1,7162801,0,False,577.3463749937946,,,,0.0,,,,
seed7_failure_before_recovery_cycle108.npz,7,failure,before_recovery,108,2.2155497158971516,1.871975321152683,640,2,7162802,0,False,498.47395801043604,,,,0.0,,,,
seed7_failure_before_recovery_cycle108.npz,7,failure,before_recovery,108,2.2155497158971516,1.871975321152683,640,3,7162803,0,False,516.8700420035748,,,,0.0,,,,
seed7_failure_before_recovery_cycle108.npz,7,failure,before_recovery,108,2.2155497158971516,1.871975321152683,640,4,7162804,0,False,611.5526659996249,,,,0.0,,,,
seed7_failure_before_recovery_cycle108.npz,7,failure,before_recovery,108,2.2155497158971516,1.871975321152683,640,5,7162805,0,False,552.8051250003045,,,,0.0,,,,
seed7_failure_before_recovery_cycle108.npz,7,failure,before_recovery,108,2.2155497158971516,1.871975321152683,640,6,7162806,0,False,536.2967919936636,,,,0.0,,,,
seed7_failure_before_recovery_cycle108.npz,7,failure,before_recovery,108,2.2155497158971516,1.871975321152683,640,7,7162807,0,False,564.1562499949941,,,,0.0,,,,
seed7_failure_before_recovery_cycle108.npz,7,failure,before_recovery,108,2.2155497158971516,1.871975321152683,640,8,7162808,0,False,579.3122500035679,,,,0.0,,,,
seed7_failure_before_recovery_cycle108.npz,7,failure,before_recovery,108,2.2155497158971516,1.871975321152683,640,9,7162809,0,False,557.0669589942554,,,,0.0,,,,
seed7_failure_before_recovery_cycle108.npz,7,failure,before_recovery,108,2.2155497158971516,1.871975321152683,640,10,7162810,0,False,615.3097909991629,,,,0.0,,,,
seed7_failure_before_recovery_cycle108.npz,7,failure,before_recovery,108,2.2155497158971516,1.871975321152683,640,11,7162811,0,False,545.9108329960145,,,,0.0,,,,
seed7_failure_before_recovery_cycle108.npz,7,failure,before_recovery,108,2.2155497158971516,1.871975321152683,640,12,7162812,0,False,535.1944580033887,,,,0.0,,,,
seed7_failure_before_recovery_cycle108.npz,7,failure,before_recovery,108,2.2155497158971516,1.871975321152683,640,13,7162813,0,False,540.0594170059776,,,,0.0,,,,
seed7_failure_before_recovery_cycle108.npz,7,failure,before_recovery,108,2.2155497158971516,1.871975321152683,640,14,7162814,0,False,508.1321660109097,,,,0.0,,,,
seed7_failure_before_recovery_cycle108.npz,7,failure,before_recovery,108,2.2155497158971516,1.871975321152683,640,15,7162815,0,False,513.5864589974517,,,,0.0,,,,
seed7_failure_before_recovery_cycle108.npz,7,failure,before_recovery,108,2.2155497158971516,1.871975321152683,640,16,7162816,0,False,531.2559589947341,,,,0.0,,,,
seed7_failure_before_recovery_cycle108.npz,7,failure,before_recovery,108,2.2155497158971516,1.871975321152683,640,17,7162817,0,False,571.738083002856,,,,0.0,,,,
seed7_failure_before_recovery_cycle108.npz,7,failure,before_recovery,108,2.2155497158971516,1.871975321152683,640,18,7162818,0,False,740.8188749977853,,,,0.0,,,,
seed7_failure_before_recovery_cycle108.npz,7,failure,before_recovery,108,2.2155497158971516,1.871975321152683,640,19,7162819,0,False,605.5259999993723,,,,0.0,,,,
seed7_control_control_1_cycle40.npz,7,control,control_1,40,7.774041752823158,46.0822339730506,80,0,7161600,74,True,73.09325000096578,-140987.92790735568,348.5764479461941,348.5764479461941,1.0,1.8259872183075094,4.918033731434467,"[8.0747119117335, -0.8525857232830032, -0.004924334409838375, 0.4218430521203869]","[8.690548676947575, -0.4643070586347583, 0.05869856692109718, 0.05284629860129617]"
seed7_control_control_1_cycle40.npz,7,control,control_1,40,7.774041752823158,46.0822339730506,80,1,7161601,76,True,72.40099999762606,-140639.3514594095,44.57597709214315,44.57597709214315,1.0,1.7842473344212575,4.8904111662953715,"[8.074041752823167, 0.0, 0.0, 0.0]","[8.683236584541199, -0.21301478127095655, 0.06017586724404869, -0.0050075909790926795]"
seed7_control_control_1_cycle40.npz,7,control,control_1,40,7.774041752823158,46.0822339730506,80,2,7161602,74,True,65.00541701097973,-140797.60952518013,158.25806577064213,158.25806577064213,1.0,2.049130684879224,4.9170672599827965,"[9.240634078533727, 0.10066165059721006, 0.2172973564512338, 0.04782330342948679]","[9.033214282254367, -0.18281628609179354, 0.12536507417941883, 0.009339400049753357]"
seed7_control_control_1_cycle40.npz,7,control,control_1,40,7.774041752823158,46.0822339730506,80,3,7161603,77,True,64.24574999255128,-140639.3514594095,885.8065222737205,885.8065222737205,1.0,1.7842473344212575,4.8904111662953715,"[8.074041752823167, 0.0, 0.0, 0.0]","[8.683236584541199, -0.21301478127095655, 0.06017586724404869, -0.0050075909790926795]"
seed7_control_control_1_cycle40.npz,7,control,control_1,40,7.774041752823158,46.0822339730506,80,4,7161604,78,True,65.21904100372922,-140639.3514594095,807.0339724610967,807.0339724610967,1.0,1.7842473344212575,4.8904111662953715,"[8.074041752823167, 0.0, 0.0, 0.0]","[8.683236584541199, -0.21301478127095655, 0.06017586724404869, -0.0050075909790926795]"
seed7_control_control_1_cycle40.npz,7,control,control_1,40,7.774041752823158,46.0822339730506,80,5,7161605,78,True,64.25404200854246,-140639.3514594095,591.5560753808822,591.5560753808822,1.0,1.7842473344212575,4.8904111662953715,"[8.074041752823167, 0.0, 0.0, 0.0]","[8.683236584541199, -0.21301478127095655, 0.06017586724404869, -0.0050075909790926795]"
seed7_control_control_1_cycle40.npz,7,control,control_1,40,7.774041752823158,46.0822339730506,80,6,7161606,77,True,64.9555409909226,-140639.3514594095,1384.7465981223213,1384.7465981223213,1.0,1.7842473344212575,4.8904111662953715,"[8.074041752823167, 0.0, 0.0, 0.0]","[8.683236584541199, -0.21301478127095655, 0.06017586724404869, -0.0050075909790926795]"
seed7_control_control_1_cycle40.npz,7,control,control_1,40,7.774041752823158,46.0822339730506,80,7,7161607,74,True,64.38604199502151,-140639.3514594095,1081.0095144091756,1081.0095144091756,1.0,1.7842473344212575,4.8904111662953715,"[8.074041752823167, 0.0, 0.0, 0.0]","[8.683236584541199, -0.21301478127095655, 0.06017586724404869, -0.0050075909790926795]"
seed7_control_control_1_cycle40.npz,7,control,control_1,40,7.774041752823158,46.0822339730506,80,8,7161608,80,True,65.61641699227039,-140639.3514594095,506.74205635485123,506.74205635485123,1.0,1.7842473344212575,4.8904111662953715,"[8.074041752823167, 0.0, 0.0, 0.0]","[8.683236584541199, -0.21301478127095655, 0.06017586724404869, -0.0050075909790926795]"
seed7_control_control_1_cycle40.npz,7,control,control_1,40,7.774041752823158,46.0822339730506,80,9,7161609,78,True,64.8243749892572,-140639.3514594095,974.9439104731719,974.9439104731719,1.0,1.7842473344212575,4.8904111662953715,"[8.074041752823167, 0.0, 0.0, 0.0]","[8.683236584541199, -0.21301478127095655, 0.06017586724404869, -0.0050075909790926795]"
seed7_control_control_1_cycle40.npz,7,control,control_1,40,7.774041752823158,46.0822339730506,80,10,7161610,73,True,65.24220899154898,-140639.3514594095,549.5401363729034,549.5401363729034,1.0,1.7842473344212575,4.8904111662953715,"[8.074041752823167, 0.0, 0.0, 0.0]","[8.683236584541199, -0.21301478127095655, 0.06017586724404869, -0.0050075909790926795]"
seed7_control_control_1_cycle40.npz,7,control,control_1,40,7.774041752823158,46.0822339730506,80,11,7161611,76,True,64.27708399132825,-140639.3514594095,817.8901023590006,817.8901023590006,1.0,1.7842473344212575,4.8904111662953715,"[8.074041752823167, 0.0, 0.0, 0.0]","[8.683236584541199, -0.21301478127095655, 0.06017586724404869, -0.0050075909790926795]"
seed7_control_control_1_cycle40.npz,7,control,control_1,40,7.774041752823158,46.0822339730506,80,12,7161612,78,True,64.95874999382067,-140639.3514594095,1231.0056280521385,1231.0056280521385,1.0,1.7842473344212575,4.8904111662953715,"[8.074041752823167, 0.0, 0.0, 0.0]","[8.683236584541199, -0.21301478127095655, 0.06017586724404869, -0.0050075909790926795]"
seed7_control_control_1_cycle40.npz,7,control,control_1,40,7.774041752823158,46.0822339730506,80,13,7161613,77,True,64.71974999294616,-140639.3514594095,989.9058541617997,989.9058541617997,1.0,1.7842473344212575,4.8904111662953715,"[8.074041752823167, 0.0, 0.0, 0.0]","[8.683236584541199, -0.21301478127095655, 0.06017586724404869, -0.0050075909790926795]"
seed7_control_control_1_cycle40.npz,7,control,control_1,40,7.774041752823158,46.0822339730506,80,14,7161614,77,True,65.20145900140051,-140639.3514594095,506.70433459067135,506.70433459067135,1.0,1.7842473344212575,4.8904111662953715,"[8.074041752823167, 0.0, 0.0, 0.0]","[8.683236584541199, -0.21301478127095655, 0.06017586724404869, -0.0050075909790926795]"
seed7_control_control_1_cycle40.npz,7,control,control_1,40,7.774041752823158,46.0822339730506,80,15,7161615,77,True,64.08495899813715,-140639.3514594095,1038.9887821688608,1038.9887821688608,1.0,1.7842473344212575,4.8904111662953715,"[8.074041752823167, 0.0, 0.0, 0.0]","[8.683236584541199, -0.21301478127095655, 0.06017586724404869, -0.0050075909790926795]"
seed7_control_control_1_cycle40.npz,7,control,control_1,40,7.774041752823158,46.0822339730506,80,16,7161616,74,True,65.27195801027119,-140639.3514594095,302.7682494353503,302.7682494353503,1.0,1.7842473344212575,4.8904111662953715,"[8.074041752823167, 0.0, 0.0, 0.0]","[8.683236584541199, -0.21301478127095655, 0.06017586724404869, -0.0050075909790926795]"
seed7_control_control_1_cycle40.npz,7,control,control_1,40,7.774041752823158,46.0822339730506,80,17,7161617,80,True,63.90974999521859,-140639.3514594095,580.8579185721173,580.8579185721173,1.0,1.7842473344212575,4.8904111662953715,"[8.074041752823167, 0.0, 0.0, 0.0]","[8.683236584541199, -0.21301478127095655, 0.06017586724404869, -0.0050075909790926795]"
seed7_control_control_1_cycle40.npz,7,control,control_1,40,7.774041752823158,46.0822339730506,80,18,7161618,76,True,65.16129200463183,-140639.3514594095,899.074340404477,899.074340404477,1.0,1.7842473344212575,4.8904111662953715,"[8.074041752823167, 0.0, 0.0, 0.0]","[8.683236584541199, -0.21301478127095655, 0.06017586724404869, -0.0050075909790926795]"
seed7_control_control_1_cycle40.npz,7,control,control_1,40,7.774041752823158,46.0822339730506,80,19,7161619,77,True,64.12866699974984,-140639.3514594095,345.7237838564906,345.7237838564906,1.0,1.7842473344212575,4.8904111662953715,"[8.074041752823167, 0.0, 0.0, 0.0]","[8.683236584541199, -0.21301478127095655, 0.06017586724404869, -0.0050075909790926795]"
seed7_control_control_1_cycle40.npz,7,control,control_1,40,7.774041752823158,46.0822339730506,160,0,7163200,155,True,120.4568749963073,-140639.3514594095,265.9269927882415,265.9269927882415,1.0,1.7842473344212575,4.8904111662953715,"[8.074041752823167, 0.0, 0.0, 0.0]","[8.683236584541199, -0.21301478127095655, 0.06017586724404869, -0.0050075909790926795]"
seed7_control_control_1_cycle40.npz,7,control,control_1,40,7.774041752823158,46.0822339730506,160,1,7163201,150,True,119.62483300885651,-140639.3514594095,794.957060114597,794.957060114597,1.0,1.7842473344212575,4.8904111662953715,"[8.074041752823167, 0.0, 0.0, 0.0]","[8.683236584541199, -0.21301478127095655, 0.06017586724404869, -0.0050075909790926795]"
seed7_control_control_1_cycle40.npz,7,control,control_1,40,7.774041752823158,46.0822339730506,160,2,7163202,153,True,120.28558299061842,-140639.3514594095,4.036295471276389,4.036295471276389,1.0353145500944294,1.7842473344212575,4.8904111662953715,"[8.074041752823167, 0.0, 0.0, 0.0]","[8.683236584541199, -0.21301478127095655, 0.06017586724404869, -0.0050075909790926795]"
seed7_control_control_1_cycle40.npz,7,control,control_1,40,7.774041752823158,46.0822339730506,160,3,7163203,151,True,119.18662500102073,-140900.7518286733,261.4003692638071,261.4003692638071,1.0,2.3351863272096183,4.87995926341523,"[7.893960429129738, -1.9331966520579258, 0.017824190598963275, -0.6]","[8.781740718176236, -0.5564336830971128, 0.06552312442373767, -0.06715370139870383]"
seed7_control_control_1_cycle40.npz,7,control,control_1,40,7.774041752823158,46.0822339730506,160,4,7163204,146,True,119.21862499730196,-140639.3514594095,827.2763352910115,827.2763352910115,1.0,1.7842473344212575,4.8904111662953715,"[8.074041752823167, 0.0, 0.0, 0.0]","[8.683236584541199, -0.21301478127095655, 0.06017586724404869, -0.0050075909790926795]"
seed7_control_control_1_cycle40.npz,7,control,control_1,40,7.774041752823158,46.0822339730506,160,5,7163205,146,True,126.5127500082599,-140639.3514594095,1074.3897897898278,1074.3897897898278,1.0,1.7842473344212575,4.8904111662953715,"[8.074041752823167, 0.0, 0.0, 0.0]","[8.683236584541199, -0.21301478127095655, 0.06017586724404869, -0.0050075909790926795]"
seed7_control_control_1_cycle40.npz,7,control,control_1,40,7.774041752823158,46.0822339730506,160,6,7163206,152,True,119.48929200298153,-140639.3514594095,759.9490989364858,759.9490989364858,1.0,1.7842473344212575,4.8904111662953715,"[8.074041752823167, 0.0, 0.0, 0.0]","[8.683236584541199, -0.21301478127095655, 0.06017586724404869, -0.0050075909790926795]"
seed7_control_control_1_cycle40.npz,7,control,control_1,40,7.774041752823158,46.0822339730506,160,7,7163207,155,True,114.6910000097705,-140639.3514594095,519.3949079410522,519.3949079410522,1.0,1.7842473344212575,4.8904111662953715,"[8.074041752823167, 0.0, 0.0, 0.0]","[8.683236584541199, -0.21301478127095655, 0.06017586724404869, -0.0050075909790926795]"
seed7_control_control_1_cycle40.npz,7,control,control_1,40,7.774041752823158,46.0822339730506,160,8,7163208,146,True,111.85329100408126,-140639.3514594095,242.15310333447997,242.15310333447997,1.0,1.7842473344212575,4.8904111662953715,"[8.074041752823167, 0.0, 0.0, 0.0]","[8.683236584541199, -0.21301478127095655, 0.06017586724404869, -0.0050075909790926795]"
seed7_control_control_1_cycle40.npz,7,control,control_1,40,7.774041752823158,46.0822339730506,160,9,7163209,152,True,123.4678329929011,-140639.3514594095,527.1494270981639,527.1494270981639,1.0,1.7842473344212575,4.8904111662953715,"[8.074041752823167, 0.0, 0.0, 0.0]","[8.683236584541199, -0.21301478127095655, 0.06017586724404869, -0.0050075909790926795]"
seed7_control_control_1_cycle40.npz,7,control,control_1,40,7.774041752823158,46.0822339730506,160,10,7163210,153,True,119.81270799878985,-140639.3514594095,479.11214741072035,479.11214741072035,1.0,1.7842473344212575,4.8904111662953715,"[8.074041752823167, 0.0, 0.0, 0.0]","[8.683236584541199, -0.21301478127095655, 0.06017586724404869, -0.0050075909790926795]"
seed7_control_control_1_cycle40.npz,7,control,control_1,40,7.774041752823158,46.0822339730506,160,11,7163211,155,True,133.20504198782146,-140639.3514594095,685.1921928864904,685.1921928864904,1.0,1.7842473344212575,4.8904111662953715,"[8.074041752823167, 0.0, 0.0, 0.0]","[8.683236584541199, -0.21301478127095655, 0.06017586724404869, -0.0050075909790926795]"
seed7_control_control_1_cycle40.npz,7,control,control_1,40,7.774041752823158,46.0822339730506,160,12,7163212,152,True,134.30254100239836,-140639.3514594095,575.1560902488127,575.1560902488127,1.0,1.7842473344212575,4.8904111662953715,"[8.074041752823167, 0.0, 0.0, 0.0]","[8.683236584541199, -0.21301478127095655, 0.06017586724404869, -0.0050075909790926795]"
seed7_control_control_1_cycle40.npz,7,control,control_1,40,7.774041752823158,46.0822339730506,160,13,7163213,156,True,139.94162500603124,-140639.3514594095,550.4962188095378,550.4962188095378,1.0,1.7842473344212575,4.8904111662953715,"[8.074041752823167, 0.0, 0.0, 0.0]","[8.683236584541199, -0.21301478127095655, 0.06017586724404869, -0.0050075909790926795]"
seed7_control_control_1_cycle40.npz,7,control,control_1,40,7.774041752823158,46.0822339730506,160,14,7163214,149,True,128.6581250024028,-140639.3514594095,993.2779486256768,993.2779486256768,1.0,1.7842473344212575,4.8904111662953715,"[8.074041752823167, 0.0, 0.0, 0.0]","[8.683236584541199, -0.21301478127095655, 0.06017586724404869, -0.0050075909790926795]"
seed7_control_control_1_cycle40.npz,7,control,control_1,40,7.774041752823158,46.0822339730506,160,15,7163215,151,True,128.8815410080133,-140639.3514594095,878.9110448274296,878.9110448274296,1.0,1.7842473344212575,4.8904111662953715,"[8.074041752823167, 0.0, 0.0, 0.0]","[8.683236584541199, -0.21301478127095655, 0.06017586724404869, -0.0050075909790926795]"
seed7_control_control_1_cycle40.npz,7,control,control_1,40,7.774041752823158,46.0822339730506,160,16,7163216,149,True,119.85154099238571,-140639.3514594095,73.97409949559369,73.97409949559369,1.0,1.7842473344212575,4.8904111662953715,"[8.074041752823167, 0.0, 0.0, 0.0]","[8.683236584541199, -0.21301478127095655, 0.06017586724404869, -0.0050075909790926795]"
seed7_control_control_1_cycle40.npz,7,control,control_1,40,7.774041752823158,46.0822339730506,160,17,7163217,154,True,118.95158300467301,-140639.3514594095,437.1105999898282,437.1105999898282,1.0,1.7842473344212575,4.8904111662953715,"[8.074041752823167, 0.0, 0.0, 0.0]","[8.683236584541199, -0.21301478127095655, 0.06017586724404869, -0.0050075909790926795]"
seed7_control_control_1_cycle40.npz,7,control,control_1,40,7.774041752823158,46.0822339730506,160,18,7163218,151,True,118.97949999547563,-140758.6441171994,119.29265778991976,119.29265778991976,1.0,2.463622422259189,4.938979544384487,"[8.624410411357795, 0.13323886189368225, -0.21377330415174178, 0.6]","[8.848347182101586, -0.17304312270285188, 0.04596552463435527, 0.05284629860129617]"
seed7_control_control_1_cycle40.npz,7,control,control_1,40,7.774041752823158,46.0822339730506,160,19,7163219,149,True,119.31370799720753,-140857.62942245955,218.27796305005904,218.27796305005904,1.0,2.0463387289975707,4.907255038565296,"[8.928305953783214, -0.8938240340804584, -0.28016198152089, 0.15428291439462546]","[8.939515844829213, -0.4811619914950941, 0.04596552463435527, 0.041277283339294965]"
seed7_control_control_1_cycle40.npz,7,control,control_1,40,7.774041752823158,46.0822339730506,320,0,7166400,306,True,234.95491698849946,-141204.05264030246,564.7011808929674,564.7011808929674,1.0,2.1142943244434313,4.844342024929675,"[8.83051374932811, -0.31363898227446807, 0.11291141528960374, -0.03298556552163304]","[8.91017818349268, -0.307106475953297, 0.09404929183092982, -0.01490326063558259]"
seed7_control_control_1_cycle40.npz,7,control,control_1,40,7.774041752823158,46.0822339730506,320,1,7166401,296,True,255.44041699322406,-141123.4274085615,436.87086750310846,436.87086750310846,1.0,2.1547200276008853,4.944312951467958,"[9.814508472772918, -0.30493719788530416, 0.6, -0.22647430992609496]","[9.205376600526122, -0.3044959406365478, 0.12596552463435529, -0.06715370139870383]"
seed7_control_control_1_cycle40.npz,7,control,control_1,40,7.774041752823158,46.0822339730506,320,2,7166402,296,True,292.51241601014044,-140639.3514594095,324.8702182591078,324.8702182591078,1.0,1.7842473344212575,4.8904111662953715,"[8.074041752823167, 0.0, 0.0, 0.0]","[8.683236584541199, -0.21301478127095655, 0.06017586724404869, -0.0050075909790926795]"
seed7_control_control_1_cycle40.npz,7,control,control_1,40,7.774041752823158,46.0822339730506,320,3,7166403,305,True,275.63770799315535,-140797.32769226952,157.97623286003363,157.97623286003363,1.0,2.6210584267858033,4.944388029607407,"[9.371754869142153, -0.7877540988372354, 0.18836811012493743, 0.24995801327630557]","[9.072550519436893, -0.44934101092212714, 0.11668630028152992, 0.05284629860129617]"
seed7_control_control_1_cycle40.npz,7,control,control_1,40,7.774041752823158,46.0822339730506,320,4,7166404,308,True,240.20699999528006,-140639.3514594095,202.35817395785125,202.35817395785125,1.0,1.7842473344212575,4.8904111662953715,"[8.074041752823167, 0.0, 0.0, 0.0]","[8.683236584541199, -0.21301478127095655, 0.06017586724404869, -0.0050075909790926795]"
seed7_control_control_1_cycle40.npz,7,control,control_1,40,7.774041752823158,46.0822339730506,320,5,7166405,304,True,224.40987499430776,-140639.3514594095,70.70537230951595,70.70537230951595,1.0,1.7842473344212575,4.8904111662953715,"[8.074041752823167, 0.0, 0.0, 0.0]","[8.683236584541199, -0.21301478127095655, 0.06017586724404869, -0.0050075909790926795]"
seed7_control_control_1_cycle40.npz,7,control,control_1,40,7.774041752823158,46.0822339730506,320,6,7166406,306,True,217.64808300940786,-140639.3514594095,132.45846640045056,132.45846640045056,1.0,1.7842473344212575,4.8904111662953715,"[8.074041752823167, 0.0, 0.0, 0.0]","[8.683236584541199, -0.21301478127095655, 0.06017586724404869, -0.0050075909790926795]"
seed7_control_control_1_cycle40.npz,7,control,control_1,40,7.774041752823158,46.0822339730506,320,7,7166407,307,True,213.46254099626094,-140770.49767916254,91.29650343101821,91.29650343101821,1.0,2.1337756162931107,4.889318048289982,"[8.67942352030652, -0.06540188216027253, 0.11166351594424308, 0.013847169175023545]","[8.864851114786203, -0.2326353459190383, 0.09367492202732161, -0.0008534402265856153]"
seed7_control_control_1_cycle40.npz,7,control,control_1,40,7.774041752823158,46.0822339730506,320,8,7166408,302,True,228.25850000663195,-140639.3514594095,87.31210923744948,87.31210923744948,1.0,1.7842473344212575,4.8904111662953715,"[8.074041752823167, 0.0, 0.0, 0.0]","[8.683236584541199, -0.21301478127095655, 0.06017586724404869, -0.0050075909790926795]"
seed7_control_control_1_cycle40.npz,7,control,control_1,40,7.774041752823158,46.0822339730506,320,9,7166409,296,True,237.13695799233392,-140750.5776586569,111.22619924740866,111.22619924740866,1.0,2.0301155410699057,4.944378080860037,"[9.462277403186304, -0.8378910196387432, 0.17604338118853005, -0.3696902899918637]","[9.09970727965014, -0.4643820871625795, 0.11298888160060772, -0.06715370139870383]"
seed7_control_control_1_cycle40.npz,7,control,control_1,40,7.774041752823158,46.0822339730506,320,10,7166410,309,True,261.6850839986,-140639.3514594095,275.2310136445449,275.2310136445449,1.0,1.7842473344212575,4.8904111662953715,"[8.074041752823167, 0.0, 0.0, 0.0]","[8.683236584541199, -0.21301478127095655, 0.06017586724404869, -0.0050075909790926795]"
seed7_control_control_1_cycle40.npz,7,control,control_1,40,7.774041752823158,46.0822339730506,320,11,7166411,302,True,263.07179099239875,-140639.3514594095,19.819945286144502,19.819945286144502,1.000000004935568,1.7842473344212575,4.8904111662953715,"[8.074041752823167, 0.0, 0.0, 0.0]","[8.683236584541199, -0.21301478127095655, 0.06017586724404869, -0.0050075909790926795]"
seed7_control_control_1_cycle40.npz,7,control,control_1,40,7.774041752823158,46.0822339730506,320,12,7166412,301,True,245.18300000636373,-141473.04394313166,532.2686043579015,532.2686043579015,1.0,1.9512469892794242,4.8194033947863995,"[9.465063209380041, -0.8397676055459335, -0.11044878727149399, -0.09333955426876116]","[9.10054302150826, -0.4649450629347366, 0.04596552463435527, -0.03300945725972102]"
seed7_control_control_1_cycle40.npz,7,control,control_1,40,7.774041752823158,46.0822339730506,320,13,7166413,309,True,242.2056669893209,-140639.3514594095,92.81737384560984,92.81737384560984,1.0,1.7842473344212575,4.8904111662953715,"[8.074041752823167, 0.0, 0.0, 0.0]","[8.683236584541199, -0.21301478127095655, 0.06017586724404869, -0.0050075909790926795]"
seed7_control_control_1_cycle40.npz,7,control,control_1,40,7.774041752823158,46.0822339730506,320,14,7166414,300,True,233.6650419892976,-140639.3514594095,546.3875611877011,546.3875611877011,1.0,1.7842473344212575,4.8904111662953715,"[8.074041752823167, 0.0, 0.0, 0.0]","[8.683236584541199, -0.21301478127095655, 0.06017586724404869, -0.0050075909790926795]"
seed7_control_control_1_cycle40.npz,7,control,control_1,40,7.774041752823158,46.0822339730506,320,15,7166415,304,True,228.301792012644,-140639.3514594095,532.1394140414486,532.1394140414486,1.0,1.7842473344212575,4.8904111662953715,"[8.074041752823167, 0.0, 0.0, 0.0]","[8.683236584541199, -0.21301478127095655, 0.06017586724404869, -0.0050075909790926795]"
seed7_control_control_1_cycle40.npz,7,control,control_1,40,7.774041752823158,46.0822339730506,320,16,7166416,300,True,244.78775000898167,-140639.3514594095,259.2680267749529,259.2680267749529,1.0,1.7842473344212575,4.8904111662953715,"[8.074041752823167, 0.0, 0.0, 0.0]","[8.683236584541199, -0.21301478127095655, 0.06017586724404869, -0.0050075909790926795]"
seed7_control_control_1_cycle40.npz,7,control,control_1,40,7.774041752823158,46.0822339730506,320,17,7166417,302,True,266.69879200926516,-140639.3514594095,146.57877975769225,146.57877975769225,1.0,1.7842473344212575,4.8904111662953715,"[8.074041752823167, 0.0, 0.0, 0.0]","[8.683236584541199, -0.21301478127095655, 0.06017586724404869, -0.0050075909790926795]"
seed7_control_control_1_cycle40.npz,7,control,control_1,40,7.774041752823158,46.0822339730506,320,18,7166418,300,True,261.3383749994682,-140639.3514594095,574.0887276527938,574.0887276527938,1.0,1.7842473344212575,4.8904111662953715,"[8.074041752823167, 0.0, 0.0, 0.0]","[8.683236584541199, -0.21301478127095655, 0.06017586724404869, -0.0050075909790926795]"
seed7_control_control_1_cycle40.npz,7,control,control_1,40,7.774041752823158,46.0822339730506,320,19,7166419,304,True,237.18020800151862,-140669.91328612994,30.56182672045543,30.56182672045543,1.0000000000001066,2.3433513385183207,4.9445105320997635,"[8.301774797883974, -0.8431185592615205, 0.12035379368158532, 0.44795559192667483]","[8.75155649805944, -0.4659503490494127, 0.0962820053485243, 0.05284629860129617]"
seed7_control_control_1_cycle40.npz,7,control,control_1,40,7.774041752823158,46.0822339730506,640,0,7172800,592,True,455.95895798760466,-140852.12261951985,212.7711601103656,212.7711601103656,1.0,2.0388486281766864,4.944436812080411,"[9.162015043214375, 1.2665500955331768, -0.27636678033279044, 0.2554164543080299]","[8.985501581594862, -0.0071467990177840335, 0.04596552463435527, 0.05284629860129617]"
seed7_control_control_1_cycle40.npz,7,control,control_1,40,7.774041752823158,46.0822339730506,640,1,7172801,605,True,451.9322919950355,-140724.68683328535,85.33537387585966,85.33537387585966,1.0,2.331847491174541,4.944301793845248,"[9.593853092521421, 0.7019495107438594, 0.08334463375967391, -0.12712871506237278]","[9.107017455738218, -0.052256110927053456, 0.08517925737195087, -0.043146205497804506]"
seed7_control_control_1_cycle40.npz,7,control,control_1,40,7.774041752823158,46.0822339730506,640,2,7172802,606,True,568.2286250084871,-140819.51871989315,180.167260483664,180.167260483664,1.0,1.9414558869429122,4.94444118309792,"[8.88633257984591, -1.442355115378917, 0.12766512881804165, 0.08563381238370758]","[8.929053848883338, -0.6039181487146359, 0.09847540588946119, 0.0206825527360196]"
seed7_control_control_1_cycle40.npz,7,control,control_1,40,7.774041752823158,46.0822339730506,640,3,7172803,600,True,551.0122920095455,-140639.3514594095,555.3845233244065,555.3845233244065,1.0,1.7842473344212575,4.8904111662953715,"[8.074041752823167, 0.0, 0.0, 0.0]","[8.683236584541199, -0.21301478127095655, 0.06017586724404869, -0.0050075909790926795]"
seed7_control_control_1_cycle40.npz,7,control,control_1,40,7.774041752823158,46.0822339730506,640,4,7172804,593,True,455.1229999924544,-140639.3514594095,156.1928609815077,156.1928609815077,1.0,1.7842473344212575,4.8904111662953715,"[8.074041752823167, 0.0, 0.0, 0.0]","[8.683236584541199, -0.21301478127095655, 0.06017586724404869, -0.0050075909790926795]"
seed7_control_control_1_cycle40.npz,7,control,control_1,40,7.774041752823158,46.0822339730506,640,5,7172805,603,True,429.6625000133645,-140639.3514594095,38.18365761556197,38.18365761556197,1.0,1.7842473344212575,4.8904111662953715,"[8.074041752823167, 0.0, 0.0, 0.0]","[8.683236584541199, -0.21301478127095655, 0.06017586724404869, -0.0050075909790926795]"
seed7_control_control_1_cycle40.npz,7,control,control_1,40,7.774041752823158,46.0822339730506,640,6,7172806,602,True,449.3203750025714,-140639.3514594095,187.7714730753505,187.7714730753505,1.0,1.7842473344212575,4.8904111662953715,"[8.074041752823167, 0.0, 0.0, 0.0]","[8.683236584541199, -0.21301478127095655, 0.06017586724404869, -0.0050075909790926795]"
seed7_control_control_1_cycle40.npz,7,control,control_1,40,7.774041752823158,46.0822339730506,640,7,7172807,607,True,431.04745799792,-141310.14221383035,343.8678070658643,343.8678070658643,1.0,1.976259757761691,4.83381309753647,"[8.926081977119773, -1.8493292422446057, -0.05307341806183025, -0.17680389474729052]","[8.940779001978838, -0.6042859308910815, 0.04596552463435527, -0.05804875940327983]"
seed7_control_control_1_cycle40.npz,7,control,control_1,40,7.774041752823158,46.0822339730506,640,8,7172808,606,True,445.43904199963436,-140639.3514594095,51.1855020041985,51.1855020041985,1.0,1.7842473344212575,4.8904111662953715,"[8.074041752823167, 0.0, 0.0, 0.0]","[8.683236584541199, -0.21301478127095655, 0.06017586724404869, -0.0050075909790926795]"
seed7_control_control_1_cycle40.npz,7,control,control_1,40,7.774041752823158,46.0822339730506,640,9,7172809,597,True,445.3502499964088,-140717.2221286295,77.87066922002123,77.87066922002123,1.0,2.2478128541154723,4.7451415854010435,"[9.208865469262898, 0.9154259974278287, 0.05905900156055654, 0.2576533485441634]","[9.007908061661281, -0.011123322873893227, 0.07789356771221566, 0.05284629860129617]"
seed7_control_control_1_cycle40.npz,7,control,control_1,40,7.774041752823158,46.0822339730506,640,10,7172810,614,True,437.09062499692664,-140639.3514594095,226.57990492883255,226.57990492883255,1.0,1.7842473344212575,4.8904111662953715,"[8.074041752823167, 0.0, 0.0, 0.0]","[8.683236584541199, -0.21301478127095655, 0.06017586724404869, -0.0050075909790926795]"
seed7_control_control_1_cycle40.npz,7,control,control_1,40,7.774041752823158,46.0822339730506,640,11,7172811,602,True,431.75529199652374,-140639.3514594095,250.76520363328746,250.76520363328746,1.0,1.7842473344212575,4.8904111662953715,"[8.074041752823167, 0.0, 0.0, 0.0]","[8.683236584541199, -0.21301478127095655, 0.06017586724404869, -0.0050075909790926795]"
seed7_control_control_1_cycle40.npz,7,control,control_1,40,7.774041752823158,46.0822339730506,640,12,7172812,599,True,423.36108299787156,-140762.39335039747,85.99933210093877,85.99933210093877,1.0,2.0968002862676234,4.844130746708077,"[9.036481189318385, 0.9769411468933904, -0.5049894246240421, 0.37921226491012167]","[8.965843693522334, -0.005079936163605692, 0.04596552463435527, 0.05284629860129617]"
seed7_control_control_1_cycle40.npz,7,control,control_1,40,7.774041752823158,46.0822339730506,640,13,7172813,594,True,421.9978750043083,-140639.3514594095,115.22337268127012,115.22337268127012,1.0,1.7842473344212575,4.8904111662953715,"[8.074041752823167, 0.0, 0.0, 0.0]","[8.683236584541199, -0.21301478127095655, 0.06017586724404869, -0.0050075909790926795]"
seed7_control_control_1_cycle40.npz,7,control,control_1,40,7.774041752823158,46.0822339730506,640,14,7172814,602,True,419.72824999538716,-140639.3514594095,466.3576159212389,466.3576159212389,1.0,1.7842473344212575,4.8904111662953715,"[8.074041752823167, 0.0, 0.0, 0.0]","[8.683236584541199, -0.21301478127095655, 0.06017586724404869, -0.0050075909790926795]"
seed7_control_control_1_cycle40.npz,7,control,control_1,40,7.774041752823158,46.0822339730506,640,15,7172815,596,True,443.0555829894729,-140708.8912172511,49.58197284475318,49.58197284475318,1.0,2.106715812170562,4.944430901607724,"[9.042311755097991, -0.6240044840341804, 0.09296731721390777, -0.013208908006060265]","[8.973717585223644, -0.4002161264812107, 0.08806606240822103, -0.008970263380910759]"
seed7_control_control_1_cycle40.npz,7,control,control_1,40,7.774041752823158,46.0822339730506,640,16,7172816,609,True,433.3485420065699,-140639.3514594095,165.78820907170302,165.78820907170302,1.0,1.7842473344212575,4.8904111662953715,"[8.074041752823167, 0.0, 0.0, 0.0]","[8.683236584541199, -0.21301478127095655, 0.06017586724404869, -0.0050075909790926795]"
seed7_control_control_1_cycle40.npz,7,control,control_1,40,7.774041752823158,46.0822339730506,640,17,7172817,596,True,435.71125000016764,-140813.1382544866,173.78679507711786,173.78679507711786,1.0,2.1079451978106722,4.938976548579371,"[7.568272343348179, -1.0983307309248094, -0.37253607717718057, 0.3747117328617492]","[8.684476686118241, -0.4542448464329579, 0.04596552463435527, 0.05284629860129617]"
seed7_control_control_1_cycle40.npz,7,control,control_1,40,7.774041752823158,46.0822339730506,640,18,7172818,597,True,426.3480410008924,-140815.56848481353,176.2170254040393,176.2170254040393,1.0,2.156464577221511,4.944376576352879,"[9.29238006391396, 0.7329512190929592, -0.042993217004946925, 0.029215801862073173]","[9.039757615454084, -0.01989220776525691, 0.047277902142564616, 0.003757149579529273]"
seed7_control_control_1_cycle40.npz,7,control,control_1,40,7.774041752823158,46.0822339730506,640,19,7172819,609,True,427.7737079974031,-140701.06851750403,61.717058094538515,61.717058094538515,1.0,2.133592920245414,4.944373688248291,"[10.0, -1.6873052867492682, 0.6, 0.22128413176209924]","[9.126347546463824, -0.5427727668517704, 0.12596552463435529, 0.05284629860129617]"
seed7_control_control_2_cycle60.npz,7,control,control_2,60,9.014385128293084,28.593539342980996,80,0,7171600,18,True,62.37183300254401,-111138.77508278175,579.0807977293734,579.0807977293734,1.0,1.6295774072291123,2.692041448391885,"[8.701442529624194, 1.2595042784097907, 0.2852840657407938, 0.386830786499674]","[8.956418365682424, -0.12288873700342778, 0.03383019208727707, 0.15469722725216634]"
seed7_control_control_2_cycle60.npz,7,control,control_2,60,9.014385128293084,28.593539342980996,80,1,7171601,21,True,63.74870899890084,-110669.26781139354,38.53095026680967,38.53095026680967,1.0,1.8010537812493927,3.089874810592576,"[8.780378070574804, 2.2934260751689504, 0.04396080877386255, -0.19346048496367285]","[8.985426544127554, -0.11899018815460416, 0.008869377093252707, 0.034697227252166354]"
seed7_control_control_2_cycle60.npz,7,control,control_2,60,9.014385128293084,28.593539342980996,80,2,7171602,18,True,62.46962500154041,-111941.30657707363,2288.9944406983414,2288.9944406983414,1.0,1.5654899532932833,2.557643671971058,"[10.0, -0.5298281433803185, 0.3294413270913092, 0.34158562505468254]","[9.307583850139618, -0.45148708649662933, 0.03383019208727707, 0.15469722725216634]"
seed7_control_control_2_cycle60.npz,7,control,control_2,60,9.014385128293084,28.593539342980996,80,3,7171603,18,True,60.42816700937692,-111318.07666699974,1485.1932424198167,1485.1932424198167,1.0,1.7361970358928056,2.855536964640154,"[8.493456641415296, 1.0767406417883227, 0.5241000417031213, -0.12950177239192445]","[8.912701317576746, -0.13441638210726087, 0.03383019208727707, 0.034697227252166354]"
seed7_control_control_2_cycle60.npz,7,control,control_2,60,9.014385128293084,28.593539342980996,80,4,7171604,14,True,60.609332998865284,-111011.9579033671,3129.671308361023,3129.671308361023,1.0,1.6290606749614562,2.7011553372531867,"[8.003427131110339, 0.10074468744453854, 0.5888825518322452, 0.6]","[8.744108279037292, -0.2805902754372399, 0.03383019208727707, 0.15469722725216634]"
seed7_control_control_2_cycle60.npz,7,control,control_2,60,9.014385128293084,28.593539342980996,80,5,7171605,15,True,60.665791999781504,-109891.75311357324,664.6780681433447,664.6780681433447,1.0,1.5772624571851486,2.85657505371607,"[9.007506381428751, -0.4780883338635122, 0.4644578667036265, 0.08726432949897]","[9.009835764568244, -0.43596514364158745, 0.03383019208727707, 0.09246735792620744]"
seed7_control_control_2_cycle60.npz,7,control,control_2,60,9.014385128293084,28.593539342980996,80,6,7171606,22,True,60.08670800656546,-111816.38876011538,124.72080651430588,124.72080651430588,1.0,1.6833189955544543,2.6948952222852496,"[10.0, 0.8371040769328801, 0.5728684418427095, 0.07419759143719787]","[9.19653802855352, -0.18229817087712186, 0.03383019208727707, 0.08854733650767581]"
seed7_control_control_2_cycle60.npz,7,control,control_2,60,9.014385128293084,28.593539342980996,80,7,7171607,17,True,62.126000004354864,-108638.91707444252,623.1737195576861,623.1737195576861,1.0,2.1370517113650798,3.200031754590553,"[9.625259999069094, 0.6139875824932746, 0.6, 0.147099687412637]","[9.164316076419446, -0.16014641873137514, 0.03383019208727707, 0.11041796530030754]"
seed7_control_control_2_cycle60.npz,7,control,control_2,60,9.014385128293084,28.593539342980996,80,8,7171608,19,True,60.76970799767878,-112249.89136961196,1075.8428311896278,1075.8428311896278,1.0,1.7700519340826486,2.724885733082168,"[9.231716960850939, 0.5588774545742019, -0.23999677607399406, 0.147015369774796]","[9.077002813131514, -0.1253004928983133, -0.046169807912722946, 0.11039267000895525]"
seed7_control_control_2_cycle60.npz,7,control,control_2,60,9.014385128293084,28.593539342980996,80,9,7171609,18,True,59.90154200117104,-110205.15667767092,240.63477328326553,240.63477328326553,1.0,1.7485625790974448,3.0235685562367904,"[8.680675004737667, 0.8754455196069184, 0.27940594635693405, 0.12407305880963133]","[8.936631749911902, -0.12723380467508683, 0.03383019208727707, 0.10350997671940584]"
seed7_control_control_2_cycle60.npz,7,control,control_2,60,9.014385128293084,28.593539342980996,80,10,7171610,18,True,63.6651249951683,-109936.66725404815,2024.6746049230715,2024.6746049230715,1.0,1.56989096782265,3.2793974725156323,"[10.0, 1.4618382842069837, -0.15424504290388452, -0.503770521532582]","[9.150538479499222, -0.1524266073086013, -0.046169807912722946, 0.034697227252166354]"
seed7_control_control_2_cycle60.npz,7,control,control_2,60,9.014385128293084,28.593539342980996,80,11,7171611,19,True,63.49616599618457,-111011.53623264066,421.2398940481071,421.2398940481071,1.0,1.570815251659429,2.8468324089013097,"[7.910855584340185, 0.7310871224376148, 0.4343629239343496, -0.09049443281955055]","[8.803375157198827, -0.2012079435763987, 0.03383019208727707, 0.03913972923065129]"
seed7_control_control_2_cycle60.npz,7,control,control_2,60,9.014385128293084,28.593539342980996,80,12,7171612,18,True,64.17958300153259,-111764.41975922251,2249.681629984392,2249.681629984392,1.0,1.7055846321846098,2.696830889115785,"[10.0, 2.281577021133594, 0.6, -0.12944190833798463]","[9.114050967019644, -0.13622764376447655, 0.03383019208727707, 0.034697227252166354]"
seed7_control_control_2_cycle60.npz,7,control,control_2,60,9.014385128293084,28.593539342980996,80,13,7171613,19,True,63.530499988701195,-110866.18081441,299.06840220496815,299.06840220496815,1.0,2.039837151008515,2.869348443352817,"[8.013295199522025, 0.75644058785447, 0.6, 0.13767152758231807]","[8.816614284579645, -0.1892670454118677, 0.03383019208727707, 0.10758951735121186]"
seed7_control_control_2_cycle60.npz,7,control,control_2,60,9.014385128293084,28.593539342980996,80,14,7171614,16,True,63.600541005143896,-109484.50116512104,314.3783941091242,314.3783941091242,1.0,2.441156705019559,3.155292214379682,"[9.374739756226438, 0.8665971377188659, 0.3185344243769439, -0.26261629030543926]","[9.09260679966122, -0.12927205100929545, 0.03383019208727707, 0.034697227252166354]"
seed7_control_control_2_cycle60.npz,7,control,control_2,60,9.014385128293084,28.593539342980996,80,15,7171615,13,True,63.53433300682809,-108724.00360521255,841.7170102064701,841.7170102064701,1.0,1.5760674396996648,3.2883927179082186,"[8.599084250976581, 1.1869713517471294, 0.19365120890819132, -0.1260905198514253]","[8.936280491993113, -0.12732369739377414, 0.03383019208727707, 0.034697227252166354]"
seed7_control_control_2_cycle60.npz,7,control,control_2,60,9.014385128293084,28.593539342980996,80,16,7171616,16,True,63.74100000539329,-109518.76269319249,202.07921437558252,202.07921437558252,1.0,1.8873427000916136,3.293332333673341,"[8.805955471334965, 1.2239522094247954, 0.6, 0.21166781528413034]","[8.97368693320214, -0.12022108140543147, 0.03383019208727707, 0.12978840366175554]"
seed7_control_control_2_cycle60.npz,7,control,control_2,60,9.014385128293084,28.593539342980996,80,17,7171617,20,True,63.291416998254135,-111369.43203182913,283.06258461091784,283.06258461091784,1.0,1.7999016889527,2.831329832939851,"[10.0, 0.5872655810187115, 0.6, 0.6]","[9.221256178440582, -0.20408405932815304, 0.03383019208727707, 0.15469722725216634]"
seed7_control_control_2_cycle60.npz,7,control,control_2,60,9.014385128293084,28.593539342980996,80,18,7171618,14,True,57.29062500176951,-107882.28659500608,0.0,0.0,3.0,2.353422014138163,2.5036087250514085,"[8.864385128293115, 0.0, 0.0, 0.0]","[8.966899388627553, -0.2925386434825338, -0.004318865538906057, 0.06628805907651644]"
seed7_control_control_2_cycle60.npz,7,control,control_2,60,9.014385128293084,28.593539342980996,80,19,7171619,18,True,60.76429098902736,-111104.97894594306,660.7635806863982,660.7635806863982,1.0,2.1438157029731886,2.916595807275964,"[9.391314649112314, 0.44538440374642924, 0.3377841611587298, -0.5706226261485527]","[9.124978244873313, -0.158923322358605, 0.03383019208727707, 0.034697227252166354]"
seed7_control_control_2_cycle60.npz,7,control,control_2,60,9.014385128293084,28.593539342980996,160,0,7173200,25,True,118.74804199032951,-112350.63722371012,1118.9642181501404,1118.9642181501404,1.0,1.5862321845319443,2.6459353286702223,"[9.859758215055207, -0.5850470281095037, 0.6, 0.25786314510868813]","[9.26551131465618, -0.46805275191538487, 0.03383019208727707, 0.1436470026091229]"
seed7_control_control_2_cycle60.npz,7,control,control_2,60,9.014385128293084,28.593539342980996,160,1,7173201,21,True,119.10000001080334,-111517.61051444497,571.4308092795109,571.4308092795109,1.0,1.6194042478874633,2.779449090200658,"[9.900177983311206, 0.6803906993563824, 0.6, -0.16995543321845988]","[9.199624501634993, -0.18476395401875514, 0.03383019208727707, 0.034697227252166354]"
seed7_control_control_2_cycle60.npz,7,control,control_2,60,9.014385128293084,28.593539342980996,160,2,7173202,25,True,120.66549999872223,-111634.44830958833,522.3155484038434,522.3155484038434,1.0,2.1932746005343606,2.644893729434463,"[9.714335571945519, -0.9705351178749142, 0.6, -0.15312338937833947]","[9.221884521723275, -0.583699178845008, 0.03383019208727707, 0.034697227252166354]"
seed7_control_control_2_cycle60.npz,7,control,control_2,60,9.014385128293084,28.593539342980996,160,3,7173203,31,True,120.09145799675025,-110852.16432661246,123.01339381292928,123.01339381292928,1.0,1.8665383816966616,3.0013480760592337,"[9.103530971178404, 0.6365828434021871, 0.06575816962283448, 0.12980113200261495]","[9.037104690029789, -0.11906480374191591, 0.015408585347944287, 0.10522839867730094]"
seed7_control_control_2_cycle60.npz,7,control,control_2,60,9.014385128293084,28.593539342980996,160,4,7173204,17,True,116.9139170087874,-109828.77909389365,1946.4924988875719,1946.4924988875719,1.0,1.6354089595865133,2.9775756945153966,"[8.807330996541639, 1.0064504483949603, 0.6, 0.34561834460693436]","[8.968403031380587, -0.12092816168161491, 0.03383019208727707, 0.15469722725216634]"
seed7_control_control_2_cycle60.npz,7,control,control_2,60,9.014385128293084,28.593539342980996,160,5,7173205,25,True,117.22699999518227,-110503.52547710302,459.672060293291,459.672060293291,1.0,1.7402345507703585,2.7175576539366175,"[10.0, 0.14900509961017983, 0.6, -0.6]","[9.27111639932901, -0.26873758493122823, 0.03383019208727707, 0.034697227252166354]"
seed7_control_control_2_cycle60.npz,7,control,control_2,60,9.014385128293084,28.593539342980996,160,6,7173206,31,True,112.99600001075305,-111081.9928666339,1076.7770576297044,1076.7770576297044,1.0,1.9607050688568934,2.595328374583654,"[8.412173440074728, 2.000368355472021, 0.2536719497422205, 0.3666355321770855]","[8.938743343807475, -0.12670292668942812, 0.03383019208727707, 0.15469722725216634]"
seed7_control_control_2_cycle60.npz,7,control,control_2,60,9.014385128293084,28.593539342980996,160,7,7173207,24,True,110.55683299491648,-111525.60699915477,881.8094644874654,881.8094644874654,1.0,1.6690599375849058,2.6314057505362145,"[10.0, 0.453392233278208, 0.49535348722370826, 0.1743353854822959]","[9.23595345308195, -0.2196164474867632, 0.03383019208727707, 0.11858867472120521]"
seed7_control_control_2_cycle60.npz,7,control,control_2,60,9.014385128293084,28.593539342980996,160,8,7173208,34,True,109.55704099615104,-112562.45225130244,1039.4421932790283,1039.4421932790283,1.0,1.7055616525423958,2.7806983429266174,"[10.0, 0.14381883958643493, 0.6, 0.6]","[9.271704438307749, -0.2697683240297183, 0.03383019208727707, 0.15469722725216634]"
seed7_control_control_2_cycle60.npz,7,control,control_2,60,9.014385128293084,28.593539342980996,160,9,7173209,22,True,111.37716600205749,-112300.2758529178,892.8783302883821,892.8783302883821,1.0,1.6491433943224938,2.661179212217643,"[9.860361299953835, 0.3361290344881632, 0.4287537454360162, -0.6]","[9.235200270476286, -0.21876464180878816, 0.03383019208727707, 0.034697227252166354]"
seed7_control_control_2_cycle60.npz,7,control,control_2,60,9.014385128293084,28.593539342980996,160,10,7173210,28,True,108.23312500724569,-112290.28333482471,1000.7746667768806,1000.7746667768806,1.0,1.6298081675844491,2.761890117321605,"[9.640129505334745, -0.07862545724996967, 0.536427967049259, 0.38629552954868457]","[9.199622701740042, -0.3161262806575247, 0.03383019208727707, 0.15469722725216634]"
seed7_control_control_2_cycle60.npz,7,control,control_2,60,9.014385128293084,28.593539342980996,160,11,7173211,30,True,108.83791699598078,-111361.71479800303,60.066484013732406,60.066484013732406,1.0,1.5939878348111267,2.855303657266206,"[10.0, 1.6807733756869858, 0.35708069996411906, 0.33847453241155595]","[9.138737149942527, -0.14654395881520355, 0.03383019208727707, 0.15469722725216634]"
seed7_control_control_2_cycle60.npz,7,control,control_2,60,9.014385128293084,28.593539342980996,160,12,7173212,25,True,109.06512499786913,-111141.54881706832,56.137656895269174,56.137656895269174,1.0,1.539461925237498,2.859277166929299,"[8.904308021083988, 0.18308949846647082, 0.03234343667525086, 0.39886937527458816]","[8.978876256464815, -0.23761179394259255, 0.0053841654636692, 0.15469722725216634]"
seed7_control_control_2_cycle60.npz,7,control,control_2,60,9.014385128293084,28.593539342980996,160,13,7173213,23,True,109.21629099175334,-110327.0286632964,185.97399099556787,185.97399099556787,1.0,1.9134683332485325,2.781648478208644,"[8.438126798308868, 0.18339722361119576, 0.6, 0.13157079178488348]","[8.83902188963228, -0.23751947639917503, 0.03383019208727707, 0.1057592966119815]"
seed7_control_control_2_cycle60.npz,7,control,control_2,60,9.014385128293084,28.593539342980996,160,14,7173214,19,True,108.6132080090465,-111535.31201160839,29.972812780964887,29.972812780964887,1.0000000000001923,1.6129409267432375,2.676346959428895,"[8.524019644600164, 0.2913156806196492, 0.6, 0.04702522072316283]","[8.864789743519669, -0.20514393929663902, 0.03383019208727707, 0.08039562529346529]"
seed7_control_control_2_cycle60.npz,7,control,control_2,60,9.014385128293084,28.593539342980996,160,15,7173215,34,True,108.60108300403226,-111649.83321601867,617.8001375503081,617.8001375503081,1.0,1.709068137032574,2.9416549028394274,"[9.221056932631098, 0.960386398810976, 0.08983060497527573, 0.1378839095233511]","[9.056067980186848, -0.12134213099224567, 0.02263031595367666, 0.10765323193352178]"
seed7_control_control_2_cycle60.npz,7,control,control_2,60,9.014385128293084,28.593539342980996,160,16,7173216,23,True,113.76604200631846,-111682.47285548241,647.1216120152676,647.1216120152676,1.0,1.910531347920048,2.92741013849776,"[10.0, 1.6785976033325698, 0.267956965806573, 0.29811536659274934]","[9.138845730137401, -0.14659516207780598, 0.03383019208727707, 0.15469722725216634]"
seed7_control_control_2_cycle60.npz,7,control,control_2,60,9.014385128293084,28.593539342980996,160,17,7173217,25,True,114.98279198713135,-111775.91519505896,1213.4919759627373,1213.4919759627373,1.0,1.5816271996531226,2.8090209610206145,"[10.0, 1.4098877115775337, 0.6, 0.22327312226326954]","[9.153619406242843, -0.15407082680311723, 0.03383019208727707, 0.1332699957554973]"
seed7_control_control_2_cycle60.npz,7,control,control_2,60,9.014385128293084,28.593539342980996,160,18,7173218,32,True,112.582208996173,-111745.00375697907,720.4301590972027,720.4301590972027,1.0,1.837129823738598,2.9097318291262924,"[9.827127464022011, -0.018643930583892465, 0.6, -0.506039400776317]","[9.255722089346222, -0.29813182265770155, 0.03383019208727707, 0.034697227252166354]"
seed7_control_control_2_cycle60.npz,7,control,control_2,60,9.014385128293084,28.593539342980996,160,19,7173219,25,True,111.29879199143033,-110582.02431723797,2034.374680491368,2034.374680491368,1.0,1.796636709792567,2.8656236876259964,"[7.928660776875847, -0.030291751318491933, 0.45534443301205957, -0.42282720745489916]","[8.728405041053795, -0.31674989091807937, 0.03383019208727707, 0.034697227252166354]"
seed7_control_control_2_cycle60.npz,7,control,control_2,60,9.014385128293084,28.593539342980996,320,0,7176400,36,True,224.22250000818167,-112050.60889829001,804.7726879359834,804.7726879359834,1.0,1.6891917363848385,2.7786955568523237,"[9.807152392618432, 1.089776726677674, -0.06178587494618426, -0.19915412508576652]","[9.15094332912634, -0.15264004252447283, -0.022854628022761333, 0.034697227252166354]"
seed7_control_control_2_cycle60.npz,7,control,control_2,60,9.014385128293084,28.593539342980996,320,1,7176401,46,True,224.06795900315046,-111869.29322157931,578.8751357502042,578.8751357502042,1.0,1.620784740183942,2.555368204078573,"[10.0, 0.7768094546888478, 0.5954140369762961, 0.1058895042479881]","[9.202153816482811, -0.1868349685223583, 0.03383019208727707, 0.09805491035091288]"
seed7_control_control_2_cycle60.npz,7,control,control_2,60,9.014385128293084,28.593539342980996,320,2,7176402,41,True,228.3545829996001,-111980.4912670339,189.41285411608987,189.41285411608987,1.0,1.7769286199124747,2.848455373597999,"[9.796983428288648, 0.3714097016789725, -0.04554733488686735, 0.2024628051644579]","[9.222538484070393, -0.2053535518428639, -0.017983066004966262, 0.1270269006258538]"
seed7_control_control_2_cycle60.npz,7,control,control_2,60,9.014385128293084,28.593539342980996,320,3,7176403,42,True,243.46774999867193,-111232.2077658914,65.17247912443418,65.17247912443418,1.0,1.5404695144079015,2.8625589685354718,"[8.793818594406797, 0.8924350910161158, 0.2892171997082673, 0.10679015055274835]","[8.961816746444399, -0.12194393426100864, 0.03383019208727707, 0.09832510424234095]"
seed7_control_control_2_cycle60.npz,7,control,control_2,60,9.014385128293084,28.593539342980996,320,4,7176404,46,True,234.77095799171366,-111469.8017204388,183.67419949968462,183.67419949968462,1.0,1.8526424994230892,2.7500918635269986,"[8.602854305433679, 0.7492829187398902, 0.6, 0.6]","[8.911845367480955, -0.13471411963984625, 0.03383019208727707, 0.15469722725216634]"
seed7_control_control_2_cycle60.npz,7,control,control_2,60,9.014385128293084,28.593539342980996,320,5,7176405,36,True,224.69095799897332,-111621.61268841193,490.68616404513887,490.68616404513887,1.0,1.6859457068814805,2.6490685432719547,"[9.449793639659582, 0.04272012617627169, 0.18755303189358874, 0.48091096870313765]","[9.142521942037494, -0.2797226056296523, 0.03383019208727707, 0.15469722725216634]"
seed7_control_control_2_cycle60.npz,7,control,control_2,60,9.014385128293084,28.593539342980996,320,6,7176406,42,True,223.0252909939736,-111341.74079239104,79.5770966115524,79.5770966115524,1.0,1.933373268590199,2.8841566333776165,"[9.773275873326645, 1.463265113741221, 0.37925223294752236, -0.31845239472073067]","[9.123520507579288, -0.13988039435813032, 0.03383019208727707, 0.034697227252166354]"
seed7_control_control_2_cycle60.npz,7,control,control_2,60,9.014385128293084,28.593539342980996,320,7,7176407,40,True,229.33795899734832,-112311.33138747863,1042.3773967492598,1042.3773967492598,1.0,1.595584929605975,2.495938964758373,"[10.0, 0.8168043323558081, 0.4258013426757676, -0.046426402002650635]","[9.198403558229252, -0.18378057361913672, 0.03383019208727707, 0.05236013847572126]"
seed7_control_control_2_cycle60.npz,7,control,control_2,60,9.014385128293084,28.593539342980996,320,8,7176408,40,True,211.42974999384023,-111716.31977844881,181.60509245828143,181.60509245828143,1.0,1.6413112682864737,2.516663333585053,"[10.0, 0.7432890763034365, -0.14369901865271006, 0.39961624339767865]","[9.205373363797763, -0.18953882966053928, -0.046169807912722946, 0.15469722725216634]"
seed7_control_control_2_cycle60.npz,7,control,control_2,60,9.014385128293084,28.593539342980996,320,9,7176409,40,True,206.7313750012545,-110700.70982761408,292.0859120930836,292.0859120930836,1.0,2.089983230361081,2.6874772603612773,"[8.864459711130797, 0.14699848979915636, 0.6, -0.059998912604443705]","[8.966921763478858, -0.2484390965427869, 0.03383019208727707, 0.04828838529518333]"
seed7_control_control_2_cycle60.npz,7,control,control_2,60,9.014385128293084,28.593539342980996,320,10,7176410,30,True,206.38799999142066,-111462.70803231472,741.7060928931896,741.7060928931896,1.0,1.9496399302191854,2.774120313948477,"[9.75479116609309, 0.2509337543572545, 0.6, -0.2674627908605369]","[9.233928939553744, -0.2173414628433501, 0.03383019208727707, 0.034697227252166354]"
seed7_control_control_2_cycle60.npz,7,control,control_2,60,9.014385128293084,28.593539342980996,320,11,7176411,35,True,206.8779590044869,-112433.55730558591,1430.5888185858057,1430.5888185858057,1.0,1.8063366757155077,2.66981137950085,"[10.0, 0.13509338471062132, 0.12585961798116185, 0.3487020397635241]","[9.272690446987008, -0.27151822676219706, 0.033439019855442495, 0.15469722725216634]"
seed7_control_control_2_cycle60.npz,7,control,control_2,60,9.014385128293084,28.593539342980996,320,12,7176412,48,True,208.34145799744874,-112612.53057847355,5.295565109568997,5.295565109568997,1.0100273084127522,1.9338080180237995,2.770782348222588,"[10.0, 0.9718580661000908, 0.5550333122155515, 0.3979417614722556]","[9.184794531702376, -0.1734992583080807, 0.03383019208727707, 0.15469722725216634]"
seed7_control_control_2_cycle60.npz,7,control,control_2,60,9.014385128293084,28.593539342980996,320,13,7176413,48,True,208.1669159961166,-112720.16021897018,615.8506369960378,615.8506369960378,1.0,1.5631218389408117,2.730853922809801,"[10.0, 0.7599416333733569, 0.6, -0.04140393519925811]","[9.203765232662255, -0.1881786604853306, 0.03383019208727707, 0.05386687851673902]"
seed7_control_control_2_cycle60.npz,7,control,control_2,60,9.014385128293084,28.593539342980996,320,14,7176414,43,True,206.9645000010496,-112652.4237846806,1357.037902540178,1357.037902540178,1.0,1.5359681433839316,2.9336282099679307,"[10.0, 0.5264573193743282, 0.4511706739021895, 0.4506191869874808]","[9.2278225654264, -0.21075059084236125, 0.03383019208727707, 0.15469722725216634]"
seed7_control_control_2_cycle60.npz,7,control,control_2,60,9.014385128293084,28.593539342980996,320,15,7176415,48,True,209.55033299105708,-111370.99413739757,34.11173728428548,34.11173728428548,1.000000000000003,1.6315052123196352,2.8729381870549195,"[9.343840421503062, 1.6328307082224147, 0.6, 0.07531094555238241]","[9.058919213274738, -0.121791056546313, 0.03383019208727707, 0.08888134274223117]"
seed7_control_control_2_cycle60.npz,7,control,control_2,60,9.014385128293084,28.593539342980996,320,16,7176416,35,True,212.89137499115895,-111151.3071542856,74.1486421233858,74.1486421233858,1.0,1.6610767871884304,2.7343875289481274,"[7.803101626091336, 0.35420959485757425, 0.18588613214164934, -0.1120856207112032]","[8.758074115386819, -0.2563190171500662, 0.03383019208727707, 0.034697227252166354]"
seed7_control_control_2_cycle60.npz,7,control,control_2,60,9.014385128293084,28.593539342980996,320,17,7176417,40,True,232.5957080029184,-111506.81822863549,25.285427038688795,25.285427038688795,1.0000000000208789,1.6032827129845417,3.024552010642094,"[9.442426028823435, 1.194525822806773, 0.5156899548804681, -0.1773594422850007]","[9.088402721921758, -0.12811396189533197, 0.03383019208727707, 0.034697227252166354]"
seed7_control_control_2_cycle60.npz,7,control,control_2,60,9.014385128293084,28.593539342980996,320,18,7176418,35,True,218.0285840004217,-112494.20954980665,1246.1928368704976,1246.1928368704976,1.0,1.7032755682005107,2.9942813688698013,"[8.248481489888706, 2.043763275094686, 0.6, 0.12002274172761045]","[8.922085889977732, -0.13133991326500155, 0.03383019208727707, 0.10229488159479957]"
seed7_control_control_2_cycle60.npz,7,control,control_2,60,9.014385128293084,28.593539342980996,320,19,7176419,46,True,219.89841599133797,-111846.73793324514,542.217267820437,542.217267820437,1.0,1.564814270279415,2.6653195861926555,"[9.96746637017643, 0.2620535153432004, 0.48773101316000295, 0.3496526136450362]","[9.255357603148115, -0.24410716225666063, 0.03383019208727707, 0.15469722725216634]"
seed7_control_control_2_cycle60.npz,7,control,control_2,60,9.014385128293084,28.593539342980996,640,0,7182800,70,True,435.26075000409037,-111526.6860227782,222.81832615210442,222.81832615210442,1.0,1.7315001781400494,2.743675297526969,"[7.761832027923148, 0.7190187126869716, 0.12697717898015504, 0.1816600743984511]","[8.788982469905234, -0.21596714037969672, 0.03377428815514045, 0.12078608139605178]"
seed7_control_control_2_cycle60.npz,7,control,control_2,60,9.014385128293084,28.593539342980996,640,1,7182801,69,True,427.4919590097852,-111235.2018729558,137.6692593509506,137.6692593509506,1.0,1.5353270306317057,2.699769506100543,"[9.760397907716301, 0.22782763016283716, 0.37537801127661496, 0.10658782699294685]","[9.235703222454509, -0.22419035443368265, 0.03383019208727707, 0.0982644071744005]"
seed7_control_control_2_cycle60.npz,7,control,control_2,60,9.014385128293084,28.593539342980996,640,2,7182802,76,True,412.41787499166094,-112964.80112027892,1431.4510752206697,1431.4510752206697,1.0,1.6660104276261105,2.705826549210225,"[9.73450265468924, 0.05852002007516702, 0.032168486776723404, -0.17115426011678186]","[9.227934646546391, -0.2749826374599837, 0.005331680494110964, 0.034697227252166354]"
seed7_control_control_2_cycle60.npz,7,control,control_2,60,9.014385128293084,28.593539342980996,640,3,7182803,72,True,430.48195900337305,-111382.07493871584,318.5394847076823,318.5394847076823,1.0,1.8255623690448008,2.7114819011690545,"[8.954481751853391, 0.586312215503219, 0.6, 0.11599044297690189]","[8.994025937385603, -0.11838357354950452, 0.03383019208727707, 0.10108519196958701]"
seed7_control_control_2_cycle60.npz,7,control,control_2,60,9.014385128293084,28.593539342980996,640,4,7182804,67,True,423.85508300503716,-112125.44510435747,384.10261693752545,384.10261693752545,1.0,1.5938894260846446,2.7822123270849524,"[9.222058174285323, 0.8967244152064122, 0.48845015300143274, 0.4182607722911203]","[9.058425023558263, -0.12171123153724178, 0.03383019208727707, 0.15469722725216634]"
seed7_control_control_2_cycle60.npz,7,control,control_2,60,9.014385128293084,28.593539342980996,640,5,7182805,79,True,431.70554099197034,-111888.58058371252,309.64471562388644,309.64471562388644,1.0,1.5685006307186853,2.7594487692713976,"[9.942982845885378, -0.3285407346453209, 0.27621364064280307, 0.3033825412868339]","[9.290478703905233, -0.3911008638761301, 0.03383019208727707, 0.15469722725216634]"
seed7_control_control_2_cycle60.npz,7,control,control_2,60,9.014385128293084,28.593539342980996,640,6,7182806,81,True,425.0407919898862,-112228.78617518814,116.90620873475564,116.90620873475564,1.0,1.8412182694890327,2.6691944413516584,"[9.20139843599329, 0.6562031529774466, 0.5591362902719148, 0.015901684460101657]","[9.063240235308, -0.1225251544599193, 0.03383019208727707, 0.07105856441454694]"
seed7_control_control_2_cycle60.npz,7,control,control_2,60,9.014385128293084,28.593539342980996,640,7,7182807,73,True,422.0194579975214,-112374.22730376087,666.5451376645942,666.5451376645942,1.0,1.717729395040064,2.701211466623739,"[9.793231813099933, 1.0976993559700259, 0.6, -0.08146750867492261]","[9.148447299769371, -0.15133665606619667, 0.03383019208727707, 0.04184780647403966]"
seed7_control_control_2_cycle60.npz,7,control,control_2,60,9.014385128293084,28.593539342980996,640,8,7182808,73,True,440.7823749934323,-111768.39803599747,817.4814845977089,817.4814845977089,1.0,1.8161112292343196,2.7580088876603885,"[9.573586057755948, 0.06350578014037761, 0.6, -0.3263065449392592]","[9.179659667466403, -0.27348690944042053, 0.03383019208727707, 0.034697227252166354]"
seed7_control_control_2_cycle60.npz,7,control,control_2,60,9.014385128293084,28.593539342980996,640,9,7182809,73,True,434.40750001173,-111464.15992391537,327.7713150672498,327.7713150672498,1.0,1.6679102708310083,2.8536797445422017,"[9.889860826303083, 1.0660978671301586, 0.34166325541625575, -0.09833649805671636]","[9.163725006216806, -0.15979539348674376, 0.03383019208727707, 0.03678710965950154]"
seed7_control_control_2_cycle60.npz,7,control,control_2,60,9.014385128293084,28.593539342980996,640,10,7182810,67,True,438.84350000007544,-111835.19181095419,31.4676540546061,31.4676540546061,1.000000000000043,1.6449497867439835,2.564992818747677,"[9.118363415348279, 0.07738967627874749, 0.5961821335100479, 0.31524015495231233]","[9.043092874744103, -0.26932174059890956, 0.03383019208727707, 0.15469722725216634]"
seed7_control_control_2_cycle60.npz,7,control,control_2,60,9.014385128293084,28.593539342980996,640,11,7182811,70,True,425.8209590043407,-112143.34297762439,430.47474864347896,430.47474864347896,1.0,1.555476123784659,2.702071913337709,"[9.39997132011327, 1.841892193024659, 0.16882352992980476, 0.44716142722547497]","[9.061744623612668, -0.12226371229226657, 0.03383019208727707, 0.15469722725216634]"
seed7_control_control_2_cycle60.npz,7,control,control_2,60,9.014385128293084,28.593539342980996,640,12,7182812,71,True,434.82949999452103,-111179.75399836323,238.8578249728016,238.8578249728016,1.0,2.1544894357087374,2.806764838535341,"[9.136174334903528, 0.6270754452997502, 0.45805717465516305, 0.0797268402347707]","[9.04656126363, -0.12004733184062799, 0.03383019208727707, 0.09020611114694765]"
seed7_control_control_2_cycle60.npz,7,control,control_2,60,9.014385128293084,28.593539342980996,640,13,7182813,67,True,476.18858399800956,-111580.56681292929,95.78791150475445,95.78791150475445,1.0,1.6127192858765116,2.669841051899499,"[10.0, 2.1909263696497816, 0.3308492506745935, 0.1690672431854302]","[9.117193343995506, -0.13739905905345884, 0.03383019208727707, 0.11700823203214551]"
seed7_control_control_2_cycle60.npz,7,control,control_2,60,9.014385128293084,28.593539342980996,640,14,7182814,70,True,453.5210000030929,-112095.97798954975,71.3795895511139,71.3795895511139,1.0,1.571424382013868,2.9307786388286265,"[9.799539362944692, 0.16564338259387512, 0.555264205306579, 0.5886596524717782]","[9.247445659023027, -0.24284562870437124, 0.03383019208727707, 0.15469722725216634]"
seed7_control_control_2_cycle60.npz,7,control,control_2,60,9.014385128293084,28.593539342980996,640,15,7182815,82,True,434.48120800894685,-111844.15945412943,61.76358282956062,61.76358282956062,1.0,1.5861486395966884,2.7598043059285406,"[8.834107876933773, 0.368149743134823, 0.522069958086598, 0.3293256552672924]","[8.95781621321975, -0.18209372054208686, 0.03383019208727707, 0.15469722725216634]"
seed7_control_control_2_cycle60.npz,7,control,control_2,60,9.014385128293084,28.593539342980996,640,16,7182816,68,True,432.3743330023717,-111606.0312427557,396.2322143341735,396.2322143341735,1.0,1.541657527971582,2.999169455630609,"[9.060943510496008, 1.9612747638462875, 0.39769005696489085, 0.24744146150977492]","[9.017151144584393, -0.11797886422413512, 0.03383019208727707, 0.14052049752944892]"
seed7_control_control_2_cycle60.npz,7,control,control_2,60,9.014385128293084,28.593539342980996,640,17,7182817,72,True,426.891583003453,-111542.30895229326,19.477265013149008,19.477265013149008,1.0000000069528245,1.5452267488898905,2.9206111282547855,"[9.99235134097173, -0.28027146964545685, 0.6, 0.06893105005427855]","[9.305289252431137, -0.37662008437617084, 0.03383019208727707, 0.0869673740928]"
seed7_control_control_2_cycle60.npz,7,control,control_2,60,9.014385128293084,28.593539342980996,640,18,7182818,76,True,463.39658299984876,-112566.56223563386,713.7019219769572,713.7019219769572,1.0,1.5666027457878309,2.7775330552867925,"[9.23542721188487, 0.6359627282780167, 0.6, -0.1595027756238654]","[9.073363421121366, -0.12450123616131392, 0.03383019208727707, 0.034697227252166354]"
seed7_control_control_2_cycle60.npz,7,control,control_2,60,9.014385128293084,28.593539342980996,640,19,7182819,75,True,435.2897079952527,-112963.04249725294,409.22065198358905,409.22065198358905,1.0,1.7827147462699005,2.573201574412785,"[9.533196236516764, 0.20038650053801557, 0.2181871387374522, 0.6]","[9.167542721094648, -0.2324226933211291, 0.03383019208727707, 0.15469722725216634]"
seed7_control_control_3_cycle140.npz,7,control,control_3,140,2.9759297444077477,5.702526126536636,80,0,7181600,80,True,62.43429199093953,-66876.43636786577,177.16958882304607,177.16958882304607,1.0,2.9416706931624437,2.946940064746851,"[4.797617607964607, -0.18398849210930956, 0.48095727722409476, -0.5031778315177519]","[4.416453363193161, 0.22013963158328934, 0.0807108334199087, 0.05736190715348752]"
seed7_control_control_3_cycle140.npz,7,control,control_3,140,2.9759297444077477,5.702526126536636,80,1,7181601,80,True,61.53729200013913,-66716.1556401036,14.715321066090837,14.715321066090837,1.0000008132934262,2.8437211996425695,2.8478728511573257,"[4.635661670290452, -0.06440074553697589, 0.6, -0.6]","[4.3678665818909135, 0.25601595555498946, 0.0807108334199087, 0.05736190715348752]"
seed7_control_control_3_cycle140.npz,7,control,control_3,140,2.9759297444077477,5.702526126536636,80,2,7181602,80,True,61.00362500001211,-66886.15435168517,126.94141564045276,126.94141564045276,1.0,2.982065306074106,2.9883898762797863,"[4.6491196092565765, -0.24301129694326626, 0.43952078019225854, -0.6]","[4.371903963580751, 0.2024327901331023, 0.0807108334199087, 0.05736190715348752]"
seed7_control_control_3_cycle140.npz,7,control,control_3,140,2.9759297444077477,5.702526126536636,80,3,7181603,80,True,61.15916700218804,-66877.96748314105,46.82443647319451,46.82443647319451,1.0,2.901568451210347,2.90679818724022,"[4.7578323569768965, 0.05947580601647251, 0.6, -0.15250600077397808]","[4.404517787896847, 0.29317892102102394, 0.0807108334199087, 0.05736190715348752]"
seed7_control_control_3_cycle140.npz,7,control,control_3,140,2.9759297444077477,5.702526126536636,80,4,7181604,80,True,61.17725001240615,-66785.31121352351,3.295747309079161,3.295747309079161,1.0739792096419585,2.9902188419717364,2.9963618817885873,"[4.135644357401683, -0.17790275485158266, 0.5923548933648106, -0.4929174333319511]","[4.217861388024283, 0.2219653527606074, 0.0807108334199087, 0.05736190715348752]"
seed7_control_control_3_cycle140.npz,7,control,control_3,140,2.9759297444077477,5.702526126536636,80,5,7181605,80,True,60.98116700013634,-66770.20273811511,29.047934317335603,29.047934317335603,1.000000000000485,2.8419837893914757,2.845332231996724,"[5.291630533200621, 0.720151050611797, 0.6, -0.6]","[4.539262450315373, 0.48339006610168045, 0.0807108334199087, 0.05736190715348752]"
seed7_control_control_3_cycle140.npz,7,control,control_3,140,2.9759297444077477,5.702526126536636,80,6,7181606,80,True,61.71162500686478,-66897.36316453479,3.8764090149779804,3.8764090149779804,1.0414324340961258,2.952619333227713,2.956159008668979,"[4.0007991299423065, -0.29028920089649934, 0.6, -0.2346403796026372]","[4.17740781978647, 0.1882494189471324, 0.0807108334199087, 0.05736190715348752]"
seed7_control_control_3_cycle140.npz,7,control,control_3,140,2.9759297444077477,5.702526126536636,80,7,7181607,80,True,61.07337500725407,-66714.74147300032,0.3978122530534165,0.3978122530534165,1.9257747708130217,2.8181067365585135,2.8232194816224303,"[4.5868335559721665, 0.38542036833734533, 0.6, -0.6]","[4.353218147595428, 0.3909622897172858, 0.0807108334199087, 0.05736190715348752]"
seed7_control_control_3_cycle140.npz,7,control,control_3,140,2.9759297444077477,5.702526126536636,80,8,7181608,80,True,60.77424999966752,-66815.15849763661,42.68767529717297,42.68767529717297,1.0,2.8786833743554365,2.8837125451166132,"[3.0382811875413225, 0.007850278108678992, 0.6, -0.48394140937450625]","[3.9671485233568364, 0.30259974964074343, 0.0807108334199087, 0.05736190715348752]"
seed7_control_control_3_cycle140.npz,7,control,control_3,140,2.9759297444077477,5.702526126536636,80,9,7181609,80,True,61.087582987966016,-66710.05118186344,3.1733101024728967,3.1733101024728967,1.0835830902945875,2.834965352876739,2.8369027755218426,"[5.4150038175884365, 0.41575417101100715, 0.5851063385024341, -0.34415931793224985]","[4.553041440353452, 0.39912425009244196, 0.0807108334199087, 0.05736190715348752]"
seed7_control_control_3_cycle140.npz,7,control,control_3,140,2.9759297444077477,5.702526126536636,80,10,7181610,80,True,61.317540996242315,-66844.15170503235,84.45262936227664,84.45262936227664,1.0,2.948492131811964,2.9536939330948995,"[5.1712132053993605, -0.538906172326382, 0.6, -0.5081447106057903]","[4.463603514188509, 0.1795919516115045, 0.0807108334199087, 0.05736190715348752]"
seed7_control_control_3_cycle140.npz,7,control,control_3,140,2.9759297444077477,5.702526126536636,80,11,7181611,80,True,63.384000008227304,-66839.63087681211,20.811229213359184,20.811229213359184,1.0000000018315887,2.889385029764178,2.895305897213693,"[4.25483339519261, 0.32682091564510685, 0.6, -0.3561374797783623]","[4.253618099361561, 0.3733824539096143, 0.0807108334199087, 0.05736190715348752]"
seed7_control_control_3_cycle140.npz,7,control,control_3,140,2.9759297444077477,5.702526126536636,80,12,7181612,80,True,62.775750004220754,-66654.4198109314,25.916335696194437,25.916335696194437,1.0000000000111098,2.850484989605172,2.855513936778501,"[4.280006236573242, 0.7038696189165699, 0.6, -0.5061571644617862]","[4.26116995177575, 0.48649706489105315, 0.0807108334199087, 0.05736190715348752]"
seed7_control_control_3_cycle140.npz,7,control,control_3,140,2.9759297444077477,5.702526126536636,80,13,7181613,80,True,60.77666599594522,-66709.97149583678,33.02376996142266,33.02376996142266,1.0000000000000089,2.9064739533491695,2.909063735158964,"[4.940532215029288, 0.4132463092195792, 0.21283123028145606, -0.6]","[4.459327745312565, 0.39931007198195595, 0.0807108334199087, 0.05736190715348752]"
seed7_control_control_3_cycle140.npz,7,control,control_3,140,2.9759297444077477,5.702526126536636,80,14,7181614,80,True,62.00941700080875,-66774.47451341993,92.73942146304762,92.73942146304762,1.0,2.8391230014250866,2.8439416318662047,"[4.30844351298941, 0.39496926995421744, 0.6, -0.41482471336511256]","[4.269701134700601, 0.3938269602023474, 0.0807108334199087, 0.05736190715348752]"
seed7_control_control_3_cycle140.npz,7,control,control_3,140,2.9759297444077477,5.702526126536636,80,15,7181615,80,True,64.7703750000801,-66914.31086024616,158.3828211572254,158.3828211572254,1.0,2.9530867032507127,2.9585528931198843,"[4.3508618231524805, -0.24989951154995882, 0.271706986215081, 0.08273393726806888]","[4.282426627749523, 0.20036632575109456, 0.0807108334199087, 0.10697351618786193]"
seed7_control_control_3_cycle140.npz,7,control,control_3,140,2.9759297444077477,5.702526126536636,80,16,7181616,80,True,63.58504100353457,-66723.80011207654,8.963003913740977,8.963003913740977,1.0002561252345912,3.033082479155849,3.037770951772495,"[3.930092229457848, -0.9590091255703335, 0.6, 0.03275401550967394]","[4.183403299135273, 0.10154508908223336, 0.0807108334199087, 0.09197953966034345]"
seed7_control_control_3_cycle140.npz,7,control,control_3,140,2.9759297444077477,5.702526126536636,80,17,7181617,80,True,65.19316601043101,-66968.16755973049,299.12029062293004,299.12029062293004,1.0,3.0151135228476984,3.0209534758515115,"[4.352081427661303, -0.16515908151388337, 0.47003645092694835, -0.6]","[4.282792509102169, 0.2257884547619172, 0.0807108334199087, 0.05736190715348752]"
seed7_control_control_3_cycle140.npz,7,control,control_3,140,2.9759297444077477,5.702526126536636,80,18,7181618,80,True,62.088375008897856,-66905.25949296885,139.65925189029076,139.65925189029076,1.0,2.899993941165932,2.903650253824527,"[5.76368962695068, -0.6597360287661402, 0.17853695398847352, -0.2906410342497299]","[4.499198646257594, 0.22177368814567605, 0.0807108334199087, 0.05736190715348752]"
seed7_control_control_3_cycle140.npz,7,control,control_3,140,2.9759297444077477,5.702526126536636,80,19,7181619,80,True,64.06795799557585,-66896.67451708898,64.42346745706163,64.42346745706163,1.0,2.86320769045108,2.868324376059179,"[4.523445820794033, 0.8671686464250825, 0.49835265928764283, -0.6]","[4.334201827041988, 0.5354867731436069, 0.0807108334199087, 0.05736190715348752]"
seed7_control_control_3_cycle140.npz,7,control,control_3,140,2.9759297444077477,5.702526126536636,160,0,7183200,160,True,134.07083399943076,-66938.62106420413,50.56547478881839,50.56547478881839,1.0,2.9836287482250325,2.988987297325874,"[4.209502506383472, -0.2839584477062561, 0.6, -0.6]","[4.240018832718819, 0.19014864490420538, 0.0807108334199087, 0.05736190715348752]"
seed7_control_control_3_cycle140.npz,7,control,control_3,140,2.9759297444077477,5.702526126536636,160,1,7183201,160,True,153.77845900366083,-66782.50550820892,3.7881527434074087,3.7881527434074087,1.0457002002074063,3.0095099774971734,3.0116060212777347,"[4.047501641600295, -0.7674702621616902, 0.6, -0.14918994210588904]","[4.200777261982513, 0.09793493107345164, 0.0807108334199087, 0.05736190715348752]"
seed7_control_control_3_cycle140.npz,7,control,control_3,140,2.9759297444077477,5.702526126536636,160,2,7183202,160,True,149.20295900083147,-66894.06512570217,2.008427639128058,2.008427639128058,1.2636508156391748,3.003788629063372,3.0093952714725245,"[4.6091638739216725, -1.1016670466407947, 0.13364715419211132, -0.6]","[4.322604323970852, 0.1015005132391959, 0.06859172965156948, 0.05736190715348752]"
seed7_control_control_3_cycle140.npz,7,control,control_3,140,2.9759297444077477,5.702526126536636,160,3,7183203,160,True,171.68854200281203,-66908.70338390977,61.99297112959903,61.99297112959903,1.0,2.9226548371289502,2.9268360957016797,"[4.278828924366291, -0.05778206724752086, 0.46126773213088773, -0.6]","[4.260816758113665, 0.258001559041826, 0.0807108334199087, 0.05736190715348752]"
seed7_control_control_3_cycle140.npz,7,control,control_3,140,2.9759297444077477,5.702526126536636,160,4,7183204,160,True,155.7384589978028,-66833.76750469324,1.5686343211273197,1.5686343211273197,1.417348745539404,2.993919019619041,2.9993560751794193,"[4.351918741827753, -1.6754008500528148, 0.6, -0.37308399658218905]","[4.267411625093626, 0.093679095302454, 0.0807108334199087, 0.05736190715348752]"
seed7_control_control_3_cycle140.npz,7,control,control_3,140,2.9759297444077477,5.702526126536636,160,5,7183205,160,True,159.02312500111293,-66909.08950075744,45.20462725334801,45.20462725334801,1.0,2.9211810628234525,2.925761267919226,"[3.9414513962655136, -0.17736637443278616, 0.3540498596964354, -0.5839581216029861]","[4.159603499683432, 0.22212626688624637, 0.0807108334199087, 0.05736190715348752]"
seed7_control_control_3_cycle140.npz,7,control,control_3,140,2.9759297444077477,5.702526126536636,160,6,7183206,160,True,166.806417008047,-66840.66173617097,27.646503645577468,27.646503645577468,1.000000000001969,2.996196171409667,3.001960102156648,"[4.1270305224896, -0.9180192651252672, 0.6, 0.031338950394924014]","[4.22438923383322, 0.09471414236494724, 0.0807108334199087, 0.09155502012591847]"
seed7_control_control_3_cycle140.npz,7,control,control_3,140,2.9759297444077477,5.702526126536636,160,7,7183207,160,True,195.05870799184777,-66801.07266327928,18.24860125442501,18.24860125442501,1.000000023755445,2.915104254074851,2.9204372028211854,"[4.045308157194854, 0.4041286874879408, 0.6, -0.5097055148564003]","[4.190760527962234, 0.39657478546246444, 0.0807108334199087, 0.05736190715348752]"
seed7_control_control_3_cycle140.npz,7,control,control_3,140,2.9759297444077477,5.702526126536636,160,8,7183208,160,True,157.7294580056332,-66890.60180407693,77.72402266839345,77.72402266839345,1.0,2.969191359430169,2.974994801890288,"[4.4784099652548095, -0.36941251523021623, 0.3113571343059526, -0.6]","[4.320691070380221, 0.16451242464701735, 0.0807108334199087, 0.05736190715348752]"
seed7_control_control_3_cycle140.npz,7,control,control_3,140,2.9759297444077477,5.702526126536636,160,9,7183209,160,True,143.9599589939462,-66916.04413400195,20.637679823397775,20.637679823397775,1.0000000021787105,2.915162604926961,2.9221928803762447,"[4.459129011882598, -0.13133529298878008, 0.536452706130079, -0.4151949526781744]","[4.314906784368557, 0.23593559131944816, 0.0807108334199087, 0.05736190715348752]"
seed7_control_control_3_cycle140.npz,7,control,control_3,140,2.9759297444077477,5.702526126536636,160,10,7183210,160,True,126.45049999991897,-66906.74218864538,62.54137855840963,62.54137855840963,1.0,2.918393217235402,2.924802809962547,"[4.6975025849346315, -0.2117911598540469, 0.14344264268904228, -0.6]","[4.386418856284168, 0.21179883125986812, 0.07153037620064877, 0.05736190715348752]"
seed7_control_control_3_cycle140.npz,7,control,control_3,140,2.9759297444077477,5.702526126536636,160,11,7183211,160,True,122.89083299401682,-66875.10124449106,14.610644825777854,14.610644825777854,1.0000009030412127,3.018893117729673,3.0252540673797457,"[4.601849277095493, -0.7359003049633535, 0.1659912560477977, -0.01863512752519575]","[4.3416230819066275, 0.10669619710829498, 0.0782949602082754, 0.07656279674988253]"
seed7_control_control_3_cycle140.npz,7,control,control_3,140,2.9759297444077477,5.702526126536636,160,12,7183212,160,True,120.02904199471232,-66901.2547656987,84.70261138671776,84.70261138671776,1.0,2.994395595345139,2.9978438945854124,"[3.054238281047968, -0.26379063510515, 0.17279938735141737, -0.5183971741418072]","[3.990024791235454, 0.24914004426759284, 0.08033739959936129, 0.05736190715348752]"
seed7_control_control_3_cycle140.npz,7,control,control_3,140,2.9759297444077477,5.702526126536636,160,13,7183213,160,True,138.64754099631682,-66880.99230597824,14.611461602835334,14.611461602835334,1.0000009023039305,2.958435239294403,2.962842282261658,"[4.339569982112866, -1.9411770523790772, 0.44524371312370326, -0.6]","[4.264201939560505, 0.09354299257155202, 0.0807108334199087, 0.05736190715348752]"
seed7_control_control_3_cycle140.npz,7,control,control_3,140,2.9759297444077477,5.702526126536636,160,14,7183214,160,True,116.3349590060534,-66870.53255108776,23.450276158517227,23.450276158517227,1.0000000001308291,2.96887953916745,2.9749094515133447,"[3.446423259419752, -1.0222198173057422, 0.6, -0.42665124800587945]","[4.104563253933455, 0.1326888816208019, 0.0807108334199087, 0.05736190715348752]"
seed7_control_control_3_cycle140.npz,7,control,control_3,140,2.9759297444077477,5.702526126536636,160,15,7183215,160,True,115.4211669927463,-66908.67472196017,104.16337253837264,104.16337253837264,1.0,2.855722761025546,2.8703710334171735,"[4.392832645631763, -0.4098244697993863, 0.6, -0.5559873740208268]","[4.295017874493307, 0.15238883827626634, 0.0807108334199087, 0.05736190715348752]"
seed7_control_control_3_cycle140.npz,7,control,control_3,140,2.9759297444077477,5.702526126536636,160,16,7183216,160,True,114.16475000442006,-66858.03840654262,1.2611305898462888,1.2611305898462888,1.5245567257314256,2.934241971065325,2.939781088667821,"[4.623493268631116, -0.16451503237120502, 0.6, -0.09910485842028188]","[4.364216061393113, 0.2259816695047207, 0.0807108334199087, 0.05736190715348752]"
seed7_control_control_3_cycle140.npz,7,control,control_3,140,2.9759297444077477,5.702526126536636,160,17,7183217,160,True,108.95475000143051,-66905.73285577577,0.48857034828688484,0.48857034828688484,1.891665740772266,2.915925411072514,2.9210184085286506,"[4.241447987355586, -0.09277618899407893, 0.6, -0.29741686778821164]","[4.249602477010454, 0.24750332251785853, 0.0807108334199087, 0.05736190715348752]"
seed7_control_control_3_cycle140.npz,7,control,control_3,140,2.9759297444077477,5.702526126536636,160,18,7183218,160,True,108.86666701117065,-66926.36075029484,73.2773553190782,73.2773553190782,1.0,2.921721772041606,2.9256211131607115,"[3.1537211152148075, 0.38796838315203797, 0.6, -0.6]","[3.9531008357959205, 0.39187230840959186, 0.0807108334199087, 0.05736190715348752]"
seed7_control_control_3_cycle140.npz,7,control,control_3,140,2.9759297444077477,5.702526126536636,160,19,7183219,160,True,108.83495899906848,-67058.80676009475,205.04508279713627,205.04508279713627,1.0,2.978621811689687,2.9834041786647116,"[4.002304490714396, -2.5984219103491784, 0.6, -0.5791395748515421]","[4.228036798739659, 0.09438594234064845, 0.0807108334199087, 0.05736190715348752]"
seed7_control_control_3_cycle140.npz,7,control,control_3,140,2.9759297444077477,5.702526126536636,320,0,7186400,320,True,221.99887498572934,-66921.5566722169,54.038473511332995,54.038473511332995,1.0,2.8817104661156105,2.88814921022881,"[4.471207759273051, 0.8264306134078809, 0.5756112584760305, -0.5578140967820349]","[4.318530408585693, 0.5232653632384465, 0.0807108334199087, 0.05736190715348752]"
seed7_control_control_3_cycle140.npz,7,control,control_3,140,2.9759297444077477,5.702526126536636,320,1,7186401,320,True,213.73575000325218,-66858.51975910309,7.233198738467763,7.233198738467763,1.001522628995096,2.9110537891062394,2.9163184586352116,"[5.6481456836192, -1.2075479563979843, 0.6, -0.6]","[4.450190034902172, 0.1671639313651529, 0.0807108334199087, 0.05736190715348752]"
seed7_control_control_3_cycle140.npz,7,control,control_3,140,2.9759297444077477,5.702526126536636,320,2,7186402,320,True,219.04916600033175,-66890.56260215939,1.545138750501792,1.545138750501792,1.4081248924480885,2.970426311326404,2.975040030021549,"[3.34188273888761, -0.7532413306348908, 0.1682729907718769, -0.31007078619952894]","[4.066445181996287, 0.15847360342660122, 0.07897948062549916, 0.05736190715348752]"
seed7_control_control_3_cycle140.npz,7,control,control_3,140,2.9759297444077477,5.702526126536636,320,3,7186403,320,True,219.43220800312702,-66850.93694564162,8.301949150220025,8.301949150220025,1.0004960657762576,2.898198154481691,2.903920206172481,"[4.246771382570218, 0.03843527358609493, 0.2143360283927634, -0.11486751006873958]","[4.251199495574843, 0.2868667612919107, 0.0807108334199087, 0.05736190715348752]"
seed7_control_control_3_cycle140.npz,7,control,control_3,140,2.9759297444077477,5.702526126536636,320,4,7186404,320,True,219.18354199442547,-66938.25108201291,1.8406977135891793,1.8406977135891793,1.3096749464322175,2.855510353572771,2.8620769481139527,"[5.086701500927585, 0.05980441299172694, 0.4754755304538677, -0.4789114943918666]","[4.503178531082054, 0.2932775031136003, 0.0807108334199087, 0.05736190715348752]"
seed7_control_control_3_cycle140.npz,7,control,control_3,140,2.9759297444077477,5.702526126536636,320,5,7186405,320,True,220.0709589960752,-66841.99113100975,22.732882017822703,22.732882017822703,1.0000000002680802,2.997099239844817,3.002310688782745,"[5.880398433985118, -1.509928366801436, 0.6, -0.20835090613002294]","[4.4480534706131545, 0.16531969062691515, 0.0807108334199087, 0.05736190715348752]"
seed7_control_control_3_cycle140.npz,7,control,control_3,140,2.9759297444077477,5.702526126536636,320,6,7186406,320,True,235.67312500381377,-66890.23785517304,47.58872090440127,47.58872090440127,1.0,2.8166588409529627,2.8210471146641223,"[3.955189570462382, 0.7452366231791474, 0.6, -0.3303352973867315]","[4.163724951942493, 0.49890716616982644, 0.0807108334199087, 0.05736190715348752]"
seed7_control_control_3_cycle140.npz,7,control,control_3,140,2.9759297444077477,5.702526126536636,320,7,7186407,320,True,221.04308399138972,-66870.72600275103,47.31552012836619,47.31552012836619,1.0,2.9332116184747257,2.9337978827279505,"[5.2283819854217395, -0.8511555726195685, 0.504320805644362, -0.6]","[4.43814663212175, 0.1572087702793302, 0.0807108334199087, 0.05736190715348752]"
seed7_control_control_3_cycle140.npz,7,control,control_3,140,2.9759297444077477,5.702526126536636,320,8,7186408,320,True,220.45074999914505,-66997.56033252482,34.38028353067057,34.38028353067057,1.0000000000000022,2.925015575639294,2.9308113194561543,"[4.892249148023087, 0.21682642229166882, 0.046065854933921235, -0.6]","[4.444842825210704, 0.34038410590358287, 0.04231733987411246, 0.05736190715348752]"
seed7_control_control_3_cycle140.npz,7,control,control_3,140,2.9759297444077477,5.702526126536636,320,9,7186409,320,True,225.0036660116166,-66940.14081181088,24.3257729611214,24.3257729611214,1.0000000000545106,2.944754779940603,2.9493962155198434,"[3.869172971657151, -0.11265397357867642, 0.6, -0.08902657007767595]","[4.1379199723009235, 0.24153998714247926, 0.0807108334199087, 0.05736190715348752]"
seed7_control_control_3_cycle140.npz,7,control,control_3,140,2.9759297444077477,5.702526126536636,320,10,7186410,320,True,375.3539169993019,-66912.019832414,51.95921409300354,51.95921409300354,1.0,2.9307540810200146,2.931792884701534,"[4.606492456388987, 0.11605427665540866, 0.6, -0.6]","[4.3591158177204745, 0.3101524622127048, 0.0807108334199087, 0.05736190715348752]"
seed7_control_control_3_cycle140.npz,7,control,control_3,140,2.9759297444077477,5.702526126536636,320,11,7186411,320,True,240.065042002243,-67012.86220997946,79.47329535055906,79.47329535055906,1.0,2.923861738104978,2.9276356839023565,"[4.331784350947275, 0.28745785325340234, 0.6, -0.6]","[4.27670338608796, 0.3615735351921029, 0.0807108334199087, 0.05736190715348752]"
seed7_control_control_3_cycle140.npz,7,control,control_3,140,2.9759297444077477,5.702526126536636,320,12,7186412,320,True,227.88037500868086,-67019.80798281642,164.33422506401257,164.33422506401257,1.0,2.9532870774511326,2.956993165843418,"[4.580367870021394, -0.015962020896859507, 0.2311938872647416, -0.33477886316490546]","[4.351278441810196, 0.27054757294702436, 0.0807108334199087, 0.05736190715348752]"
seed7_control_control_3_cycle140.npz,7,control,control_3,140,2.9759297444077477,5.702526126536636,320,13,7186413,320,True,231.27095800009556,-66924.6567067693,73.65478167650872,73.65478167650872,1.0,2.902676907406049,2.910150245059194,"[4.028064153833743, 0.025476887318282057, 0.5422042220545942, -0.6]","[4.185587326953901, 0.2829792454115668, 0.0807108334199087, 0.05736190715348752]"
seed7_control_control_3_cycle140.npz,7,control,control_3,140,2.9759297444077477,5.702526126536636,320,14,7186414,320,True,230.27233399625402,-67041.74862626761,143.94973816124548,143.94973816124548,1.0,2.899985809366068,2.904874238732083,"[4.165179899014961, 0.23728225400433084, 0.6, -0.4413888982960482]","[4.2267220505082665, 0.3465208554173814, 0.0807108334199087, 0.05736190715348752]"
seed7_control_control_3_cycle140.npz,7,control,control_3,140,2.9759297444077477,5.702526126536636,320,15,7186415,320,True,220.4389580001589,-66936.59657047277,74.57508952180797,74.57508952180797,1.0,2.91316053259348,2.9146603539918896,"[4.807804755948529, -0.022035843194516375, 0.6, 0.2054177087247243]","[4.419509507588336, 0.26872542625772733, 0.0807108334199087, 0.14377864762485856]"
seed7_control_control_3_cycle140.npz,7,control,control_3,140,2.9759297444077477,5.702526126536636,320,16,7186416,320,True,222.89616700436454,-66934.46386549894,68.78496838576393,68.78496838576393,1.0,2.9528652930040193,2.9581744729776918,"[4.222804618409585, 0.00352499754146679, 0.47901901251708523, -0.6]","[4.244009466326654, 0.27639367847852225, 0.0807108334199087, 0.05736190715348752]"
seed7_control_control_3_cycle140.npz,7,control,control_3,140,2.9759297444077477,5.702526126536636,320,17,7186417,320,True,220.23625001020264,-66961.61342099466,76.13217332024942,76.13217332024942,1.0,2.9218153654576087,2.927379803507713,"[4.751407463867555, -0.28544793927893336, 0.40269522499192323, -0.6]","[4.402590319964045, 0.1897017974324022, 0.0807108334199087, 0.05736190715348752]"
seed7_control_control_3_cycle140.npz,7,control,control_3,140,2.9759297444077477,5.702526126536636,320,18,7186418,320,True,224.79045799991582,-66990.32551994432,145.96614036805113,145.96614036805113,1.0,3.00395114235829,3.009169128389809,"[4.367968746379539, -0.5132961075213138, 0.6, -0.5534972195381089]","[4.28755870471764, 0.12134734695968807, 0.0807108334199087, 0.05736190715348752]"
seed7_control_control_3_cycle140.npz,7,control,control_3,140,2.9759297444077477,5.702526126536636,320,19,7186419,320,True,227.4570410081651,-66963.38175225492,60.79335419050767,60.79335419050767,1.0,2.9729268400588063,2.9776669869061854,"[3.4401852907140156, 0.08941245246473167, 0.6, -0.5298815770152119]","[4.009223668017983, 0.3021599149555017, 0.0807108334199087, 0.05736190715348752]"
seed7_control_control_3_cycle140.npz,7,control,control_3,140,2.9759297444077477,5.702526126536636,640,0,7192800,640,True,440.48008299432695,-66894.23364376466,26.924254460871452,26.924254460871452,1.0000000000040572,2.8964016256623824,2.900249416487419,"[4.006272111626554, -0.6396471619747819, 0.6, -0.5831386706188589]","[4.183376836506478, 0.10155141089204966, 0.0807108334199087, 0.05736190715348752]"
seed7_control_control_3_cycle140.npz,7,control,control_3,140,2.9759297444077477,5.702526126536636,640,1,7192801,640,True,484.53445799532346,-66969.85892953536,8.179454162018374,8.179454162018374,1.0005607098094076,2.8898870191545436,2.894580270969863,"[5.9811951705337565, -0.9150949813983551, 0.6, -0.5820315447325402]","[4.492273705562834, 0.21224453024505197, 0.0807108334199087, 0.05736190715348752]"
seed7_control_control_3_cycle140.npz,7,control,control_3,140,2.9759297444077477,5.702526126536636,640,2,7192802,640,True,465.46249999664724,-66902.74810110433,13.55945356391021,13.55945356391021,1.0000025854565744,2.826476041220986,2.834268700825152,"[3.996999685336037, 0.7629712980295271, 0.6, -0.6]","[4.176267986404589, 0.5042275686249403, 0.0807108334199087, 0.05736190715348752]"
seed7_control_control_3_cycle140.npz,7,control,control_3,140,2.9759297444077477,5.702526126536636,640,3,7192803,640,True,441.7034590005642,-66971.44917050964,40.88993356032006,40.88993356032006,1.0,2.9314267312804243,2.9355870878287664,"[5.5544420207843626, -0.13649941282109135, 0.6, -0.5014699572666894]","[4.530950375517917, 0.2802107210037338, 0.0807108334199087, 0.05736190715348752]"
seed7_control_control_3_cycle140.npz,7,control,control_3,140,2.9759297444077477,5.702526126536636,640,4,7192804,640,True,452.5689590082038,-66878.95670568975,18.219131048652343,18.219131048652343,1.0000000244831913,2.9492320113024704,2.9540375380719763,"[4.7504146206919025, -0.39397218977290405, 0.46745442605950227, -0.49821894227058716]","[4.402292467011349, 0.157144522284211, 0.0807108334199087, 0.05736190715348752]"
seed7_control_control_3_cycle140.npz,7,control,control_3,140,2.9759297444077477,5.702526126536636,640,5,7192805,640,True,442.4725830031093,-67027.38348919831,110.13410822954029,110.13410822954029,1.0,2.9095046152908357,2.9160168855879074,"[5.115674634616776, 0.4400636024196536, 0.6, -0.5009700298974481]","[4.511870471188811, 0.4073552599419783, 0.0807108334199087, 0.05736190715348752]"
seed7_control_control_3_cycle140.npz,7,control,control_3,140,2.9759297444077477,5.702526126536636,640,6,7192806,640,True,446.5103750117123,-66953.94319720633,64.06954507260525,64.06954507260525,1.0,2.893621395193096,2.8997192303483574,"[5.466998926623038, -0.3941429220447739, 0.3688532939066832, -0.6]","[4.504777631813908, 0.23006771527833625, 0.0807108334199087, 0.05736190715348752]"
seed7_control_control_3_cycle140.npz,7,control,control_3,140,2.9759297444077477,5.702526126536636,640,7,7192807,640,True,443.9708749996498,-66973.06512855292,90.55462058274134,90.55462058274134,1.0,2.905416642041355,2.911271316258669,"[4.202571347638976, 0.10525269723368053, 0.6, -0.15992482691689125]","[4.237939485095471, 0.3069119883861864, 0.0807108334199087, 0.05736190715348752]"
seed7_control_control_3_cycle140.npz,7,control,control_3,140,2.9759297444077477,5.702526126536636,640,8,7192808,640,True,426.2365000031423,-66940.72344250658,22.452531663147965,22.452531663147965,1.000000000354829,2.9104461749950623,2.9157228653915674,"[4.22396072075855, 0.4726452671746311, 0.6, -0.5473909693147452]","[4.244356297031343, 0.4171297593684715, 0.0807108334199087, 0.05736190715348752]"
seed7_control_control_3_cycle140.npz,7,control,control_3,140,2.9759297444077477,5.702526126536636,640,9,7192809,640,True,447.30804199934937,-66947.35213205272,41.9251410842262,41.9251410842262,1.0,2.983520119506141,2.988890768722762,"[4.488421097290723, -0.527351809540805, 0.5725249079413754, -0.6]","[4.323694409990995, 0.11713063635384074, 0.0807108334199087, 0.05736190715348752]"
seed7_control_control_3_cycle140.npz,7,control,control_3,140,2.9759297444077477,5.702526126536636,640,10,7192810,640,True,447.3566660017241,-67005.68639611902,3.8722280414804118,3.8722280414804118,1.041605874642523,2.9886465976270142,2.988725252609965,"[4.454860427901898, -0.38358893448527515, 0.6, -0.4281305459970319]","[4.313626209174347, 0.16025949887049964, 0.0807108334199087, 0.05736190715348752]"
seed7_control_control_3_cycle140.npz,7,control,control_3,140,2.9759297444077477,5.702526126536636,640,11,7192811,640,True,451.4694590034196,-66874.2660838497,7.502588745788671,7.502588745788671,1.0011055866161525,2.9330864651768658,2.9379316623292184,"[4.698611186801228, -0.27292808658787315, 0.6, -0.3634344484890969]","[4.386751436844147, 0.19345775323972025, 0.0807108334199087, 0.05736190715348752]"
seed7_control_control_3_cycle140.npz,7,control,control_3,140,2.9759297444077477,5.702526126536636,640,12,7192812,640,True,442.77029199292883,-66885.83996762002,20.17871632508468,20.17871632508468,1.0000000034476635,2.931355669316016,2.9363499372685355,"[3.3852842262253535, 0.4871677025847459, 0.6, -0.4793272551018585]","[3.992753348671384, 0.42148648999150595, 0.0807108334199087, 0.05736190715348752]"
seed7_control_control_3_cycle140.npz,7,control,control_3,140,2.9759297444077477,5.702526126536636,640,13,7192813,640,True,438.5832909902092,-66956.91086989192,2.0912428193114465,2.0912428193114465,1.243356922203354,2.942959109690733,2.94498742115299,"[4.11664696173998, -0.2597150272150344, 0.6, -0.5730351331745107]","[4.212162169325772, 0.1974216710515719, 0.0807108334199087, 0.05736190715348752]"
seed7_control_control_3_cycle140.npz,7,control,control_3,140,2.9759297444077477,5.702526126536636,640,14,7192814,640,True,422.40495899750385,-67002.54348616034,57.58802957566513,57.58802957566513,1.0,2.967823840549347,2.9734118967775216,"[4.797688063205976, 0.03777277850326226, 0.6, -0.126760175903604]","[4.416474499765571, 0.2866680127670609, 0.0807108334199087, 0.05736190715348752]"
seed7_control_control_3_cycle140.npz,7,control,control_3,140,2.9759297444077477,5.702526126536636,640,15,7192815,640,True,424.73458299355116,-66900.91263830832,8.436695252676145,8.436695252676145,1.000507960417057,2.968251247922678,2.9730506638204455,"[4.370381948423006, -2.881091321771697, 0.5068269401173495, -0.3006880972680135]","[4.263835882057154, 0.09352965721954687, 0.0807108334199087, 0.05736190715348752]"
seed7_control_control_3_cycle140.npz,7,control,control_3,140,2.9759297444077477,5.702526126536636,640,16,7192816,640,True,429.57112500153016,-66889.62517595783,30.53575959605223,30.53575959605223,1.0000000000001097,2.8738420001231417,2.8782701592554525,"[4.248218987317062, 0.20644586249726343, 0.5191783769243591, -0.6]","[4.251633776998897, 0.3372699379652612, 0.0807108334199087, 0.05736190715348752]"
seed7_control_control_3_cycle140.npz,7,control,control_3,140,2.9759297444077477,5.702526126536636,640,17,7192817,640,True,429.19920799613465,-66963.0177027889,56.955062784050824,56.955062784050824,1.0,2.925386246575525,2.931522580298105,"[4.2422231783866104, -0.7675497475962973, 0.6, -0.23496156286400763]","[4.250287268642709, 0.09335055923848262, 0.0807108334199087, 0.05736190715348752]"
seed7_control_control_3_cycle140.npz,7,control,control_3,140,2.9759297444077477,5.702526126536636,640,18,7192818,640,True,438.5852499981411,-66943.57633075555,87.48602525172464,87.48602525172464,1.0,2.94623357871765,2.9494009726519748,"[4.606834000303302, 0.48375690867344584, 0.6, -0.44587318700059814]","[4.359218280894769, 0.42046325181811595, 0.0807108334199087, 0.05736190715348752]"
seed7_control_control_3_cycle140.npz,7,control,control_3,140,2.9759297444077477,5.702526126536636,640,19,7192819,640,True,445.9133750060573,-66915.36535527502,24.64708995303954,24.64708995303954,1.0000000000395564,2.9181864710338696,2.922562707055595,"[3.8605870414622014, -1.3125666412564112, 0.2764677927341768, -0.09022703313211955]","[4.185828162625223, 0.10097654519362675, 0.0807108334199087, 0.05736190715348752]"
seed7_control_control_4_cycle160.npz,7,control,control_4,160,4.586455346381816,12.570996790174437,80,0,7191600,80,True,62.424292002106085,-26215.983957372267,32.21683573012342,32.21683573012342,1.0000000000000204,3.7454770164179227,3.7454770164179227,"[-1.609405197332756, 2.083933102363509, -0.27177847720757375, -0.4442312107943477]","[3.2458133599480155, 1.039452211108222, -0.04164264954547103, -0.19335110350147716]"
seed7_control_control_4_cycle160.npz,7,control,control_4,160,4.586455346381816,12.570996790174437,80,1,7191601,80,True,59.1897499980405,-26349.155250458945,84.38253367022116,84.38253367022116,1.0,3.7454770164179227,3.7454770164179227,"[-1.834923057563478, 2.7342982257823856, 0.13603354681882301, -0.6]","[3.25397134559354, 1.069629878490504, 0.03835735045452898, -0.19335110350147716]"
seed7_control_control_4_cycle160.npz,7,control,control_4,160,4.586455346381816,12.570996790174437,80,2,7191602,80,True,60.405333002563566,-26423.849370707372,107.74512136843259,107.74512136843259,1.0,3.7454770164179227,3.7454770164179227,"[0.3483888053453217, 3.1433557694431795, -0.4724159984512071, -0.3790676667580999]","[3.290928396496968, 1.1449080387160522, -0.04164264954547103, -0.19335110350147716]"
seed7_control_control_4_cycle160.npz,7,control,control_4,160,4.586455346381816,12.570996790174437,80,3,7191603,80,True,60.44987500354182,-26470.337652472845,120.53368906923424,120.53368906923424,1.0,3.7454770164179227,3.7454770164179227,"[-1.6459244859011932, 2.6803012145918674, -0.3078719167094821, -0.2941605576444261]","[3.254098754273087, 1.0700184705718045, -0.04164264954547103, -0.18159393974436183]"
seed7_control_control_4_cycle160.npz,7,control,control_4,160,4.586455346381816,12.570996790174437,80,4,7191604,80,True,60.395667009288445,-26340.451444845166,9.186004373179458,9.186004373179458,1.0002049269050548,3.7454770164179227,3.7454770164179227,"[-0.7538655315824356, 4.044035789866741, -0.25450258223194955, -0.6]","[3.295017683579219, 1.1507773582585905, -0.04164264954547103, -0.19335110350147716]"
seed7_control_control_4_cycle160.npz,7,control,control_4,160,4.586455346381816,12.570996790174437,80,5,7191605,80,True,59.6792500000447,-26463.402735071613,153.1006147675398,153.1006147675398,1.0,3.7454770164179227,3.7454770164179227,"[-0.1420412970282514, 2.4429195522556615, 0.18085676175703197, -0.2935136745590379]","[3.2604068561835184, 1.0873902990517368, 0.03835735045452898, -0.18139987481874537]"
seed7_control_control_4_cycle160.npz,7,control,control_4,160,4.586455346381816,12.570996790174437,80,6,7191606,80,True,60.59391699091066,-26280.73589945137,9.180613433181861,9.180613433181861,1.0002060346368562,3.7454770164179227,3.7454770164179227,"[-1.2994042565437423, 1.7638872541166981, -0.03578663928541028, -0.46841356238854925]","[3.243000043748657, 1.0245526832130392, -0.0118858464674528, -0.19335110350147716]"
seed7_control_control_4_cycle160.npz,7,control,control_4,160,4.586455346381816,12.570996790174437,80,7,7191607,80,True,63.348791998578236,-26250.91722781207,27.298747287622973,27.298747287622973,1.0000000000027884,3.7454770164179227,3.7454770164179227,"[-1.7315616413834078, 2.690682121957391, -0.2577463062570903, -0.5782118041535075]","[3.253814925823673, 1.0691503390563089, -0.04164264954547103, -0.19335110350147716]"
seed7_control_control_4_cycle160.npz,7,control,control_4,160,4.586455346381816,12.570996790174437,80,8,7191608,80,True,62.9514169995673,-26344.769754415807,146.92387638441505,146.92387638441505,1.0,3.7454770164179227,3.7454770164179227,"[-0.42090782410042127, 1.9725636861731524, -0.40190823009209053, -0.6]","[3.2481683250526627, 1.04954755325972, -0.04164264954547103, -0.19335110350147716]"
seed7_control_control_4_cycle160.npz,7,control,control_4,160,4.586455346381816,12.570996790174437,80,9,7191609,80,True,62.17595899943262,-26402.454172532274,83.6386719458933,83.6386719458933,1.0,3.7454770164179227,3.7454770164179227,"[-1.8757936335352494, 3.4302463567394876, -0.1223836709922764, -0.48282323601543575]","[3.265852549751678, 1.1001881672796632, -0.03786495597951263, -0.19335110350147716]"
seed7_control_control_4_cycle160.npz,7,control,control_4,160,4.586455346381816,12.570996790174437,80,10,7191610,80,True,63.21037501038518,-26424.935050219585,120.57521904730675,120.57521904730675,1.0,3.7454770164179227,3.7454770164179227,"[-0.1101573309113868, 3.0664965743618517, 0.09079464588869242, -0.45267182085041674]","[3.2787796543999104, 1.1254602820965374, 0.026088539084778012, -0.19335110350147716]"
seed7_control_control_4_cycle160.npz,7,control,control_4,160,4.586455346381816,12.570996790174437,80,11,7191611,80,True,63.371042007929645,-26412.16197307608,89.32196790021408,89.32196790021408,1.0,3.7454770164179227,3.7454770164179227,"[0.2852817524349065, 1.7003638856467738, 0.020984795693368214, -0.4269597682593509]","[3.2462652332516697, 1.0415173082964495, 0.0051455840261807485, -0.19335110350147716]"
seed7_control_control_4_cycle160.npz,7,control,control_4,160,4.586455346381816,12.570996790174437,80,12,7191612,80,True,60.43741700705141,-26279.935499145675,21.275028376890987,21.275028376890987,1.0000000011518675,3.7454770164179227,3.7454770164179227,"[-1.1595524162689794, 3.3799452672285923, -0.2988826415781116, -0.6]","[3.2720204120648706, 1.1129838312323797, -0.04164264954547103, -0.19335110350147716]"
seed7_control_control_4_cycle160.npz,7,control,control_4,160,4.586455346381816,12.570996790174437,80,13,7191613,80,True,60.56712499412242,-26403.758335209386,120.48562829460934,120.48562829460934,1.0,3.7454770164179227,3.7454770164179227,"[0.36524020673133895, 2.046417193187582, -0.039658842665692765, -0.34223567985402603]","[3.2548254767213014, 1.0722015941849607, -0.013047507481537544, -0.19335110350147716]"
seed7_control_control_4_cycle160.npz,7,control,control_4,160,4.586455346381816,12.570996790174437,80,14,7191614,80,True,61.90924999827985,-26241.245868871483,11.724370205614832,11.724370205614832,1.000016188280149,3.7454770164179227,3.7454770164179227,"[-0.7668295608043563, 1.86535081862709, 0.6, -0.3101218503686645]","[3.2452998484728255, 1.037016056666003, 0.03835735045452898, -0.18638232756163337]"
seed7_control_control_4_cycle160.npz,7,control,control_4,160,4.586455346381816,12.570996790174437,80,15,7191615,80,True,62.25070799700916,-26336.405490881913,41.132160787496105,41.132160787496105,1.0,3.7454770164179227,3.7454770164179227,"[-0.3888644937921425, 2.5630286248421843, -0.3547180217260911, -0.4996717358009869]","[3.2609402236012843, 1.0887198374587779, -0.04164264954547103, -0.19335110350147716]"
seed7_control_control_4_cycle160.npz,7,control,control_4,160,4.586455346381816,12.570996790174437,80,16,7191616,80,True,60.308375002932735,-26360.168449908848,80.2446660431815,80.2446660431815,1.0,3.7454770164179227,3.7454770164179227,"[-0.6224738574107269, 3.28891092025294, -0.2283918963880883, -0.3394202358365338]","[3.276871477770303, 1.1220781469317749, -0.04164264954547103, -0.19335110350147716]"
seed7_control_control_4_cycle160.npz,7,control,control_4,160,4.586455346381816,12.570996790174437,80,17,7191617,80,True,60.96750000142492,-26391.31968604586,52.85978687563693,52.85978687563693,1.0,3.7454770164179227,3.7454770164179227,"[-0.5715401942335192, 2.5559297580068607, 0.10080025741075134, -0.6]","[3.259066879695385, 1.0839659997959217, 0.029090222541395688, -0.19335110350147716]"
seed7_control_control_4_cycle160.npz,7,control,control_4,160,4.586455346381816,12.570996790174437,80,18,7191618,80,True,61.81895799818449,-26388.77902076008,27.87913959384241,27.87913959384241,1.0000000000015605,3.7454770164179227,3.7454770164179227,"[-1.6533521703508687, 3.147919186502256, -0.3688924335978293, -0.5122297972846249]","[3.2623328065442325, 1.092107619757574, -0.04164264954547103, -0.19335110350147716]"
seed7_control_control_4_cycle160.npz,7,control,control_4,160,4.586455346381816,12.570996790174437,80,19,7191619,80,True,60.57516600412782,-26424.566676750277,145.61610844699317,145.61610844699317,1.0,3.7454770164179227,3.7454770164179227,"[-0.43488574943293834, 2.5225187689276054, -0.07139984494564873, -0.3900015294035518]","[3.2595192572268274, 1.0851359465361343, -0.022569808165524334, -0.19335110350147716]"
seed7_control_control_4_cycle160.npz,7,control,control_4,160,4.586455346381816,12.570996790174437,160,0,7193200,160,True,105.8329590014182,-26331.601065957093,4.730239232285385,4.730239232285385,1.017647410183754,3.7454770164179227,3.7454770164179227,"[-1.982205989374459, 1.5232323611190877, 0.31538136715776754, 0.13374905354807898]","[3.2405643675223867, 1.0059277303699794, 0.03835735045452898, -0.07335110350147717]"
seed7_control_control_4_cycle160.npz,7,control,control_4,160,4.586455346381816,12.570996790174437,160,1,7193201,160,True,105.01225000189152,-26321.55478292513,68.31566953836227,68.31566953836227,1.0,3.7454770164179227,3.7454770164179227,"[-0.9694328102395119, 2.475612164634461, -0.4170041209872133, -0.39944084862025675]","[3.254430589256406, 1.0710222637397886, -0.04164264954547103, -0.19335110350147716]"
seed7_control_control_4_cycle160.npz,7,control,control_4,160,4.586455346381816,12.570996790174437,160,2,7193202,160,True,105.20516599353869,-26358.134584965526,56.65684262613286,56.65684262613286,1.0,3.7454770164179227,3.7454770164179227,"[0.21198464253348281, 2.579465087424284, 0.07654222722350501, -0.6]","[3.2688399027638813, 1.1065792766121791, 0.021812813485221787, -0.19335110350147716]"
seed7_control_control_4_cycle160.npz,7,control,control_4,160,4.586455346381816,12.570996790174437,160,3,7193203,160,True,104.95258400624152,-26365.786954661642,22.34721605955201,22.34721605955201,1.0000000003972986,3.7454770164179227,3.7454770164179227,"[-0.9065155512005034, 3.4919974800042684, -0.178894648161952, -0.6]","[3.278007628153048, 1.124104203518308, -0.04164264954547103, -0.19335110350147716]"
seed7_control_control_4_cycle160.npz,7,control,control_4,160,4.586455346381816,12.570996790174437,160,4,7193204,160,True,105.26791700976901,-26396.407510383495,71.80134166078642,71.80134166078642,1.0,3.7454770164179227,3.7454770164179227,"[-1.38717717055753, 1.328209169604464, -0.0478249509031788, -0.42289419072528434]","[3.2398658108613945, 0.9977305815426614, -0.015497339952783355, -0.19335110350147716]"
seed7_control_control_4_cycle160.npz,7,control,control_4,160,4.586455346381816,12.570996790174437,160,5,7193205,160,True,104.78641701047309,-26386.134034333725,45.429675237410265,45.429675237410265,1.0,3.7454770164179227,3.7454770164179227,"[-0.7046524235096443, 3.526536543000442, -0.4019513648415427, -0.43724243462344514]","[3.2819606374108514, 1.1308816033720988, -0.04164264954547103, -0.19335110350147716]"
seed7_control_control_4_cycle160.npz,7,control,control_4,160,4.586455346381816,12.570996790174437,160,6,7193206,160,True,108.00487500091549,-26469.320480372146,113.62842371296938,113.62842371296938,1.0,3.7454770164179227,3.7454770164179227,"[-2.1046495400889205, 3.2583747449047586, 0.0011448058848975325, -0.6]","[3.2609790676019945, 1.0888159519993688, -0.0008064129163604557, -0.19335110350147716]"
seed7_control_control_4_cycle160.npz,7,control,control_4,160,4.586455346381816,12.570996790174437,160,7,7193207,160,True,110.40316699654795,-26422.160336465735,3.301593417989352,3.301593417989352,1.073549152225547,3.7454770164179227,3.7454770164179227,"[-1.5665187881127787, 1.6180756136572685, -0.6, -0.6]","[3.2414454586184647, 1.013770213111395, -0.04164264954547103, -0.19335110350147716]"
seed7_control_control_4_cycle160.npz,7,control,control_4,160,4.586455346381816,12.570996790174437,160,8,7193208,160,True,109.42645800241735,-26443.104819998975,62.12986152194571,62.12986152194571,1.0,3.7454770164179227,3.7454770164179227,"[-0.22416072568634204, 2.920091252019534, -0.02227223087240826, -0.6]","[3.2725578556204606, 1.1140293957451828, -0.007831523943552195, -0.19335110350147716]"
seed7_control_control_4_cycle160.npz,7,control,control_4,160,4.586455346381816,12.570996790174437,160,9,7193209,160,True,109.64329198759515,-26450.090128656342,65.38838646052318,65.38838646052318,1.0,3.7454770164179227,3.7454770164179227,"[-0.34324756161333003, 3.565651835577297, -0.5251903191979811, -0.6]","[3.2895198925267075, 1.1428152622678627, -0.04164264954547103, -0.19335110350147716]"
seed7_control_control_4_cycle160.npz,7,control,control_4,160,4.586455346381816,12.570996790174437,160,10,7193210,160,True,108.51874999934807,-26432.706140492777,75.87547784303024,75.87547784303024,1.0,3.7454770164179227,3.7454770164179227,"[-1.4491282115574087, 3.8274147383983466, -0.505847712019117, -0.6]","[3.2786449546023118, 1.125224857342647, -0.04164264954547103, -0.19335110350147716]"
seed7_control_control_4_cycle160.npz,7,control,control_4,160,4.586455346381816,12.570996790174437,160,11,7193211,160,True,113.58795801061206,-26395.517760351835,51.774972278853966,51.774972278853966,1.0,3.7454770164179227,3.7454770164179227,"[-0.942788346494095, 3.7482729220703512, -0.16026123132750184, -0.6]","[3.283958034237315, 1.1341578336101625, -0.04164264954547103, -0.19335110350147716]"
seed7_control_control_4_cycle160.npz,7,control,control_4,160,4.586455346381816,12.570996790174437,160,12,7193212,160,True,117.21404200943653,-26390.36495939483,49.63063031291313,49.63063031291313,1.0,3.7454770164179227,3.7454770164179227,"[-1.1811438027742565, 3.519867118683997, 0.20225557041303796, -0.25525495910318613]","[3.275005129248397, 1.1186676794365804, 0.03835735045452898, -0.16992226018198986]"
seed7_control_control_4_cycle160.npz,7,control,control_4,160,4.586455346381816,12.570996790174437,160,13,7193213,160,True,116.05020899150986,-26370.84532958521,3.652295040923491,3.652295040923491,1.0518282412982334,3.7454770164179227,3.7454770164179227,"[-0.8255879322831357, 3.646147546303144, 0.049290672404122375, -0.5939079218178469]","[3.283183654756117, 1.1328988216413085, 0.013637347039406996, -0.19335110350147716]"
seed7_control_control_4_cycle160.npz,7,control,control_4,160,4.586455346381816,12.570996790174437,160,14,7193214,160,True,117.21754200698342,-26376.527647262734,65.64528744878407,65.64528744878407,1.0,3.7454770164179227,3.7454770164179227,"[-1.0867301378582725, 3.3588762112373995, -0.14963060714022902, -0.18025161159448183]","[3.272399735090311, 1.113722826250975, -0.04164264954547103, -0.14742125592937858]"
seed7_control_control_4_cycle160.npz,7,control,control_4,160,4.586455346381816,12.570996790174437,160,15,7193215,160,True,115.73337500158232,-26415.820612739844,28.778555184748257,28.778555184748257,1.000000000000635,3.7454770164179227,3.7454770164179227,"[-2.302580510479713, 2.140245148128143, -0.19577933104697898, -0.43832590836740726]","[3.244886311490268, 1.0349773762900418, -0.04164264954547103, -0.19335110350147716]"
seed7_control_control_4_cycle160.npz,7,control,control_4,160,4.586455346381816,12.570996790174437,160,16,7193216,160,True,110.24966699187644,-26336.903032366754,51.12319212620059,51.12319212620059,1.0,3.7454770164179227,3.7454770164179227,"[-0.8157142764377344, 2.4158101198503745, -0.2107203340154417, -0.6]","[3.254260953125169, 1.0705106015381713, -0.04164264954547103, -0.19335110350147716]"
seed7_control_control_4_cycle160.npz,7,control,control_4,160,4.586455346381816,12.570996790174437,160,17,7193217,160,True,110.51216699706856,-26403.50386484044,4.567153905310988,4.567153905310988,1.0207727215133908,3.7454770164179227,3.7454770164179227,"[-1.8860648373048474, 2.5669993581989954, -0.18706672534990773, -0.6]","[3.251222215104769, 1.0607638865025157, -0.04164264954547103, -0.19335110350147716]"
seed7_control_control_4_cycle160.npz,7,control,control_4,160,4.586455346381816,12.570996790174437,160,18,7193218,160,True,110.21612500189804,-26438.33991755382,96.53240131349594,96.53240131349594,1.0,3.7454770164179227,3.7454770164179227,"[-2.7310395857138836, 2.151016778252331, -0.17608309731143024, -0.38625460594059435]","[3.244233421269204, 1.0315994847247698, -0.04164264954547103, -0.19335110350147716]"
seed7_control_control_4_cycle160.npz,7,control,control_4,160,4.586455346381816,12.570996790174437,160,19,7193219,160,True,110.06083298707381,-26371.045886290733,8.292986549527996,8.292986549527996,1.000500531806435,3.7454770164179227,3.7454770164179227,"[-1.81815973811913, 2.6590104549796805, -0.1566622653391041, -0.1699055806043394]","[3.252889241368378, 1.0662545327210784, -0.04164264954547103, -0.14431744663233584]"
seed7_control_control_4_cycle160.npz,7,control,control_4,160,4.586455346381816,12.570996790174437,320,0,7196400,320,True,211.73745900159702,-26475.574069192637,16.10714165479294,16.10714165479294,1.0000002022028425,3.7454770164179227,3.7454770164179227,"[-0.6291701578350067, 2.6888634387157073, -0.33946297026907546, -0.41289743850900795]","[3.2616101260288923, 1.0903642210505577, -0.04164264954547103, -0.19335110350147716]"
seed7_control_control_4_cycle160.npz,7,control,control_4,160,4.586455346381816,12.570996790174437,320,1,7196401,320,True,209.69908400729764,-26478.671072586996,60.4730773318588,60.4730773318588,1.0,3.7454770164179227,3.7454770164179227,"[-0.32604122896591936, 3.88897492400055, -0.1767825742219267, -0.6]","[3.299513517654445, 1.1569033945260467, -0.04164264954547103, -0.19335110350147716]"
seed7_control_control_4_cycle160.npz,7,control,control_4,160,4.586455346381816,12.570996790174437,320,2,7196402,320,True,209.58075000089593,-26453.09361629943,4.332439954687288,4.332439954687288,1.026266384862168,3.7454770164179227,3.7454770164179227,"[-2.6023721730537597, 2.8877697706853667, -0.20479770391043667, -0.41677930438335564]","[3.252656165369379, 1.0655090675453749, -0.04164264954547103, -0.19335110350147716]"
seed7_control_control_4_cycle160.npz,7,control,control_4,160,4.586455346381816,12.570996790174437,320,3,7196403,320,True,209.20929199201055,-26437.72684142029,42.193468486930215,42.193468486930215,1.0,3.7454770164179227,3.7454770164179227,"[-0.7081600960119201, 3.84469377665647, 0.3621398975869785, -0.5178962112852382]","[3.2904878292731903, 1.1442575108248834, 0.03835735045452898, -0.19335110350147716]"
seed7_control_control_4_cycle160.npz,7,control,control_4,160,4.586455346381816,12.570996790174437,320,4,7196404,320,True,216.01987500616815,-26468.72539911522,60.07945463753276,60.07945463753276,1.0,3.7454770164179227,3.7454770164179227,"[-0.2052326681850315, 3.758998486525118, -0.03260957853108286, -0.4766217056196713]","[3.2983152783627676, 1.155302212624969, -0.010932728241154573, -0.19335110350147716]"
seed7_control_control_4_cycle160.npz,7,control,control_4,160,4.586455346381816,12.570996790174437,320,5,7196405,320,True,239.02366700349376,-26393.616983661625,1.7304298096969433,1.7304298096969433,1.5264349625952407,3.7454770164179227,3.7454770164179227,"[-0.15953738653448357, 3.5310180925501085, -0.15460201647159816, -0.49693348913884555]","[3.292260570482261, 1.1468530613607717, -0.04164264954547103, -0.19335110350147716]"
seed7_control_control_4_cycle160.npz,7,control,control_4,160,4.586455346381816,12.570996790174437,320,6,7196406,320,True,231.6165839874884,-26421.959600510992,13.757159229131503,13.757159229131503,1.0000021201747389,3.7454770164179227,3.7454770164179227,"[-2.0259492050505967, 3.0475746071208913, -0.44104819698818243, -0.17142186386109554]","[3.2579452231295987, 1.0810003115010929, -0.04164264954547103, -0.14477233160936268]"
seed7_control_control_4_cycle160.npz,7,control,control_4,160,4.586455346381816,12.570996790174437,320,7,7196407,320,True,222.46912500122562,-26398.722867750697,17.366016212552495,17.366016212552495,1.0000000578821102,3.7454770164179227,3.7454770164179227,"[-0.33850388767222905, 3.5462738781589787, -0.14274392618659654, -0.4428651533328316]","[3.2890382592047485, 1.1420908348108663, -0.04164264954547103, -0.19335110350147716]"
seed7_control_control_4_cycle160.npz,7,control,control_4,160,4.586455346381816,12.570996790174437,320,8,7196408,320,True,220.98237500176765,-26370.718972933206,32.536935238851584,32.536935238851584,1.0000000000000147,3.7454770164179227,3.7454770164179227,"[-1.908549870536068, 3.284566454105758, 0.13255252553567284, -0.6]","[3.262875844090301, 1.0933976235668839, 0.03835735045452898, -0.19335110350147716]"
seed7_control_control_4_cycle160.npz,7,control,control_4,160,4.586455346381816,12.570996790174437,320,9,7196409,320,True,224.42629099532496,-26403.61604958236,29.152631658864266,29.152631658864266,1.0000000000004365,3.7454770164179227,3.7454770164179227,"[-1.3351835347388854, 2.3023513133144693, -0.09415293083177396, -0.6]","[3.2496238260661086, 1.0551076391670882, -0.029395733931361905, -0.19335110350147716]"
seed7_control_control_4_cycle160.npz,7,control,control_4,160,4.586455346381816,12.570996790174437,320,10,7196410,320,True,223.3031670039054,-26431.237511717933,21.847073673936393,21.847073673936393,1.0000000006500795,3.7454770164179227,3.7454770164179227,"[-1.02410187728484, 3.9590824623500698, -0.4313382101402714, -0.6]","[3.2879897174290473, 1.1404977733283406, -0.04164264954547103, -0.19335110350147716]"
seed7_control_control_4_cycle160.npz,7,control,control_4,160,4.586455346381816,12.570996790174437,320,11,7196411,320,True,215.87825000460725,-26385.552103260074,19.268153900320613,19.268153900320613,1.000000008569926,3.7454770164179227,3.7454770164179227,"[-0.0005463938416736536, 1.5900907227161762, 0.3319698767514002, -0.32606794425067553]","[3.243513844824007, 1.027609734963252, 0.03835735045452898, -0.1911661557262367]"
seed7_control_control_4_cycle160.npz,7,control,control_4,160,4.586455346381816,12.570996790174437,320,12,7196412,320,True,208.85774999624118,-26405.546681570904,36.749301483792806,36.749301483792806,1.0,3.7454770164179227,3.7454770164179227,"[-2.165384538194705, 1.435568877648501, -0.10401961097529172, -0.6]","[3.240070870005221, 1.0004301474024064, -0.03235573797441723, -0.19335110350147716]"
seed7_control_control_4_cycle160.npz,7,control,control_4,160,4.586455346381816,12.570996790174437,320,13,7196413,320,True,212.33016699261498,-26374.124022435506,3.3163960443926044,3.3163960443926044,1.0724713128506325,3.7454770164179227,3.7454770164179227,"[-0.3051443294620375, 3.7630689139473104, -0.15922554918847714, 0.04752728678531948]","[3.296209326383952, 1.1524330378513359, -0.04164264954547103, -0.07908758641543817]"
seed7_control_control_4_cycle160.npz,7,control,control_4,160,4.586455346381816,12.570996790174437,320,14,7196414,320,True,217.95241699146573,-26437.908032342297,19.17335476880544,19.17335476880544,1.0000000094221022,3.7454770164179227,3.7454770164179227,"[-1.665700516589156, 1.7834489771763298, 0.18053800585506308, -0.2780049959395498]","[3.242646607843377, 1.0223285903523676, 0.03835735045452898, -0.17674727123289896]"
seed7_control_control_4_cycle160.npz,7,control,control_4,160,4.586455346381816,12.570996790174437,320,15,7196415,320,True,217.92091699899174,-26393.253314901907,9.355059389963571,9.355059389963571,1.0001730530840942,3.7454770164179227,3.7454770164179227,"[0.015302894084573415, 2.9880811089937245, 0.04085517070965636, -0.6]","[3.2785708216630733, 1.1250950787280465, 0.011106696531067193, -0.19335110350147716]"
seed7_control_control_4_cycle160.npz,7,control,control_4,160,4.586455346381816,12.570996790174437,320,16,7196416,320,True,216.13833399896976,-26375.560521026546,5.967828362114233,5.967828362114233,1.0051195551212855,3.7454770164179227,3.7454770164179227,"[-0.28535362642062856, 2.295063862736117, -0.3551953528817423, -0.6]","[3.255489981720889, 1.0741504410273597, -0.04164264954547103, -0.19335110350147716]"
seed7_control_control_4_cycle160.npz,7,control,control_4,160,4.586455346381816,12.570996790174437,320,17,7196417,320,True,212.22062499145977,-26413.748259136002,9.50812510905962,9.50812510905962,1.0001485000166377,3.7454770164179227,3.7454770164179227,"[-1.6138815244736477, 2.3085547203416956, -0.12177242024219159, -0.15078999921492559]","[3.248653013546, 1.0514479583020615, -0.03768158075448719, -0.13858277221551168]"
seed7_control_control_4_cycle160.npz,7,control,control_4,160,4.586455346381816,12.570996790174437,320,18,7196418,320,True,212.35750000050757,-26485.222682043357,62.362220770461136,62.362220770461136,1.0,3.7454770164179227,3.7454770164179227,"[-1.8234276251206414, 3.063700698800534, -0.2485945703995928, -0.20673653472209946]","[3.2595358501142444, 1.0851785844575939, -0.04164264954547103, -0.15536673286766386]"
seed7_control_control_4_cycle160.npz,7,control,control_4,160,4.586455346381816,12.570996790174437,320,19,7196419,320,True,213.31966698926408,-26353.796757430555,14.114296658921376,14.114296658921376,1.0000014849988388,3.7454770164179227,3.7454770164179227,"[-2.127461747774851, 2.621014814233332, -0.17412260654446554, -0.11845068184326013]","[3.250993198528448, 1.0599788226118474, -0.04164264954547103, -0.12888097700401205]"
seed7_control_control_4_cycle160.npz,7,control,control_4,160,4.586455346381816,12.570996790174437,640,0,7202800,640,True,434.7798750095535,-26460.613986859156,52.92992264878194,52.92992264878194,1.0,3.7454770164179227,3.7454770164179227,"[-0.8896851655995613, 3.5473950105731524, -0.09674772978567346, -0.6]","[3.2796536790608135, 1.1269760125815125, -0.03017417361753175, -0.19335110350147716]"
seed7_control_control_4_cycle160.npz,7,control,control_4,160,4.586455346381816,12.570996790174437,640,1,7202801,640,True,449.74558299873024,-26468.546507470717,25.12252580071072,25.12252580071072,1.0000000000259934,3.7454770164179227,3.7454770164179227,"[-1.5242155207615264, 3.1468325171112888, 0.4234486563641714, -0.6]","[3.2633695012179134, 1.0945559416885966, 0.03835735045452898, -0.19335110350147716]"
seed7_control_control_4_cycle160.npz,7,control,control_4,160,4.586455346381816,12.570996790174437,640,2,7202802,640,True,450.953915991704,-26511.4682389781,30.33820592189295,30.33820592189295,1.0000000000001332,3.7454770164179227,3.7454770164179227,"[-1.7153260301290183, 3.5237674829849963, -0.18853190274363027, -0.07334060136223175]","[3.2691554134395355, 1.1072320750166285, -0.04164264954547103, -0.11534795285970353]"
seed7_control_control_4_cycle160.npz,7,control,control_4,160,4.586455346381816,12.570996790174437,640,3,7202803,640,True,445.66070901055355,-26483.134994222062,42.63707671867087,42.63707671867087,1.0,3.7454770164179227,3.7454770164179227,"[-2.386027719616692, 4.032282454670591, 0.47353102500791155, -0.6]","[3.2724768560862794, 1.1138724591703673, 0.03835735045452898, -0.19335110350147716]"
seed7_control_control_4_cycle160.npz,7,control,control_4,160,4.586455346381816,12.570996790174437,640,4,7202804,640,True,434.74312499165535,-26494.96910086975,58.03784722153068,58.03784722153068,1.0,3.7454770164179227,3.7454770164179227,"[-0.9814012191185887, 3.344650378232754, -0.15634796219144298, -0.4512187470152953]","[3.273363953398267, 1.1155790016459683, -0.04164264954547103, -0.19335110350147716]"
seed7_control_control_4_cycle160.npz,7,control,control_4,160,4.586455346381816,12.570996790174437,640,5,7202805,640,True,435.54387500626035,-26427.93337129638,43.514212803605915,43.514212803605915,1.0,3.7454770164179227,3.7454770164179227,"[-0.5425219702922606, 2.339077628913853, -0.4513911887570745, -0.4789359655366171]","[3.254544124740715, 1.0713630047561948, -0.04164264954547103, -0.19335110350147716]"
seed7_control_control_4_cycle160.npz,7,control,control_4,160,4.586455346381816,12.570996790174437,640,6,7202806,640,True,439.14629200298805,-26498.90987999215,69.65307060944542,69.65307060944542,1.0,3.7454770164179227,3.7454770164179227,"[-0.8367701952354342, 2.7741684648474467, -0.1373059857178296, -0.5730883986535282]","[3.261610438934893, 1.090364982667287, -0.04164264954547103, -0.19335110350147716]"
seed7_control_control_4_cycle160.npz,7,control,control_4,160,4.586455346381816,12.570996790174437,640,7,7202807,640,True,463.56200000445824,-26438.562507267085,1.3056676825071918,1.3056676825071918,1.5049055923515342,3.7454770164179227,3.7454770164179227,"[-0.8153642940259804, 4.576746513945869, 0.3831131887397843, -0.26290875278368286]","[3.307898962109001, 1.1675240593051872, 0.03835735045452898, -0.17221839828613889]"
seed7_control_control_4_cycle160.npz,7,control,control_4,160,4.586455346381816,12.570996790174437,640,8,7202808,640,True,466.4773749973392,-26444.027711209204,3.6164525886379124,3.6164525886379124,1.0537169026484623,3.7454770164179227,3.7454770164179227,"[-0.5282097136549435, 3.4461515107939364, 0.3825089273130694, -0.6]","[3.2826771599227498, 1.1320677557673962, 0.03835735045452898, -0.19335110350147716]"
seed7_control_control_4_cycle160.npz,7,control,control_4,160,4.586455346381816,12.570996790174437,640,9,7202809,640,True,447.4837919988204,-26431.952051703374,10.831102282703796,10.831102282703796,1.0000395495951035,3.7454770164179227,3.7454770164179227,"[-1.442963999185829, 4.213107442000845, -0.44461784666149806, -0.6]","[3.287533664487208, 1.1397979423535671, -0.04164264954547103, -0.19335110350147716]"
seed7_control_control_4_cycle160.npz,7,control,control_4,160,4.586455346381816,12.570996790174437,640,10,7202810,640,True,428.34783300349955,-26386.375539623346,4.2774448352865875,4.2774448352865875,1.027750810356163,3.7454770164179227,3.7454770164179227,"[-0.7432231274666329, 2.551372571393779, -0.23515549083066248, -0.2648863224061469]","[3.2575433792932054, 1.0799142085006055, -0.04164264954547103, -0.17281166917287807]"
seed7_control_control_4_cycle160.npz,7,control,control_4,160,4.586455346381816,12.570996790174437,640,11,7202811,640,True,446.1642079986632,-26501.558266936143,61.26771354674929,61.26771354674929,1.0,3.7454770164179227,3.7454770164179227,"[-1.410197446886702, 3.6182612953867843, 0.20785307763911032, -0.6]","[3.2744482043750995, 1.117629259174543, 0.03835735045452898, -0.19335110350147716]"
seed7_control_control_4_cycle160.npz,7,control,control_4,160,4.586455346381816,12.570996790174437,640,12,7202812,640,True,485.78408401226625,-26484.68316462753,16.32690014709806,16.32690014709806,1.0000001623107766,3.7454770164179227,3.7454770164179227,"[-1.47922361336433, 3.0976212666388414, -0.6, -0.6]","[3.262776319501275, 1.0931624548182006, -0.04164264954547103, -0.19335110350147716]"
seed7_control_control_4_cycle160.npz,7,control,control_4,160,4.586455346381816,12.570996790174437,640,13,7202813,640,True,539.0803749905899,-26475.472996934917,64.65512822673918,64.65512822673918,1.0,3.7454770164179227,3.7454770164179227,"[-0.8079574148933253, 3.9389366521345943, -0.6, -0.6]","[3.2912001240438604, 1.145307441523114, -0.04164264954547103, -0.19335110350147716]"
seed7_control_control_4_cycle160.npz,7,control,control_4,160,4.586455346381816,12.570996790174437,640,14,7202814,640,True,537.5470419967314,-26474.050572807882,18.211365241437306,18.211365241437306,1.000000024666763,3.7454770164179227,3.7454770164179227,"[-2.2170405264115667, 3.7846172292404026, -0.32769963809930924, -0.23997357769096211]","[3.2694800882905026, 1.1078996621633372, -0.04164264954547103, -0.16533784575832264]"
seed7_control_control_4_cycle160.npz,7,control,control_4,160,4.586455346381816,12.570996790174437,640,15,7202815,640,True,549.4048330001533,-26437.685037328603,53.393629860540386,53.393629860540386,1.0,3.7454770164179227,3.7454770164179227,"[-0.978940832711342, 2.3961379260001725, -0.11608794798483982, -0.6]","[3.2529022128657714, 1.0662958212230436, -0.03597623907728166, -0.19335110350147716]"
seed7_control_control_4_cycle160.npz,7,control,control_4,160,4.586455346381816,12.570996790174437,640,16,7202816,640,True,493.2152919936925,-26432.034389324952,24.28707394142839,24.28707394142839,1.0000000000595821,3.7454770164179227,3.7454770164179227,"[-0.9247631180590563, 3.073818935157994, -0.36886367311341595, -0.2683504234487215]","[3.267583394907928, 1.103938661151311, -0.04164264954547103, -0.17385089948565047]"
seed7_control_control_4_cycle160.npz,7,control,control_4,160,4.586455346381816,12.570996790174437,640,17,7202817,640,True,450.2086670108838,-26455.717671512342,11.778640422893659,11.778640422893659,1.00001533315252,3.7454770164179227,3.7454770164179227,"[0.12655694786165395, 2.58067447281376, -0.19325170123546997, 0.15260123665069913]","[3.2676092731633055, 1.1039937213701898, -0.04164264954547103, -0.07335110350147717]"
seed7_control_control_4_cycle160.npz,7,control,control_4,160,4.586455346381816,12.570996790174437,640,18,7202818,640,True,430.9355000004871,-26476.16472468157,30.7605197904777,30.7605197904777,1.0000000000000875,3.7454770164179227,3.7454770164179227,"[-0.873499739273723, 3.8392336806555543, -0.026120316780201353, -0.6]","[3.2874319828047343, 1.1396413252638906, -0.008985949715890122, -0.19335110350147716]"
seed7_control_control_4_cycle160.npz,7,control,control_4,160,4.586455346381816,12.570996790174437,640,19,7202819,640,True,441.9672090007225,-26418.295509740605,25.85867376490569,25.85867376490569,1.000000000011792,3.7454770164179227,3.7454770164179227,"[-0.794903873458374, 2.488332382668339, -0.11088862615573783, -0.6]","[3.2558457410404955, 1.0751761732853098, -0.034416442528551056, -0.19335110350147716]"
